{
  "meta": {
    "data_version": 0.9,
    "created": "2011-05-06",
    "revision": 3
  },
  "info": {
    "city": "Delhi",
    "competition": "IPL",
    "dates": [
      "2008-04-19"
    ],
    "gender": "male",
    "match_type": "T20",
    "outcome": {
      "winner": "Delhi Daredevils",
      "by": {
        "wickets": 9
      }
    },
    "overs": 20,
    "player_of_match": [
      "MF Maharoof"
    ],
    "teams": [
      "Delhi Daredevils",
      "Rajasthan Royals"
    ],
    "toss": {
      "decision": "bat",
      "winner": "Rajasthan Royals"
    },
    "umpires": [
      "Aleem Dar",
      "GA Pratapkumar"
    ],
    "venue": "Feroz Shah Kotla"
  },
  "innings": [
    {
      "1st innings": {
        "team": "Rajasthan Royals",
        "deliveries": [
          {
            "0.1": {
              "non_striker": "YK Pathan",
              "bowler": "GD McGrath",
              "runs": {
                "extras": 0,
                "total": 0,
                "batsman": 0
              },
              "batsman": "T Kohli"
            }
          },
          {
            "0.2": {
              "non_striker": "YK Pathan",
              "bowler": "GD McGrath",
              "runs": {
                "extras": 0,
                "total": 0,
                "batsman": 0
              },
              "batsman": "T Kohli"
            }
          },
          {
            "0.3": {
              "non_striker": "YK Pathan",
              "bowler": "GD McGrath",
              "runs": {
                "extras": 0,
                "total": 0,
                "batsman": 0
              },
              "batsman": "T Kohli"
            }
          },
          {
            "0.4": {
              "non_striker": "YK Pathan",
              "bowler": "GD McGrath",
              "runs": {
                "extras": 1,
                "total": 1,
                "batsman": 0
              },
              "extras": {
                "wides": 1
              },
              "batsman": "T Kohli"
            }
          },
          {
            "0.5": {
              "non_striker": "YK Pathan",
              "bowler": "GD McGrath",
              "runs": {
                "extras": 0,
                "total": 0,
                "batsman": 0
              },
              "batsman": "T Kohli"
            }
          },
          {
            "0.6": {
              "non_striker": "YK Pathan",
              "bowler": "GD McGrath",
              "runs": {
                "extras": 0,
                "total": 0,
                "batsman": 0
              },
              "batsman": "T Kohli"
            }
          },
          {
            "0.7": {
              "non_striker": "YK Pathan",
              "bowler": "GD McGrath",
              "runs": {
                "extras": 0,
                "total": 6,
                "batsman": 6
              },
              "batsman": "T Kohli"
            }
          },
          {
            "1.1": {
              "non_striker": "T Kohli",
              "bowler": "B Geeves",
              "runs": {
                "extras": 0,
                "total": 1,
                "batsman": 1
              },
              "batsman": "YK Pathan"
            }
          },
          {
            "1.2": {
              "non_striker": "YK Pathan",
              "bowler": "B Geeves",
              "runs": {
                "extras": 0,
                "total": 0,
                "batsman": 0
              },
              "batsman": "T Kohli"
            }
          },
          {
            "1.3": {
              "non_striker": "YK Pathan",
              "bowler": "B Geeves",
              "runs": {
                "extras": 0,
                "total": 0,
                "batsman": 0
              },
              "batsman": "T Kohli"
            }
          },
          {
            "1.4": {
              "non_striker": "YK Pathan",
              "bowler": "B Geeves",
              "runs": {
                "extras": 0,
                "total": 1,
                "batsman": 1
              },
              "batsman": "T Kohli"
            }
          },
          {
            "1.5": {
              "non_striker": "T Kohli",
              "bowler": "B Geeves",
              "runs": {
                "extras": 0,
                "total": 4,
                "batsman": 4
              },
              "batsman": "YK Pathan"
            }
          },
          {
            "1.6": {
              "non_striker": "T Kohli",
              "bowler": "B Geeves",
              "runs": {
                "extras": 0,
                "total": 4,
                "batsman": 4
              },
              "batsman": "YK Pathan"
            }
          },
          {
            "2.1": {
              "non_striker": "YK Pathan",
              "bowler": "GD McGrath",
              "runs": {
                "extras": 0,
                "total": 0,
                "batsman": 0
              },
              "batsman": "T Kohli"
            }
          },
          {
            "2.2": {
              "non_striker": "YK Pathan",
              "bowler": "GD McGrath",
              "runs": {
                "extras": 0,
                "total": 0,
                "batsman": 0
              },
              "batsman": "T Kohli"
            }
          },
          {
            "2.3": {
              "non_striker": "YK Pathan",
              "bowler": "GD McGrath",
              "runs": {
                "extras": 0,
                "total": 0,
                "batsman": 0
              },
              "batsman": "T Kohli",
              "wicket": {
                "player_out": "T Kohli",
                "fielders": [
                  "M Manhas"
                ],
                "kind": "caught"
              }
            }
          },
          {
            "2.4": {
              "non_striker": "YK Pathan",
              "bowler": "GD McGrath",
              "runs": {
                "extras": 0,
                "total": 0,
                "batsman": 0
              },
              "batsman": "SR Watson"
            }
          },
          {
            "2.5": {
              "non_striker": "YK Pathan",
              "bowler": "GD McGrath",
              "runs": {
                "extras": 0,
                "total": 0,
                "batsman": 0
              },
              "batsman": "SR Watson"
            }
          },
          {
            "2.6": {
              "non_striker": "YK Pathan",
              "bowler": "GD McGrath",
              "runs": {
                "extras": 0,
                "total": 0,
                "batsman": 0
              },
              "batsman": "SR Watson"
            }
          },
          {
            "3.1": {
              "non_striker": "SR Watson",
              "bowler": "B Geeves",
              "runs": {
                "extras": 0,
                "total": 1,
                "batsman": 1
              },
              "batsman": "YK Pathan"
            }
          },
          {
            "3.2": {
              "non_striker": "YK Pathan",
              "bowler": "B Geeves",
              "runs": {
                "extras": 0,
                "total": 4,
                "batsman": 4
              },
              "batsman": "SR Watson"
            }
          },
          {
            "3.3": {
              "non_striker": "YK Pathan",
              "bowler": "B Geeves",
              "runs": {
                "extras": 0,
                "total": 4,
                "batsman": 4
              },
              "batsman": "SR Watson"
            }
          },
          {
            "3.4": {
              "non_striker": "YK Pathan",
              "bowler": "B Geeves",
              "runs": {
                "extras": 0,
                "total": 1,
                "batsman": 1
              },
              "batsman": "SR Watson"
            }
          },
          {
            "3.5": {
              "non_striker": "SR Watson",
              "bowler": "B Geeves",
              "runs": {
                "extras": 0,
                "total": 0,
                "batsman": 0
              },
              "batsman": "YK Pathan",
              "wicket": {
                "player_out": "YK Pathan",
                "kind": "run out"
              }
            }
          },
          {
            "3.6": {
              "non_striker": "M Kaif",
              "bowler": "B Geeves",
              "runs": {
                "extras": 0,
                "total": 4,
                "batsman": 4
              },
              "batsman": "SR Watson"
            }
          },
          {
            "4.1": {
              "non_striker": "SR Watson",
              "bowler": "GD McGrath",
              "runs": {
                "extras": 0,
                "total": 0,
                "batsman": 0
              },
              "batsman": "M Kaif"
            }
          },
          {
            "4.2": {
              "non_striker": "SR Watson",
              "bowler": "GD McGrath",
              "runs": {
                "extras": 0,
                "total": 0,
                "batsman": 0
              },
              "batsman": "M Kaif"
            }
          },
          {
            "4.3": {
              "non_striker": "SR Watson",
              "bowler": "GD McGrath",
              "runs": {
                "extras": 0,
                "total": 1,
                "batsman": 1
              },
              "batsman": "M Kaif"
            }
          },
          {
            "4.4": {
              "non_striker": "M Kaif",
              "bowler": "GD McGrath",
              "runs": {
                "extras": 0,
                "total": 4,
                "batsman": 4
              },
              "batsman": "SR Watson"
            }
          },
          {
            "4.5": {
              "non_striker": "M Kaif",
              "bowler": "GD McGrath",
              "runs": {
                "extras": 0,
                "total": 0,
                "batsman": 0
              },
              "batsman": "SR Watson"
            }
          },
          {
            "4.6": {
              "non_striker": "M Kaif",
              "bowler": "GD McGrath",
              "runs": {
                "extras": 0,
                "total": 1,
                "batsman": 1
              },
              "batsman": "SR Watson"
            }
          },
          {
            "5.1": {
              "non_striker": "M Kaif",
              "bowler": "MF Maharoof",
              "runs": {
                "extras": 0,
                "total": 0,
                "batsman": 0
              },
              "batsman": "SR Watson"
            }
          },
          {
            "5.2": {
              "non_striker": "M Kaif",
              "bowler": "MF Maharoof",
              "runs": {
                "extras": 0,
                "total": 1,
                "batsman": 1
              },
              "batsman": "SR Watson"
            }
          },
          {
            "5.3": {
              "non_striker": "SR Watson",
              "bowler": "MF Maharoof",
              "runs": {
                "extras": 0,
                "total": 0,
                "batsman": 0
              },
              "batsman": "M Kaif"
            }
          },
          {
            "5.4": {
              "non_striker": "SR Watson",
              "bowler": "MF Maharoof",
              "runs": {
                "extras": 1,
                "total": 1,
                "batsman": 0
              },
              "extras": {
                "legbyes": 1
              },
              "batsman": "M Kaif"
            }
          },
          {
            "5.5": {
              "non_striker": "M Kaif",
              "bowler": "MF Maharoof",
              "runs": {
                "extras": 0,
                "total": 1,
                "batsman": 1
              },
              "batsman": "SR Watson"
            }
          },
          {
            "5.6": {
              "non_striker": "SR Watson",
              "bowler": "MF Maharoof",
              "runs": {
                "extras": 0,
                "total": 0,
                "batsman": 0
              },
              "batsman": "M Kaif"
            }
          },
          {
            "6.1": {
              "non_striker": "M Kaif",
              "bowler": "R Bhatia",
              "runs": {
                "extras": 0,
                "total": 0,
                "batsman": 0
              },
              "batsman": "SR Watson"
            }
          },
          {
            "6.2": {
              "non_striker": "M Kaif",
              "bowler": "R Bhatia",
              "runs": {
                "extras": 0,
                "total": 1,
                "batsman": 1
              },
              "batsman": "SR Watson",
              "wicket": {
                "player_out": "SR Watson",
                "kind": "run out"
              }
            }
          },
          {
            "6.3": {
              "non_striker": "DS Lehmann",
              "bowler": "R Bhatia",
              "runs": {
                "extras": 0,
                "total": 2,
                "batsman": 2
              },
              "batsman": "M Kaif"
            }
          },
          {
            "6.4": {
              "non_striker": "DS Lehmann",
              "bowler": "R Bhatia",
              "runs": {
                "extras": 0,
                "total": 0,
                "batsman": 0
              },
              "batsman": "M Kaif"
            }
          },
          {
            "6.5": {
              "non_striker": "DS Lehmann",
              "bowler": "R Bhatia",
              "runs": {
                "extras": 0,
                "total": 0,
                "batsman": 0
              },
              "batsman": "M Kaif"
            }
          },
          {
            "6.6": {
              "non_striker": "DS Lehmann",
              "bowler": "R Bhatia",
              "runs": {
                "extras": 0,
                "total": 1,
                "batsman": 1
              },
              "batsman": "M Kaif"
            }
          },
          {
            "7.1": {
              "non_striker": "DS Lehmann",
              "bowler": "MF Maharoof",
              "runs": {
                "extras": 1,
                "total": 1,
                "batsman": 0
              },
              "extras": {
                "legbyes": 1
              },
              "batsman": "M Kaif"
            }
          },
          {
            "7.2": {
              "non_striker": "M Kaif",
              "bowler": "MF Maharoof",
              "runs": {
                "extras": 0,
                "total": 1,
                "batsman": 1
              },
              "batsman": "DS Lehmann"
            }
          },
          {
            "7.3": {
              "non_striker": "DS Lehmann",
              "bowler": "MF Maharoof",
              "runs": {
                "extras": 0,
                "total": 1,
                "batsman": 1
              },
              "batsman": "M Kaif"
            }
          },
          {
            "7.4": {
              "non_striker": "M Kaif",
              "bowler": "MF Maharoof",
              "runs": {
                "extras": 0,
                "total": 0,
                "batsman": 0
              },
              "batsman": "DS Lehmann",
              "wicket": {
                "player_out": "DS Lehmann",
                "kind": "lbw"
              }
            }
          },
          {
            "7.5": {
              "non_striker": "M Kaif",
              "bowler": "MF Maharoof",
              "runs": {
                "extras": 0,
                "total": 0,
                "batsman": 0
              },
              "batsman": "RA Jadeja"
            }
          },
          {
            "7.6": {
              "non_striker": "M Kaif",
              "bowler": "MF Maharoof",
              "runs": {
                "extras": 0,
                "total": 1,
                "batsman": 1
              },
              "batsman": "RA Jadeja"
            }
          },
          {
            "8.1": {
              "non_striker": "M Kaif",
              "bowler": "R Bhatia",
              "runs": {
                "extras": 0,
                "total": 0,
                "batsman": 0
              },
              "batsman": "RA Jadeja"
            }
          },
          {
            "8.2": {
              "non_striker": "M Kaif",
              "bowler": "R Bhatia",
              "runs": {
                "extras": 0,
                "total": 0,
                "batsman": 0
              },
              "batsman": "RA Jadeja"
            }
          },
          {
            "8.3": {
              "non_striker": "M Kaif",
              "bowler": "R Bhatia",
              "runs": {
                "extras": 1,
                "total": 1,
                "batsman": 0
              },
              "extras": {
                "byes": 1
              },
              "batsman": "RA Jadeja"
            }
          },
          {
            "8.4": {
              "non_striker": "RA Jadeja",
              "bowler": "R Bhatia",
              "runs": {
                "extras": 0,
                "total": 1,
                "batsman": 1
              },
              "batsman": "M Kaif"
            }
          },
          {
            "8.5": {
              "non_striker": "M Kaif",
              "bowler": "R Bhatia",
              "runs": {
                "extras": 0,
                "total": 0,
                "batsman": 0
              },
              "batsman": "RA Jadeja"
            }
          },
          {
            "8.6": {
              "non_striker": "M Kaif",
              "bowler": "R Bhatia",
              "runs": {
                "extras": 0,
                "total": 1,
                "batsman": 1
              },
              "batsman": "RA Jadeja"
            }
          },
          {
            "9.1": {
              "non_striker": "M Kaif",
              "bowler": "MF Maharoof",
              "runs": {
                "extras": 1,
                "total": 1,
                "batsman": 0
              },
              "extras": {
                "legbyes": 1
              },
              "batsman": "RA Jadeja"
            }
          },
          {
            "9.2": {
              "non_striker": "RA Jadeja",
              "bowler": "MF Maharoof",
              "runs": {
                "extras": 0,
                "total": 1,
                "batsman": 1
              },
              "batsman": "M Kaif"
            }
          },
          {
            "9.3": {
              "non_striker": "M Kaif",
              "bowler": "MF Maharoof",
              "runs": {
                "extras": 0,
                "total": 1,
                "batsman": 1
              },
              "batsman": "RA Jadeja"
            }
          },
          {
            "9.4": {
              "non_striker": "RA Jadeja",
              "bowler": "MF Maharoof",
              "runs": {
                "extras": 0,
                "total": 1,
                "batsman": 1
              },
              "batsman": "M Kaif"
            }
          },
          {
            "9.5": {
              "non_striker": "M Kaif",
              "bowler": "MF Maharoof",
              "runs": {
                "extras": 0,
                "total": 1,
                "batsman": 1
              },
              "batsman": "RA Jadeja"
            }
          },
          {
            "9.6": {
              "non_striker": "RA Jadeja",
              "bowler": "MF Maharoof",
              "runs": {
                "extras": 0,
                "total": 1,
                "batsman": 1
              },
              "batsman": "M Kaif"
            }
          },
          {
            "10.1": {
              "non_striker": "RA Jadeja",
              "bowler": "R Bhatia",
              "runs": {
                "extras": 0,
                "total": 0,
                "batsman": 0
              },
              "batsman": "M Kaif"
            }
          },
          {
            "10.2": {
              "non_striker": "RA Jadeja",
              "bowler": "R Bhatia",
              "runs": {
                "extras": 0,
                "total": 0,
                "batsman": 0
              },
              "batsman": "M Kaif"
            }
          },
          {
            "10.3": {
              "non_striker": "RA Jadeja",
              "bowler": "R Bhatia",
              "runs": {
                "extras": 0,
                "total": 0,
                "batsman": 0
              },
              "batsman": "M Kaif",
              "wicket": {
                "player_out": "M Kaif",
                "fielders": [
                  "B Geeves"
                ],
                "kind": "caught"
              }
            }
          },
          {
            "10.4": {
              "non_striker": "RA Jadeja",
              "bowler": "R Bhatia",
              "runs": {
                "extras": 0,
                "total": 1,
                "batsman": 1
              },
              "batsman": "M Rawat"
            }
          },
          {
            "10.5": {
              "non_striker": "M Rawat",
              "bowler": "R Bhatia",
              "runs": {
                "extras": 0,
                "total": 0,
                "batsman": 0
              },
              "batsman": "RA Jadeja"
            }
          },
          {
            "10.6": {
              "non_striker": "M Rawat",
              "bowler": "R Bhatia",
              "runs": {
                "extras": 0,
                "total": 1,
                "batsman": 1
              },
              "batsman": "RA Jadeja"
            }
          },
          {
            "11.1": {
              "non_striker": "M Rawat",
              "bowler": "DL Vettori",
              "runs": {
                "extras": 0,
                "total": 6,
                "batsman": 6
              },
              "batsman": "RA Jadeja"
            }
          },
          {
            "11.2": {
              "non_striker": "M Rawat",
              "bowler": "DL Vettori",
              "runs": {
                "extras": 0,
                "total": 4,
                "batsman": 4
              },
              "batsman": "RA Jadeja"
            }
          },
          {
            "11.3": {
              "non_striker": "M Rawat",
              "bowler": "DL Vettori",
              "runs": {
                "extras": 0,
                "total": 1,
                "batsman": 1
              },
              "batsman": "RA Jadeja"
            }
          },
          {
            "11.4": {
              "non_striker": "RA Jadeja",
              "bowler": "DL Vettori",
              "runs": {
                "extras": 0,
                "total": 0,
                "batsman": 0
              },
              "batsman": "M Rawat"
            }
          },
          {
            "11.5": {
              "non_striker": "RA Jadeja",
              "bowler": "DL Vettori",
              "runs": {
                "extras": 0,
                "total": 1,
                "batsman": 1
              },
              "batsman": "M Rawat"
            }
          },
          {
            "11.6": {
              "non_striker": "M Rawat",
              "bowler": "DL Vettori",
              "runs": {
                "extras": 0,
                "total": 0,
                "batsman": 0
              },
              "batsman": "RA Jadeja"
            }
          },
          {
            "12.1": {
              "non_striker": "RA Jadeja",
              "bowler": "R Bhatia",
              "runs": {
                "extras": 0,
                "total": 0,
                "batsman": 0
              },
              "batsman": "M Rawat",
              "wicket": {
                "player_out": "M Rawat",
                "kind": "bowled"
              }
            }
          },
          {
            "12.2": {
              "non_striker": "RA Jadeja",
              "bowler": "R Bhatia",
              "runs": {
                "extras": 0,
                "total": 4,
                "batsman": 4
              },
              "batsman": "D Salunkhe"
            }
          },
          {
            "12.3": {
              "non_striker": "RA Jadeja",
              "bowler": "R Bhatia",
              "runs": {
                "extras": 0,
                "total": 1,
                "batsman": 1
              },
              "batsman": "D Salunkhe"
            }
          },
          {
            "12.4": {
              "non_striker": "D Salunkhe",
              "bowler": "R Bhatia",
              "runs": {
                "extras": 2,
                "total": 2,
                "batsman": 0
              },
              "extras": {
                "wides": 2
              },
              "batsman": "RA Jadeja"
            }
          },
          {
            "12.5": {
              "non_striker": "RA Jadeja",
              "bowler": "R Bhatia",
              "runs": {
                "extras": 0,
                "total": 0,
                "batsman": 0
              },
              "batsman": "D Salunkhe"
            }
          },
          {
            "12.6": {
              "non_striker": "RA Jadeja",
              "bowler": "R Bhatia",
              "runs": {
                "extras": 0,
                "total": 1,
                "batsman": 1
              },
              "batsman": "D Salunkhe"
            }
          },
          {
            "12.7": {
              "non_striker": "D Salunkhe",
              "bowler": "R Bhatia",
              "runs": {
                "extras": 0,
                "total": 1,
                "batsman": 1
              },
              "batsman": "RA Jadeja"
            }
          },
          {
            "13.1": {
              "non_striker": "D Salunkhe",
              "bowler": "B Geeves",
              "runs": {
                "extras": 0,
                "total": 4,
                "batsman": 4
              },
              "batsman": "RA Jadeja"
            }
          },
          {
            "13.2": {
              "non_striker": "D Salunkhe",
              "bowler": "B Geeves",
              "runs": {
                "extras": 0,
                "total": 1,
                "batsman": 1
              },
              "batsman": "RA Jadeja"
            }
          },
          {
            "13.3": {
              "non_striker": "RA Jadeja",
              "bowler": "B Geeves",
              "runs": {
                "extras": 0,
                "total": 1,
                "batsman": 1
              },
              "batsman": "D Salunkhe"
            }
          },
          {
            "13.4": {
              "non_striker": "D Salunkhe",
              "bowler": "B Geeves",
              "runs": {
                "extras": 0,
                "total": 0,
                "batsman": 0
              },
              "batsman": "RA Jadeja"
            }
          },
          {
            "13.5": {
              "non_striker": "D Salunkhe",
              "bowler": "B Geeves",
              "runs": {
                "extras": 0,
                "total": 1,
                "batsman": 1
              },
              "batsman": "RA Jadeja"
            }
          },
          {
            "13.6": {
              "non_striker": "RA Jadeja",
              "bowler": "B Geeves",
              "runs": {
                "extras": 0,
                "total": 0,
                "batsman": 0
              },
              "batsman": "D Salunkhe"
            }
          },
          {
            "14.1": {
              "non_striker": "D Salunkhe",
              "bowler": "DL Vettori",
              "runs": {
                "extras": 0,
                "total": 6,
                "batsman": 6
              },
              "batsman": "RA Jadeja"
            }
          },
          {
            "14.2": {
              "non_striker": "D Salunkhe",
              "bowler": "DL Vettori",
              "runs": {
                "extras": 0,
                "total": 0,
                "batsman": 0
              },
              "batsman": "RA Jadeja",
              "wicket": {
                "player_out": "RA Jadeja",
                "kind": "bowled"
              }
            }
          },
          {
            "14.3": {
              "non_striker": "D Salunkhe",
              "bowler": "DL Vettori",
              "runs": {
                "extras": 0,
                "total": 0,
                "batsman": 0
              },
              "batsman": "SK Warne"
            }
          },
          {
            "14.4": {
              "non_striker": "D Salunkhe",
              "bowler": "DL Vettori",
              "runs": {
                "extras": 0,
                "total": 1,
                "batsman": 1
              },
              "batsman": "SK Warne"
            }
          },
          {
            "14.5": {
              "non_striker": "SK Warne",
              "bowler": "DL Vettori",
              "runs": {
                "extras": 0,
                "total": 1,
                "batsman": 1
              },
              "batsman": "D Salunkhe"
            }
          },
          {
            "14.6": {
              "non_striker": "D Salunkhe",
              "bowler": "DL Vettori",
              "runs": {
                "extras": 0,
                "total": 1,
                "batsman": 1
              },
              "batsman": "SK Warne"
            }
          },
          {
            "15.1": {
              "non_striker": "D Salunkhe",
              "bowler": "B Geeves",
              "runs": {
                "extras": 0,
                "total": 0,
                "batsman": 0
              },
              "batsman": "SK Warne"
            }
          },
          {
            "15.2": {
              "non_striker": "D Salunkhe",
              "bowler": "B Geeves",
              "runs": {
                "extras": 0,
                "total": 0,
                "batsman": 0
              },
              "batsman": "SK Warne"
            }
          },
          {
            "15.3": {
              "non_striker": "D Salunkhe",
              "bowler": "B Geeves",
              "runs": {
                "extras": 0,
                "total": 4,
                "batsman": 4
              },
              "batsman": "SK Warne"
            }
          },
          {
            "15.4": {
              "non_striker": "D Salunkhe",
              "bowler": "B Geeves",
              "runs": {
                "extras": 0,
                "total": 0,
                "batsman": 0
              },
              "batsman": "SK Warne"
            }
          },
          {
            "15.5": {
              "non_striker": "D Salunkhe",
              "bowler": "B Geeves",
              "runs": {
                "extras": 0,
                "total": 4,
                "batsman": 4
              },
              "batsman": "SK Warne"
            }
          },
          {
            "15.6": {
              "non_striker": "D Salunkhe",
              "bowler": "B Geeves",
              "runs": {
                "extras": 0,
                "total": 2,
                "batsman": 2
              },
              "batsman": "SK Warne"
            }
          },
          {
            "16.1": {
              "non_striker": "SK Warne",
              "bowler": "DL Vettori",
              "runs": {
                "extras": 0,
                "total": 1,
                "batsman": 1
              },
              "batsman": "D Salunkhe"
            }
          },
          {
            "16.2": {
              "non_striker": "D Salunkhe",
              "bowler": "DL Vettori",
              "runs": {
                "extras": 0,
                "total": 0,
                "batsman": 0
              },
              "batsman": "SK Warne"
            }
          },
          {
            "16.3": {
              "non_striker": "D Salunkhe",
              "bowler": "DL Vettori",
              "runs": {
                "extras": 0,
                "total": 1,
                "batsman": 1
              },
              "batsman": "SK Warne"
            }
          },
          {
            "16.4": {
              "non_striker": "SK Warne",
              "bowler": "DL Vettori",
              "runs": {
                "extras": 0,
                "total": 0,
                "batsman": 0
              },
              "batsman": "D Salunkhe"
            }
          },
          {
            "16.5": {
              "non_striker": "SK Warne",
              "bowler": "DL Vettori",
              "runs": {
                "extras": 0,
                "total": 1,
                "batsman": 1
              },
              "batsman": "D Salunkhe"
            }
          },
          {
            "16.6": {
              "non_striker": "D Salunkhe",
              "bowler": "DL Vettori",
              "runs": {
                "extras": 0,
                "total": 1,
                "batsman": 1
              },
              "batsman": "SK Warne"
            }
          },
          {
            "17.1": {
              "non_striker": "D Salunkhe",
              "bowler": "MF Maharoof",
              "runs": {
                "extras": 0,
                "total": 0,
                "batsman": 0
              },
              "batsman": "SK Warne",
              "wicket": {
                "player_out": "SK Warne",
                "kind": "bowled"
              }
            }
          },
          {
            "17.2": {
              "non_striker": "D Salunkhe",
              "bowler": "MF Maharoof",
              "runs": {
                "extras": 0,
                "total": 0,
                "batsman": 0
              },
              "batsman": "SK Trivedi"
            }
          },
          {
            "17.3": {
              "non_striker": "D Salunkhe",
              "bowler": "MF Maharoof",
              "runs": {
                "extras": 0,
                "total": 0,
                "batsman": 0
              },
              "batsman": "SK Trivedi"
            }
          },
          {
            "17.4": {
              "non_striker": "D Salunkhe",
              "bowler": "MF Maharoof",
              "runs": {
                "extras": 0,
                "total": 0,
                "batsman": 0
              },
              "batsman": "SK Trivedi"
            }
          },
          {
            "17.5": {
              "non_striker": "D Salunkhe",
              "bowler": "MF Maharoof",
              "runs": {
                "extras": 0,
                "total": 1,
                "batsman": 1
              },
              "batsman": "SK Trivedi"
            }
          },
          {
            "17.6": {
              "non_striker": "SK Trivedi",
              "bowler": "MF Maharoof",
              "runs": {
                "extras": 0,
                "total": 0,
                "batsman": 0
              },
              "batsman": "D Salunkhe"
            }
          },
          {
            "18.1": {
              "non_striker": "D Salunkhe",
              "bowler": "DL Vettori",
              "runs": {
                "extras": 0,
                "total": 0,
                "batsman": 0
              },
              "batsman": "SK Trivedi"
            }
          },
          {
            "18.2": {
              "non_striker": "D Salunkhe",
              "bowler": "DL Vettori",
              "runs": {
                "extras": 0,
                "total": 1,
                "batsman": 1
              },
              "batsman": "SK Trivedi"
            }
          },
          {
            "18.3": {
              "non_striker": "SK Trivedi",
              "bowler": "DL Vettori",
              "runs": {
                "extras": 0,
                "total": 4,
                "batsman": 4
              },
              "batsman": "D Salunkhe"
            }
          },
          {
            "18.4": {
              "non_striker": "SK Trivedi",
              "bowler": "DL Vettori",
              "runs": {
                "extras": 0,
                "total": 4,
                "batsman": 4
              },
              "batsman": "D Salunkhe"
            }
          },
          {
            "18.5": {
              "non_striker": "SK Trivedi",
              "bowler": "DL Vettori",
              "runs": {
                "extras": 0,
                "total": 0,
                "batsman": 0
              },
              "batsman": "D Salunkhe"
            }
          },
          {
            "18.6": {
              "non_striker": "SK Trivedi",
              "bowler": "DL Vettori",
              "runs": {
                "extras": 0,
                "total": 1,
                "batsman": 1
              },
              "batsman": "D Salunkhe"
            }
          },
          {
            "19.1": {
              "non_striker": "SK Trivedi",
              "bowler": "GD McGrath",
              "runs": {
                "extras": 0,
                "total": 4,
                "batsman": 4
              },
              "batsman": "D Salunkhe"
            }
          },
          {
            "19.2": {
              "non_striker": "SK Trivedi",
              "bowler": "GD McGrath",
              "runs": {
                "extras": 0,
                "total": 0,
                "batsman": 0
              },
              "batsman": "D Salunkhe"
            }
          },
          {
            "19.3": {
              "non_striker": "SK Trivedi",
              "bowler": "GD McGrath",
              "runs": {
                "extras": 0,
                "total": 1,
                "batsman": 1
              },
              "batsman": "D Salunkhe"
            }
          },
          {
            "19.4": {
              "non_striker": "D Salunkhe",
              "bowler": "GD McGrath",
              "runs": {
                "extras": 0,
                "total": 1,
                "batsman": 1
              },
              "batsman": "SK Trivedi"
            }
          },
          {
            "19.5": {
              "non_striker": "SK Trivedi",
              "bowler": "GD McGrath",
              "runs": {
                "extras": 0,
                "total": 2,
                "batsman": 2
              },
              "batsman": "D Salunkhe"
            }
          },
          {
            "19.6": {
              "non_striker": "SK Trivedi",
              "bowler": "GD McGrath",
              "runs": {
                "extras": 0,
                "total": 0,
                "batsman": 0
              },
              "batsman": "D Salunkhe"
            }
          }
        ]
      }
    },
    {
      "2nd innings": {
        "team": "Delhi Daredevils",
        "deliveries": [
          {
            "0.1": {
              "non_striker": "V Sehwag",
              "bowler": "MM Patel",
              "runs": {
                "extras": 0,
                "total": 0,
                "batsman": 0
              },
              "batsman": "G Gambhir"
            }
          },
          {
            "0.2": {
              "non_striker": "V Sehwag",
              "bowler": "MM Patel",
              "runs": {
                "extras": 0,
                "total": 0,
                "batsman": 0
              },
              "batsman": "G Gambhir"
            }
          },
          {
            "0.3": {
              "non_striker": "V Sehwag",
              "bowler": "MM Patel",
              "runs": {
                "extras": 0,
                "total": 0,
                "batsman": 0
              },
              "batsman": "G Gambhir"
            }
          },
          {
            "0.4": {
              "non_striker": "V Sehwag",
              "bowler": "MM Patel",
              "runs": {
                "extras": 0,
                "total": 0,
                "batsman": 0
              },
              "batsman": "G Gambhir"
            }
          },
          {
            "0.5": {
              "non_striker": "V Sehwag",
              "bowler": "MM Patel",
              "runs": {
                "extras": 0,
                "total": 4,
                "batsman": 4
              },
              "batsman": "G Gambhir"
            }
          },
          {
            "0.6": {
              "non_striker": "V Sehwag",
              "bowler": "MM Patel",
              "runs": {
                "extras": 0,
                "total": 4,
                "batsman": 4
              },
              "batsman": "G Gambhir"
            }
          },
          {
            "1.1": {
              "non_striker": "G Gambhir",
              "bowler": "SR Watson",
              "runs": {
                "extras": 0,
                "total": 4,
                "batsman": 4
              },
              "batsman": "V Sehwag"
            }
          },
          {
            "1.2": {
              "non_striker": "G Gambhir",
              "bowler": "SR Watson",
              "runs": {
                "extras": 0,
                "total": 4,
                "batsman": 4
              },
              "batsman": "V Sehwag"
            }
          },
          {
            "1.3": {
              "non_striker": "G Gambhir",
              "bowler": "SR Watson",
              "runs": {
                "extras": 0,
                "total": 4,
                "batsman": 4
              },
              "batsman": "V Sehwag"
            }
          },
          {
            "1.4": {
              "non_striker": "G Gambhir",
              "bowler": "SR Watson",
              "runs": {
                "extras": 0,
                "total": 0,
                "batsman": 0
              },
              "batsman": "V Sehwag",
              "wicket": {
                "player_out": "V Sehwag",
                "kind": "bowled"
              }
            }
          },
          {
            "1.5": {
              "non_striker": "G Gambhir",
              "bowler": "SR Watson",
              "runs": {
                "extras": 0,
                "total": 0,
                "batsman": 0
              },
              "batsman": "S Dhawan"
            }
          },
          {
            "1.6": {
              "non_striker": "G Gambhir",
              "bowler": "SR Watson",
              "runs": {
                "extras": 1,
                "total": 1,
                "batsman": 0
              },
              "extras": {
                "wides": 1
              },
              "batsman": "S Dhawan"
            }
          },
          {
            "1.7": {
              "non_striker": "G Gambhir",
              "bowler": "SR Watson",
              "runs": {
                "extras": 0,
                "total": 0,
                "batsman": 0
              },
              "batsman": "S Dhawan"
            }
          },
          {
            "2.1": {
              "non_striker": "S Dhawan",
              "bowler": "MM Patel",
              "runs": {
                "extras": 0,
                "total": 0,
                "batsman": 0
              },
              "batsman": "G Gambhir"
            }
          },
          {
            "2.2": {
              "non_striker": "S Dhawan",
              "bowler": "MM Patel",
              "runs": {
                "extras": 0,
                "total": 4,
                "batsman": 4
              },
              "batsman": "G Gambhir"
            }
          },
          {
            "2.3": {
              "non_striker": "S Dhawan",
              "bowler": "MM Patel",
              "runs": {
                "extras": 0,
                "total": 0,
                "batsman": 0
              },
              "batsman": "G Gambhir"
            }
          },
          {
            "2.4": {
              "non_striker": "S Dhawan",
              "bowler": "MM Patel",
              "runs": {
                "extras": 0,
                "total": 1,
                "batsman": 1
              },
              "batsman": "G Gambhir"
            }
          },
          {
            "2.5": {
              "non_striker": "G Gambhir",
              "bowler": "MM Patel",
              "runs": {
                "extras": 0,
                "total": 0,
                "batsman": 0
              },
              "batsman": "S Dhawan"
            }
          },
          {
            "2.6": {
              "non_striker": "G Gambhir",
              "bowler": "MM Patel",
              "runs": {
                "extras": 0,
                "total": 0,
                "batsman": 0
              },
              "batsman": "S Dhawan"
            }
          },
          {
            "3.1": {
              "non_striker": "S Dhawan",
              "bowler": "SR Watson",
              "runs": {
                "extras": 0,
                "total": 1,
                "batsman": 1
              },
              "batsman": "G Gambhir"
            }
          },
          {
            "3.2": {
              "non_striker": "G Gambhir",
              "bowler": "SR Watson",
              "runs": {
                "extras": 0,
                "total": 0,
                "batsman": 0
              },
              "batsman": "S Dhawan"
            }
          },
          {
            "3.3": {
              "non_striker": "G Gambhir",
              "bowler": "SR Watson",
              "runs": {
                "extras": 0,
                "total": 4,
                "batsman": 4
              },
              "batsman": "S Dhawan"
            }
          },
          {
            "3.4": {
              "non_striker": "G Gambhir",
              "bowler": "SR Watson",
              "runs": {
                "extras": 0,
                "total": 1,
                "batsman": 1
              },
              "batsman": "S Dhawan"
            }
          },
          {
            "3.5": {
              "non_striker": "S Dhawan",
              "bowler": "SR Watson",
              "runs": {
                "extras": 0,
                "total": 4,
                "batsman": 4
              },
              "batsman": "G Gambhir"
            }
          },
          {
            "3.6": {
              "non_striker": "S Dhawan",
              "bowler": "SR Watson",
              "runs": {
                "extras": 0,
                "total": 0,
                "batsman": 0
              },
              "batsman": "G Gambhir"
            }
          },
          {
            "4.1": {
              "non_striker": "G Gambhir",
              "bowler": "MM Patel",
              "runs": {
                "extras": 0,
                "total": 0,
                "batsman": 0
              },
              "batsman": "S Dhawan"
            }
          },
          {
            "4.2": {
              "non_striker": "G Gambhir",
              "bowler": "MM Patel",
              "runs": {
                "extras": 0,
                "total": 1,
                "batsman": 1
              },
              "batsman": "S Dhawan"
            }
          },
          {
            "4.3": {
              "non_striker": "S Dhawan",
              "bowler": "MM Patel",
              "runs": {
                "extras": 0,
                "total": 6,
                "batsman": 6
              },
              "batsman": "G Gambhir"
            }
          },
          {
            "4.4": {
              "non_striker": "S Dhawan",
              "bowler": "MM Patel",
              "runs": {
                "extras": 0,
                "total": 4,
                "batsman": 4
              },
              "batsman": "G Gambhir"
            }
          },
          {
            "4.5": {
              "non_striker": "S Dhawan",
              "bowler": "MM Patel",
              "runs": {
                "extras": 0,
                "total": 0,
                "batsman": 0
              },
              "batsman": "G Gambhir"
            }
          },
          {
            "4.6": {
              "non_striker": "S Dhawan",
              "bowler": "MM Patel",
              "runs": {
                "extras": 0,
                "total": 1,
                "batsman": 1
              },
              "batsman": "G Gambhir"
            }
          },
          {
            "5.1": {
              "non_striker": "S Dhawan",
              "bowler": "SK Trivedi",
              "runs": {
                "extras": 0,
                "total": 0,
                "batsman": 0
              },
              "batsman": "G Gambhir"
            }
          },
          {
            "5.2": {
              "non_striker": "S Dhawan",
              "bowler": "SK Trivedi",
              "runs": {
                "extras": 1,
                "total": 1,
                "batsman": 0
              },
              "extras": {
                "wides": 1
              },
              "batsman": "G Gambhir"
            }
          },
          {
            "5.3": {
              "non_striker": "S Dhawan",
              "bowler": "SK Trivedi",
              "runs": {
                "extras": 0,
                "total": 1,
                "batsman": 1
              },
              "batsman": "G Gambhir"
            }
          },
          {
            "5.4": {
              "non_striker": "G Gambhir",
              "bowler": "SK Trivedi",
              "runs": {
                "extras": 0,
                "total": 0,
                "batsman": 0
              },
              "batsman": "S Dhawan"
            }
          },
          {
            "5.5": {
              "non_striker": "G Gambhir",
              "bowler": "SK Trivedi",
              "runs": {
                "extras": 0,
                "total": 4,
                "batsman": 4
              },
              "batsman": "S Dhawan"
            }
          },
          {
            "5.6": {
              "non_striker": "G Gambhir",
              "bowler": "SK Trivedi",
              "runs": {
                "extras": 0,
                "total": 1,
                "batsman": 1
              },
              "batsman": "S Dhawan"
            }
          },
          {
            "5.7": {
              "non_striker": "S Dhawan",
              "bowler": "SK Trivedi",
              "runs": {
                "extras": 0,
                "total": 0,
                "batsman": 0
              },
              "batsman": "G Gambhir"
            }
          },
          {
            "6.1": {
              "non_striker": "G Gambhir",
              "bowler": "SR Watson",
              "runs": {
                "extras": 0,
                "total": 1,
                "batsman": 1
              },
              "batsman": "S Dhawan"
            }
          },
          {
            "6.2": {
              "non_striker": "S Dhawan",
              "bowler": "SR Watson",
              "runs": {
                "extras": 0,
                "total": 1,
                "batsman": 1
              },
              "batsman": "G Gambhir"
            }
          },
          {
            "6.3": {
              "non_striker": "G Gambhir",
              "bowler": "SR Watson",
              "runs": {
                "extras": 0,
                "total": 0,
                "batsman": 0
              },
              "batsman": "S Dhawan"
            }
          },
          {
            "6.4": {
              "non_striker": "G Gambhir",
              "bowler": "SR Watson",
              "runs": {
                "extras": 0,
                "total": 0,
                "batsman": 0
              },
              "batsman": "S Dhawan"
            }
          },
          {
            "6.5": {
              "non_striker": "G Gambhir",
              "bowler": "SR Watson",
              "runs": {
                "extras": 0,
                "total": 1,
                "batsman": 1
              },
              "batsman": "S Dhawan"
            }
          },
          {
            "6.6": {
              "non_striker": "S Dhawan",
              "bowler": "SR Watson",
              "runs": {
                "extras": 0,
                "total": 1,
                "batsman": 1
              },
              "batsman": "G Gambhir"
            }
          },
          {
            "7.1": {
              "non_striker": "S Dhawan",
              "bowler": "SK Trivedi",
              "runs": {
                "extras": 0,
                "total": 1,
                "batsman": 1
              },
              "batsman": "G Gambhir"
            }
          },
          {
            "7.2": {
              "non_striker": "G Gambhir",
              "bowler": "SK Trivedi",
              "runs": {
                "extras": 0,
                "total": 4,
                "batsman": 4
              },
              "batsman": "S Dhawan"
            }
          },
          {
            "7.3": {
              "non_striker": "G Gambhir",
              "bowler": "SK Trivedi",
              "runs": {
                "extras": 1,
                "total": 1,
                "batsman": 0
              },
              "extras": {
                "wides": 1
              },
              "batsman": "S Dhawan"
            }
          },
          {
            "7.4": {
              "non_striker": "G Gambhir",
              "bowler": "SK Trivedi",
              "runs": {
                "extras": 0,
                "total": 0,
                "batsman": 0
              },
              "batsman": "S Dhawan"
            }
          },
          {
            "7.5": {
              "non_striker": "G Gambhir",
              "bowler": "SK Trivedi",
              "runs": {
                "extras": 0,
                "total": 4,
                "batsman": 4
              },
              "batsman": "S Dhawan"
            }
          },
          {
            "7.6": {
              "non_striker": "G Gambhir",
              "bowler": "SK Trivedi",
              "runs": {
                "extras": 0,
                "total": 2,
                "batsman": 2
              },
              "batsman": "S Dhawan"
            }
          },
          {
            "7.7": {
              "non_striker": "G Gambhir",
              "bowler": "SK Trivedi",
              "runs": {
                "extras": 0,
                "total": 0,
                "batsman": 0
              },
              "batsman": "S Dhawan"
            }
          },
          {
            "8.1": {
              "non_striker": "S Dhawan",
              "bowler": "SK Warne",
              "runs": {
                "extras": 0,
                "total": 0,
                "batsman": 0
              },
              "batsman": "G Gambhir"
            }
          },
          {
            "8.2": {
              "non_striker": "S Dhawan",
              "bowler": "SK Warne",
              "runs": {
                "extras": 0,
                "total": 1,
                "batsman": 1
              },
              "batsman": "G Gambhir"
            }
          },
          {
            "8.3": {
              "non_striker": "G Gambhir",
              "bowler": "SK Warne",
              "runs": {
                "extras": 0,
                "total": 4,
                "batsman": 4
              },
              "batsman": "S Dhawan"
            }
          },
          {
            "8.4": {
              "non_striker": "G Gambhir",
              "bowler": "SK Warne",
              "runs": {
                "extras": 0,
                "total": 0,
                "batsman": 0
              },
              "batsman": "S Dhawan"
            }
          },
          {
            "8.5": {
              "non_striker": "G Gambhir",
              "bowler": "SK Warne",
              "runs": {
                "extras": 0,
                "total": 1,
                "batsman": 1
              },
              "batsman": "S Dhawan"
            }
          },
          {
            "8.6": {
              "non_striker": "S Dhawan",
              "bowler": "SK Warne",
              "runs": {
                "extras": 0,
                "total": 1,
                "batsman": 1
              },
              "batsman": "G Gambhir"
            }
          },
          {
            "9.1": {
              "non_striker": "S Dhawan",
              "bowler": "YK Pathan",
              "runs": {
                "extras": 0,
                "total": 0,
                "batsman": 0
              },
              "batsman": "G Gambhir"
            }
          },
          {
            "9.2": {
              "non_striker": "S Dhawan",
              "bowler": "YK Pathan",
              "runs": {
                "extras": 1,
                "total": 1,
                "batsman": 0
              },
              "extras": {
                "wides": 1
              },
              "batsman": "G Gambhir"
            }
          },
          {
            "9.3": {
              "non_striker": "S Dhawan",
              "bowler": "YK Pathan",
              "runs": {
                "extras": 0,
                "total": 4,
                "batsman": 4
              },
              "batsman": "G Gambhir"
            }
          },
          {
            "9.4": {
              "non_striker": "S Dhawan",
              "bowler": "YK Pathan",
              "runs": {
                "extras": 0,
                "total": 1,
                "batsman": 1
              },
              "batsman": "G Gambhir"
            }
          },
          {
            "9.5": {
              "non_striker": "G Gambhir",
              "bowler": "YK Pathan",
              "runs": {
                "extras": 0,
                "total": 1,
                "batsman": 1
              },
              "batsman": "S Dhawan"
            }
          },
          {
            "9.6": {
              "non_striker": "S Dhawan",
              "bowler": "YK Pathan",
              "runs": {
                "extras": 0,
                "total": 0,
                "batsman": 0
              },
              "batsman": "G Gambhir"
            }
          },
          {
            "9.7": {
              "non_striker": "S Dhawan",
              "bowler": "YK Pathan",
              "runs": {
                "extras": 0,
                "total": 1,
                "batsman": 1
              },
              "batsman": "G Gambhir"
            }
          },
          {
            "10.1": {
              "non_striker": "S Dhawan",
              "bowler": "SK Warne",
              "runs": {
                "extras": 0,
                "total": 1,
                "batsman": 1
              },
              "batsman": "G Gambhir"
            }
          },
          {
            "10.2": {
              "non_striker": "G Gambhir",
              "bowler": "SK Warne",
              "runs": {
                "extras": 0,
                "total": 1,
                "batsman": 1
              },
              "batsman": "S Dhawan"
            }
          },
          {
            "10.3": {
              "non_striker": "S Dhawan",
              "bowler": "SK Warne",
              "runs": {
                "extras": 0,
                "total": 4,
                "batsman": 4
              },
              "batsman": "G Gambhir"
            }
          },
          {
            "10.4": {
              "non_striker": "S Dhawan",
              "bowler": "SK Warne",
              "runs": {
                "extras": 0,
                "total": 1,
                "batsman": 1
              },
              "batsman": "G Gambhir"
            }
          },
          {
            "10.5": {
              "non_striker": "G Gambhir",
              "bowler": "SK Warne",
              "runs": {
                "extras": 0,
                "total": 1,
                "batsman": 1
              },
              "batsman": "S Dhawan"
            }
          },
          {
            "10.6": {
              "non_striker": "S Dhawan",
              "bowler": "SK Warne",
              "runs": {
                "extras": 0,
                "total": 1,
                "batsman": 1
              },
              "batsman": "G Gambhir"
            }
          },
          {
            "11.1": {
              "non_striker": "S Dhawan",
              "bowler": "YK Pathan",
              "runs": {
                "extras": 0,
                "total": 1,
                "batsman": 1
              },
              "batsman": "G Gambhir"
            }
          },
          {
            "11.2": {
              "non_striker": "G Gambhir",
              "bowler": "YK Pathan",
              "runs": {
                "extras": 0,
                "total": 1,
                "batsman": 1
              },
              "batsman": "S Dhawan"
            }
          },
          {
            "11.3": {
              "non_striker": "S Dhawan",
              "bowler": "YK Pathan",
              "runs": {
                "extras": 0,
                "total": 2,
                "batsman": 2
              },
              "batsman": "G Gambhir"
            }
          },
          {
            "11.4": {
              "non_striker": "S Dhawan",
              "bowler": "YK Pathan",
              "runs": {
                "extras": 0,
                "total": 1,
                "batsman": 1
              },
              "batsman": "G Gambhir"
            }
          },
          {
            "11.5": {
              "non_striker": "G Gambhir",
              "bowler": "YK Pathan",
              "runs": {
                "extras": 0,
                "total": 0,
                "batsman": 0
              },
              "batsman": "S Dhawan"
            }
          },
          {
            "11.6": {
              "non_striker": "G Gambhir",
              "bowler": "YK Pathan",
              "runs": {
                "extras": 0,
                "total": 0,
                "batsman": 0
              },
              "batsman": "S Dhawan"
            }
          },
          {
            "12.1": {
              "non_striker": "S Dhawan",
              "bowler": "D Salunkhe",
              "runs": {
                "extras": 0,
                "total": 1,
                "batsman": 1
              },
              "batsman": "G Gambhir"
            }
          },
          {
            "12.2": {
              "non_striker": "G Gambhir",
              "bowler": "D Salunkhe",
              "runs": {
                "extras": 0,
                "total": 1,
                "batsman": 1
              },
              "batsman": "S Dhawan"
            }
          },
          {
            "12.3": {
              "non_striker": "S Dhawan",
              "bowler": "D Salunkhe",
              "runs": {
                "extras": 0,
                "total": 1,
                "batsman": 1
              },
              "batsman": "G Gambhir"
            }
          },
          {
            "12.4": {
              "non_striker": "G Gambhir",
              "bowler": "D Salunkhe",
              "runs": {
                "extras": 0,
                "total": 1,
                "batsman": 1
              },
              "batsman": "S Dhawan"
            }
          },
          {
            "12.5": {
              "non_striker": "S Dhawan",
              "bowler": "D Salunkhe",
              "runs": {
                "extras": 0,
                "total": 1,
                "batsman": 1
              },
              "batsman": "G Gambhir"
            }
          },
          {
            "12.6": {
              "non_striker": "G Gambhir",
              "bowler": "D Salunkhe",
              "runs": {
                "extras": 5,
                "total": 5,
                "batsman": 0
              },
              "extras": {
                "wides": 5
              },
              "batsman": "S Dhawan"
            }
          },
          {
            "12.7": {
              "non_striker": "G Gambhir",
              "bowler": "D Salunkhe",
              "runs": {
                "extras": 0,
                "total": 1,
                "batsman": 1
              },
              "batsman": "S Dhawan"
            }
          },
          {
            "13.1": {
              "non_striker": "G Gambhir",
              "bowler": "SR Watson",
              "runs": {
                "extras": 0,
                "total": 1,
                "batsman": 1
              },
              "batsman": "S Dhawan"
            }
          },
          {
            "13.2": {
              "non_striker": "S Dhawan",
              "bowler": "SR Watson",
              "runs": {
                "extras": 0,
                "total": 0,
                "batsman": 0
              },
              "batsman": "G Gambhir"
            }
          },
          {
            "13.3": {
              "non_striker": "S Dhawan",
              "bowler": "SR Watson",
              "runs": {
                "extras": 0,
                "total": 1,
                "batsman": 1
              },
              "batsman": "G Gambhir"
            }
          },
          {
            "13.4": {
              "non_striker": "G Gambhir",
              "bowler": "SR Watson",
              "runs": {
                "extras": 0,
                "total": 1,
                "batsman": 1
              },
              "batsman": "S Dhawan"
            }
          },
          {
            "13.5": {
              "non_striker": "S Dhawan",
              "bowler": "SR Watson",
              "runs": {
                "extras": 0,
                "total": 1,
                "batsman": 1
              },
              "batsman": "G Gambhir"
            }
          },
          {
            "13.6": {
              "non_striker": "G Gambhir",
              "bowler": "SR Watson",
              "runs": {
                "extras": 0,
                "total": 0,
                "batsman": 0
              },
              "batsman": "S Dhawan"
            }
          },
          {
            "14.1": {
              "non_striker": "S Dhawan",
              "bowler": "SK Trivedi",
              "runs": {
                "extras": 1,
                "total": 1,
                "batsman": 0
              },
              "extras": {
                "wides": 1
              },
              "batsman": "G Gambhir"
            }
          },
          {
            "14.2": {
              "non_striker": "S Dhawan",
              "bowler": "SK Trivedi",
              "runs": {
                "extras": 0,
                "total": 1,
                "batsman": 1
              },
              "batsman": "G Gambhir"
            }
          },
          {
            "14.3": {
              "non_striker": "G Gambhir",
              "bowler": "SK Trivedi",
              "runs": {
                "extras": 0,
                "total": 4,
                "batsman": 4
              },
              "batsman": "S Dhawan"
            }
          },
          {
            "14.4": {
              "non_striker": "G Gambhir",
              "bowler": "SK Trivedi",
              "runs": {
                "extras": 0,
                "total": 2,
                "batsman": 2
              },
              "batsman": "S Dhawan"
            }
          },
          {
            "14.5": {
              "non_striker": "G Gambhir",
              "bowler": "SK Trivedi",
              "runs": {
                "extras": 0,
                "total": 4,
                "batsman": 4
              },
              "batsman": "S Dhawan"
            }
          },
          {
            "14.6": {
              "non_striker": "G Gambhir",
              "bowler": "SK Trivedi",
              "runs": {
                "extras": 0,
                "total": 1,
                "batsman": 1
              },
              "batsman": "S Dhawan"
            }
          },
          {
            "14.7": {
              "non_striker": "S Dhawan",
              "bowler": "SK Trivedi",
              "runs": {
                "extras": 0,
                "total": 0,
                "batsman": 0
              },
              "batsman": "G Gambhir"
            }
          },
          {
            "15.1": {
              "non_striker": "G Gambhir",
              "bowler": "YK Pathan",
              "runs": {
                "extras": 0,
                "total": 4,
                "batsman": 4
              },
              "batsman": "S Dhawan"
            }
          }
        ]
      }
    }
  ]
}