{
  "meta": {
    "data_version": 0.9,
    "created": "2011-05-06T00:00:00.000Z",
    "revision": 2
  },
  "info": {
    "city": "Chennai",
    "competition": "IPL",
    "dates": [
      "2008-05-06T00:00:00.000Z"
    ],
    "gender": "male",
    "match_type": "T20",
    "outcome": {
      "by": {
        "wickets": 7
      },
      "winner": "Deccan Chargers"
    },
    "overs": 20,
    "player_of_match": [
      "AC Gilchrist"
    ],
    "teams": [
      "Chennai Super Kings",
      "Deccan Chargers"
    ],
    "toss": {
      "decision": "field",
      "winner": "Deccan Chargers"
    },
    "umpires": [
      "MR Benson",
      "RB Tiffin"
    ],
    "venue": "MA Chidambaram Stadium, Chepauk"
  },
  "innings": [
    {
      "1st innings": {
        "team": "Chennai Super Kings",
        "deliveries": [
          {
            "0.1": {
              "batsman": "PA Patel",
              "bowler": "DP Vijaykumar",
              "non_striker": "SP Fleming",
              "runs": {
                "batsman": 0,
                "extras": 0,
                "total": 0
              }
            }
          },
          {
            "0.2": {
              "batsman": "PA Patel",
              "bowler": "DP Vijaykumar",
              "non_striker": "SP Fleming",
              "runs": {
                "batsman": 0,
                "extras": 0,
                "total": 0
              }
            }
          },
          {
            "0.3": {
              "batsman": "PA Patel",
              "bowler": "DP Vijaykumar",
              "non_striker": "SP Fleming",
              "runs": {
                "batsman": 4,
                "extras": 0,
                "total": 4
              }
            }
          },
          {
            "0.4": {
              "batsman": "PA Patel",
              "bowler": "DP Vijaykumar",
              "non_striker": "SP Fleming",
              "runs": {
                "batsman": 0,
                "extras": 0,
                "total": 0
              }
            }
          },
          {
            "0.5": {
              "batsman": "PA Patel",
              "bowler": "DP Vijaykumar",
              "non_striker": "SP Fleming",
              "runs": {
                "batsman": 0,
                "extras": 0,
                "total": 0
              }
            }
          },
          {
            "0.6": {
              "batsman": "PA Patel",
              "bowler": "DP Vijaykumar",
              "non_striker": "SP Fleming",
              "runs": {
                "batsman": 0,
                "extras": 0,
                "total": 0
              },
              "wicket": {
                "fielders": [
                  "RP Singh"
                ],
                "kind": "caught",
                "player_out": "PA Patel"
              }
            }
          },
          {
            "1.1": {
              "batsman": "S Anirudha",
              "bowler": "RP Singh",
              "non_striker": "SP Fleming",
              "runs": {
                "batsman": 0,
                "extras": 0,
                "total": 0
              }
            }
          },
          {
            "1.2": {
              "batsman": "S Anirudha",
              "bowler": "RP Singh",
              "non_striker": "SP Fleming",
              "runs": {
                "batsman": 0,
                "extras": 0,
                "total": 0
              }
            }
          },
          {
            "1.3": {
              "batsman": "S Anirudha",
              "bowler": "RP Singh",
              "extras": {
                "legbyes": 4
              },
              "non_striker": "SP Fleming",
              "runs": {
                "batsman": 0,
                "extras": 4,
                "total": 4
              }
            }
          },
          {
            "1.4": {
              "batsman": "S Anirudha",
              "bowler": "RP Singh",
              "non_striker": "SP Fleming",
              "runs": {
                "batsman": 1,
                "extras": 0,
                "total": 1
              }
            }
          },
          {
            "1.5": {
              "batsman": "SP Fleming",
              "bowler": "RP Singh",
              "non_striker": "S Anirudha",
              "runs": {
                "batsman": 0,
                "extras": 0,
                "total": 0
              }
            }
          },
          {
            "1.6": {
              "batsman": "SP Fleming",
              "bowler": "RP Singh",
              "non_striker": "S Anirudha",
              "runs": {
                "batsman": 1,
                "extras": 0,
                "total": 1
              }
            }
          },
          {
            "2.1": {
              "batsman": "SP Fleming",
              "bowler": "DP Vijaykumar",
              "non_striker": "S Anirudha",
              "runs": {
                "batsman": 0,
                "extras": 0,
                "total": 0
              }
            }
          },
          {
            "2.2": {
              "batsman": "SP Fleming",
              "bowler": "DP Vijaykumar",
              "non_striker": "S Anirudha",
              "runs": {
                "batsman": 2,
                "extras": 0,
                "total": 2
              }
            }
          },
          {
            "2.3": {
              "batsman": "SP Fleming",
              "bowler": "DP Vijaykumar",
              "non_striker": "S Anirudha",
              "runs": {
                "batsman": 0,
                "extras": 0,
                "total": 0
              }
            }
          },
          {
            "2.4": {
              "batsman": "SP Fleming",
              "bowler": "DP Vijaykumar",
              "non_striker": "S Anirudha",
              "runs": {
                "batsman": 2,
                "extras": 0,
                "total": 2
              }
            }
          },
          {
            "2.5": {
              "batsman": "SP Fleming",
              "bowler": "DP Vijaykumar",
              "non_striker": "S Anirudha",
              "runs": {
                "batsman": 0,
                "extras": 0,
                "total": 0
              }
            }
          },
          {
            "2.6": {
              "batsman": "SP Fleming",
              "bowler": "DP Vijaykumar",
              "non_striker": "S Anirudha",
              "runs": {
                "batsman": 0,
                "extras": 0,
                "total": 0
              }
            }
          },
          {
            "3.1": {
              "batsman": "S Anirudha",
              "bowler": "RP Singh",
              "extras": {
                "wides": 1
              },
              "non_striker": "SP Fleming",
              "runs": {
                "batsman": 0,
                "extras": 1,
                "total": 1
              }
            }
          },
          {
            "3.2": {
              "batsman": "S Anirudha",
              "bowler": "RP Singh",
              "non_striker": "SP Fleming",
              "runs": {
                "batsman": 0,
                "extras": 0,
                "total": 0
              }
            }
          },
          {
            "3.3": {
              "batsman": "S Anirudha",
              "bowler": "RP Singh",
              "non_striker": "SP Fleming",
              "runs": {
                "batsman": 0,
                "extras": 0,
                "total": 0
              }
            }
          },
          {
            "3.4": {
              "batsman": "S Anirudha",
              "bowler": "RP Singh",
              "non_striker": "SP Fleming",
              "runs": {
                "batsman": 0,
                "extras": 0,
                "total": 0
              },
              "wicket": {
                "fielders": [
                  "Shahid Afridi"
                ],
                "kind": "caught",
                "player_out": "S Anirudha"
              }
            }
          },
          {
            "3.5": {
              "batsman": "SK Raina",
              "bowler": "RP Singh",
              "non_striker": "SP Fleming",
              "runs": {
                "batsman": 1,
                "extras": 0,
                "total": 1
              }
            }
          },
          {
            "3.6": {
              "batsman": "SP Fleming",
              "bowler": "RP Singh",
              "non_striker": "SK Raina",
              "runs": {
                "batsman": 0,
                "extras": 0,
                "total": 0
              }
            }
          },
          {
            "3.7": {
              "batsman": "SP Fleming",
              "bowler": "RP Singh",
              "extras": {
                "wides": 1
              },
              "non_striker": "SK Raina",
              "runs": {
                "batsman": 0,
                "extras": 1,
                "total": 1
              }
            }
          },
          {
            "3.8": {
              "batsman": "SP Fleming",
              "bowler": "RP Singh",
              "non_striker": "SK Raina",
              "runs": {
                "batsman": 4,
                "extras": 0,
                "total": 4
              }
            }
          },
          {
            "4.1": {
              "batsman": "SK Raina",
              "bowler": "DP Vijaykumar",
              "non_striker": "SP Fleming",
              "runs": {
                "batsman": 0,
                "extras": 0,
                "total": 0
              }
            }
          },
          {
            "4.2": {
              "batsman": "SK Raina",
              "bowler": "DP Vijaykumar",
              "non_striker": "SP Fleming",
              "runs": {
                "batsman": 1,
                "extras": 0,
                "total": 1
              }
            }
          },
          {
            "4.3": {
              "batsman": "SP Fleming",
              "bowler": "DP Vijaykumar",
              "non_striker": "SK Raina",
              "runs": {
                "batsman": 0,
                "extras": 0,
                "total": 0
              }
            }
          },
          {
            "4.4": {
              "batsman": "SP Fleming",
              "bowler": "DP Vijaykumar",
              "non_striker": "SK Raina",
              "runs": {
                "batsman": 4,
                "extras": 0,
                "total": 4
              }
            }
          },
          {
            "4.5": {
              "batsman": "SP Fleming",
              "bowler": "DP Vijaykumar",
              "extras": {
                "legbyes": 1
              },
              "non_striker": "SK Raina",
              "runs": {
                "batsman": 0,
                "extras": 1,
                "total": 1
              }
            }
          },
          {
            "4.6": {
              "batsman": "SK Raina",
              "bowler": "DP Vijaykumar",
              "non_striker": "SP Fleming",
              "runs": {
                "batsman": 4,
                "extras": 0,
                "total": 4
              }
            }
          },
          {
            "5.1": {
              "batsman": "SP Fleming",
              "bowler": "SB Styris",
              "non_striker": "SK Raina",
              "runs": {
                "batsman": 0,
                "extras": 0,
                "total": 0
              }
            }
          },
          {
            "5.2": {
              "batsman": "SP Fleming",
              "bowler": "SB Styris",
              "non_striker": "SK Raina",
              "runs": {
                "batsman": 1,
                "extras": 0,
                "total": 1
              }
            }
          },
          {
            "5.3": {
              "batsman": "SK Raina",
              "bowler": "SB Styris",
              "non_striker": "SP Fleming",
              "runs": {
                "batsman": 1,
                "extras": 0,
                "total": 1
              }
            }
          },
          {
            "5.4": {
              "batsman": "SP Fleming",
              "bowler": "SB Styris",
              "non_striker": "SK Raina",
              "runs": {
                "batsman": 0,
                "extras": 0,
                "total": 0
              },
              "wicket": {
                "fielders": [
                  "RG Sharma"
                ],
                "kind": "caught",
                "player_out": "SP Fleming"
              }
            }
          },
          {
            "5.5": {
              "batsman": "S Badrinath",
              "bowler": "SB Styris",
              "extras": {
                "wides": 1
              },
              "non_striker": "SK Raina",
              "runs": {
                "batsman": 0,
                "extras": 1,
                "total": 1
              }
            }
          },
          {
            "5.6": {
              "batsman": "S Badrinath",
              "bowler": "SB Styris",
              "non_striker": "SK Raina",
              "runs": {
                "batsman": 0,
                "extras": 0,
                "total": 0
              }
            }
          },
          {
            "5.7": {
              "batsman": "S Badrinath",
              "bowler": "SB Styris",
              "non_striker": "SK Raina",
              "runs": {
                "batsman": 0,
                "extras": 0,
                "total": 0
              }
            }
          },
          {
            "6.1": {
              "batsman": "SK Raina",
              "bowler": "Shahid Afridi",
              "non_striker": "S Badrinath",
              "runs": {
                "batsman": 4,
                "extras": 0,
                "total": 4
              }
            }
          },
          {
            "6.2": {
              "batsman": "SK Raina",
              "bowler": "Shahid Afridi",
              "non_striker": "S Badrinath",
              "runs": {
                "batsman": 4,
                "extras": 0,
                "total": 4
              }
            }
          },
          {
            "6.3": {
              "batsman": "SK Raina",
              "bowler": "Shahid Afridi",
              "non_striker": "S Badrinath",
              "runs": {
                "batsman": 1,
                "extras": 0,
                "total": 1
              }
            }
          },
          {
            "6.4": {
              "batsman": "S Badrinath",
              "bowler": "Shahid Afridi",
              "non_striker": "SK Raina",
              "runs": {
                "batsman": 0,
                "extras": 0,
                "total": 0
              }
            }
          },
          {
            "6.5": {
              "batsman": "S Badrinath",
              "bowler": "Shahid Afridi",
              "non_striker": "SK Raina",
              "runs": {
                "batsman": 0,
                "extras": 0,
                "total": 0
              },
              "wicket": {
                "fielders": [
                  "HH Gibbs"
                ],
                "kind": "caught",
                "player_out": "S Badrinath"
              }
            }
          },
          {
            "6.6": {
              "batsman": "MS Dhoni",
              "bowler": "Shahid Afridi",
              "non_striker": "SK Raina",
              "runs": {
                "batsman": 0,
                "extras": 0,
                "total": 0
              }
            }
          },
          {
            "7.1": {
              "batsman": "SK Raina",
              "bowler": "SB Styris",
              "non_striker": "MS Dhoni",
              "runs": {
                "batsman": 1,
                "extras": 0,
                "total": 1
              }
            }
          },
          {
            "7.2": {
              "batsman": "MS Dhoni",
              "bowler": "SB Styris",
              "non_striker": "SK Raina",
              "runs": {
                "batsman": 0,
                "extras": 0,
                "total": 0
              }
            }
          },
          {
            "7.3": {
              "batsman": "MS Dhoni",
              "bowler": "SB Styris",
              "non_striker": "SK Raina",
              "runs": {
                "batsman": 0,
                "extras": 0,
                "total": 0
              }
            }
          },
          {
            "7.4": {
              "batsman": "MS Dhoni",
              "bowler": "SB Styris",
              "non_striker": "SK Raina",
              "runs": {
                "batsman": 4,
                "extras": 0,
                "total": 4
              }
            }
          },
          {
            "7.5": {
              "batsman": "MS Dhoni",
              "bowler": "SB Styris",
              "non_striker": "SK Raina",
              "runs": {
                "batsman": 1,
                "extras": 0,
                "total": 1
              }
            }
          },
          {
            "7.6": {
              "batsman": "SK Raina",
              "bowler": "SB Styris",
              "non_striker": "MS Dhoni",
              "runs": {
                "batsman": 1,
                "extras": 0,
                "total": 1
              }
            }
          },
          {
            "8.1": {
              "batsman": "SK Raina",
              "bowler": "Shahid Afridi",
              "non_striker": "MS Dhoni",
              "runs": {
                "batsman": 1,
                "extras": 0,
                "total": 1
              }
            }
          },
          {
            "8.2": {
              "batsman": "MS Dhoni",
              "bowler": "Shahid Afridi",
              "non_striker": "SK Raina",
              "runs": {
                "batsman": 0,
                "extras": 0,
                "total": 0
              }
            }
          },
          {
            "8.3": {
              "batsman": "MS Dhoni",
              "bowler": "Shahid Afridi",
              "non_striker": "SK Raina",
              "runs": {
                "batsman": 4,
                "extras": 0,
                "total": 4
              }
            }
          },
          {
            "8.4": {
              "batsman": "MS Dhoni",
              "bowler": "Shahid Afridi",
              "non_striker": "SK Raina",
              "runs": {
                "batsman": 0,
                "extras": 0,
                "total": 0
              }
            }
          },
          {
            "8.5": {
              "batsman": "MS Dhoni",
              "bowler": "Shahid Afridi",
              "non_striker": "SK Raina",
              "runs": {
                "batsman": 1,
                "extras": 0,
                "total": 1
              }
            }
          },
          {
            "8.6": {
              "batsman": "SK Raina",
              "bowler": "Shahid Afridi",
              "non_striker": "MS Dhoni",
              "runs": {
                "batsman": 4,
                "extras": 0,
                "total": 4
              }
            }
          },
          {
            "9.1": {
              "batsman": "MS Dhoni",
              "bowler": "SB Bangar",
              "non_striker": "SK Raina",
              "runs": {
                "batsman": 0,
                "extras": 0,
                "total": 0
              }
            }
          },
          {
            "9.2": {
              "batsman": "MS Dhoni",
              "bowler": "SB Bangar",
              "non_striker": "SK Raina",
              "runs": {
                "batsman": 0,
                "extras": 0,
                "total": 0
              }
            }
          },
          {
            "9.3": {
              "batsman": "MS Dhoni",
              "bowler": "SB Bangar",
              "non_striker": "SK Raina",
              "runs": {
                "batsman": 2,
                "extras": 0,
                "total": 2
              }
            }
          },
          {
            "9.4": {
              "batsman": "MS Dhoni",
              "bowler": "SB Bangar",
              "non_striker": "SK Raina",
              "runs": {
                "batsman": 2,
                "extras": 0,
                "total": 2
              }
            }
          },
          {
            "9.5": {
              "batsman": "MS Dhoni",
              "bowler": "SB Bangar",
              "non_striker": "SK Raina",
              "runs": {
                "batsman": 0,
                "extras": 0,
                "total": 0
              }
            }
          },
          {
            "9.6": {
              "batsman": "MS Dhoni",
              "bowler": "SB Bangar",
              "non_striker": "SK Raina",
              "runs": {
                "batsman": 2,
                "extras": 0,
                "total": 2
              }
            }
          },
          {
            "10.1": {
              "batsman": "SK Raina",
              "bowler": "PP Ojha",
              "non_striker": "MS Dhoni",
              "runs": {
                "batsman": 1,
                "extras": 0,
                "total": 1
              }
            }
          },
          {
            "10.2": {
              "batsman": "MS Dhoni",
              "bowler": "PP Ojha",
              "non_striker": "SK Raina",
              "runs": {
                "batsman": 2,
                "extras": 0,
                "total": 2
              }
            }
          },
          {
            "10.3": {
              "batsman": "MS Dhoni",
              "bowler": "PP Ojha",
              "non_striker": "SK Raina",
              "runs": {
                "batsman": 0,
                "extras": 0,
                "total": 0
              }
            }
          },
          {
            "10.4": {
              "batsman": "MS Dhoni",
              "bowler": "PP Ojha",
              "non_striker": "SK Raina",
              "runs": {
                "batsman": 0,
                "extras": 0,
                "total": 0
              }
            }
          },
          {
            "10.5": {
              "batsman": "MS Dhoni",
              "bowler": "PP Ojha",
              "extras": {
                "wides": 1
              },
              "non_striker": "SK Raina",
              "runs": {
                "batsman": 0,
                "extras": 1,
                "total": 1
              }
            }
          },
          {
            "10.6": {
              "batsman": "MS Dhoni",
              "bowler": "PP Ojha",
              "non_striker": "SK Raina",
              "runs": {
                "batsman": 0,
                "extras": 0,
                "total": 0
              }
            }
          },
          {
            "10.7": {
              "batsman": "MS Dhoni",
              "bowler": "PP Ojha",
              "non_striker": "SK Raina",
              "runs": {
                "batsman": 0,
                "extras": 0,
                "total": 0
              }
            }
          },
          {
            "11.1": {
              "batsman": "SK Raina",
              "bowler": "SB Bangar",
              "non_striker": "MS Dhoni",
              "runs": {
                "batsman": 4,
                "extras": 0,
                "total": 4
              }
            }
          },
          {
            "11.2": {
              "batsman": "SK Raina",
              "bowler": "SB Bangar",
              "non_striker": "MS Dhoni",
              "runs": {
                "batsman": 0,
                "extras": 0,
                "total": 0
              }
            }
          },
          {
            "11.3": {
              "batsman": "SK Raina",
              "bowler": "SB Bangar",
              "non_striker": "MS Dhoni",
              "runs": {
                "batsman": 0,
                "extras": 0,
                "total": 0
              }
            }
          },
          {
            "11.4": {
              "batsman": "SK Raina",
              "bowler": "SB Bangar",
              "non_striker": "MS Dhoni",
              "runs": {
                "batsman": 1,
                "extras": 0,
                "total": 1
              }
            }
          },
          {
            "11.5": {
              "batsman": "MS Dhoni",
              "bowler": "SB Bangar",
              "non_striker": "SK Raina",
              "runs": {
                "batsman": 1,
                "extras": 0,
                "total": 1
              }
            }
          },
          {
            "11.6": {
              "batsman": "SK Raina",
              "bowler": "SB Bangar",
              "non_striker": "MS Dhoni",
              "runs": {
                "batsman": 1,
                "extras": 0,
                "total": 1
              }
            }
          },
          {
            "12.1": {
              "batsman": "SK Raina",
              "bowler": "PP Ojha",
              "non_striker": "MS Dhoni",
              "runs": {
                "batsman": 1,
                "extras": 0,
                "total": 1
              }
            }
          },
          {
            "12.2": {
              "batsman": "MS Dhoni",
              "bowler": "PP Ojha",
              "non_striker": "SK Raina",
              "runs": {
                "batsman": 0,
                "extras": 0,
                "total": 0
              }
            }
          },
          {
            "12.3": {
              "batsman": "MS Dhoni",
              "bowler": "PP Ojha",
              "non_striker": "SK Raina",
              "runs": {
                "batsman": 0,
                "extras": 0,
                "total": 0
              }
            }
          },
          {
            "12.4": {
              "batsman": "MS Dhoni",
              "bowler": "PP Ojha",
              "non_striker": "SK Raina",
              "runs": {
                "batsman": 1,
                "extras": 0,
                "total": 1
              }
            }
          },
          {
            "12.5": {
              "batsman": "SK Raina",
              "bowler": "PP Ojha",
              "non_striker": "MS Dhoni",
              "runs": {
                "batsman": 1,
                "extras": 0,
                "total": 1
              }
            }
          },
          {
            "12.6": {
              "batsman": "MS Dhoni",
              "bowler": "PP Ojha",
              "non_striker": "SK Raina",
              "runs": {
                "batsman": 1,
                "extras": 0,
                "total": 1
              }
            }
          },
          {
            "13.1": {
              "batsman": "MS Dhoni",
              "bowler": "SB Bangar",
              "non_striker": "SK Raina",
              "runs": {
                "batsman": 0,
                "extras": 0,
                "total": 0
              }
            }
          },
          {
            "13.2": {
              "batsman": "MS Dhoni",
              "bowler": "SB Bangar",
              "non_striker": "SK Raina",
              "runs": {
                "batsman": 1,
                "extras": 0,
                "total": 1
              }
            }
          },
          {
            "13.3": {
              "batsman": "SK Raina",
              "bowler": "SB Bangar",
              "non_striker": "MS Dhoni",
              "runs": {
                "batsman": 0,
                "extras": 0,
                "total": 0
              },
              "wicket": {
                "fielders": [
                  "RG Sharma"
                ],
                "kind": "caught",
                "player_out": "SK Raina"
              }
            }
          },
          {
            "13.4": {
              "batsman": "JA Morkel",
              "bowler": "SB Bangar",
              "non_striker": "MS Dhoni",
              "runs": {
                "batsman": 0,
                "extras": 0,
                "total": 0
              }
            }
          },
          {
            "13.5": {
              "batsman": "JA Morkel",
              "bowler": "SB Bangar",
              "non_striker": "MS Dhoni",
              "runs": {
                "batsman": 0,
                "extras": 0,
                "total": 0
              }
            }
          },
          {
            "13.6": {
              "batsman": "JA Morkel",
              "bowler": "SB Bangar",
              "non_striker": "MS Dhoni",
              "runs": {
                "batsman": 2,
                "extras": 0,
                "total": 2
              }
            }
          },
          {
            "14.1": {
              "batsman": "MS Dhoni",
              "bowler": "PP Ojha",
              "non_striker": "JA Morkel",
              "runs": {
                "batsman": 0,
                "extras": 0,
                "total": 0
              }
            }
          },
          {
            "14.2": {
              "batsman": "MS Dhoni",
              "bowler": "PP Ojha",
              "non_striker": "JA Morkel",
              "runs": {
                "batsman": 0,
                "extras": 0,
                "total": 0
              }
            }
          },
          {
            "14.3": {
              "batsman": "MS Dhoni",
              "bowler": "PP Ojha",
              "non_striker": "JA Morkel",
              "runs": {
                "batsman": 1,
                "extras": 0,
                "total": 1
              }
            }
          },
          {
            "14.4": {
              "batsman": "JA Morkel",
              "bowler": "PP Ojha",
              "non_striker": "MS Dhoni",
              "runs": {
                "batsman": 1,
                "extras": 0,
                "total": 1
              }
            }
          },
          {
            "14.5": {
              "batsman": "MS Dhoni",
              "bowler": "PP Ojha",
              "non_striker": "JA Morkel",
              "runs": {
                "batsman": 0,
                "extras": 0,
                "total": 0
              },
              "wicket": {
                "fielders": [
                  "Shahid Afridi"
                ],
                "kind": "caught",
                "player_out": "MS Dhoni"
              }
            }
          },
          {
            "14.6": {
              "batsman": "Joginder Sharma",
              "bowler": "PP Ojha",
              "non_striker": "JA Morkel",
              "runs": {
                "batsman": 0,
                "extras": 0,
                "total": 0
              }
            }
          },
          {
            "15.1": {
              "batsman": "JA Morkel",
              "bowler": "Shahid Afridi",
              "non_striker": "Joginder Sharma",
              "runs": {
                "batsman": 1,
                "extras": 0,
                "total": 1
              }
            }
          },
          {
            "15.2": {
              "batsman": "Joginder Sharma",
              "bowler": "Shahid Afridi",
              "non_striker": "JA Morkel",
              "runs": {
                "batsman": 1,
                "extras": 0,
                "total": 1
              }
            }
          },
          {
            "15.3": {
              "batsman": "JA Morkel",
              "bowler": "Shahid Afridi",
              "extras": {
                "legbyes": 1
              },
              "non_striker": "Joginder Sharma",
              "runs": {
                "batsman": 0,
                "extras": 1,
                "total": 1
              }
            }
          },
          {
            "15.4": {
              "batsman": "Joginder Sharma",
              "bowler": "Shahid Afridi",
              "non_striker": "JA Morkel",
              "runs": {
                "batsman": 4,
                "extras": 0,
                "total": 4
              }
            }
          },
          {
            "15.5": {
              "batsman": "Joginder Sharma",
              "bowler": "Shahid Afridi",
              "non_striker": "JA Morkel",
              "runs": {
                "batsman": 1,
                "extras": 0,
                "total": 1
              }
            }
          },
          {
            "15.6": {
              "batsman": "JA Morkel",
              "bowler": "Shahid Afridi",
              "non_striker": "Joginder Sharma",
              "runs": {
                "batsman": 1,
                "extras": 0,
                "total": 1
              }
            }
          },
          {
            "16.1": {
              "batsman": "JA Morkel",
              "bowler": "PP Ojha",
              "non_striker": "Joginder Sharma",
              "runs": {
                "batsman": 2,
                "extras": 0,
                "total": 2
              }
            }
          },
          {
            "16.2": {
              "batsman": "JA Morkel",
              "bowler": "PP Ojha",
              "non_striker": "Joginder Sharma",
              "runs": {
                "batsman": 6,
                "extras": 0,
                "total": 6
              }
            }
          },
          {
            "16.3": {
              "batsman": "JA Morkel",
              "bowler": "PP Ojha",
              "non_striker": "Joginder Sharma",
              "runs": {
                "batsman": 1,
                "extras": 0,
                "total": 1
              }
            }
          },
          {
            "16.4": {
              "batsman": "Joginder Sharma",
              "bowler": "PP Ojha",
              "non_striker": "JA Morkel",
              "runs": {
                "batsman": 1,
                "extras": 0,
                "total": 1
              }
            }
          },
          {
            "16.5": {
              "batsman": "JA Morkel",
              "bowler": "PP Ojha",
              "non_striker": "Joginder Sharma",
              "runs": {
                "batsman": 1,
                "extras": 0,
                "total": 1
              }
            }
          },
          {
            "16.6": {
              "batsman": "Joginder Sharma",
              "bowler": "PP Ojha",
              "non_striker": "JA Morkel",
              "runs": {
                "batsman": 1,
                "extras": 0,
                "total": 1
              }
            }
          },
          {
            "17.1": {
              "batsman": "Joginder Sharma",
              "bowler": "SB Styris",
              "non_striker": "JA Morkel",
              "runs": {
                "batsman": 1,
                "extras": 0,
                "total": 1
              }
            }
          },
          {
            "17.2": {
              "batsman": "JA Morkel",
              "bowler": "SB Styris",
              "non_striker": "Joginder Sharma",
              "runs": {
                "batsman": 0,
                "extras": 0,
                "total": 0
              }
            }
          },
          {
            "17.3": {
              "batsman": "JA Morkel",
              "bowler": "SB Styris",
              "non_striker": "Joginder Sharma",
              "runs": {
                "batsman": 6,
                "extras": 0,
                "total": 6
              }
            }
          },
          {
            "17.4": {
              "batsman": "JA Morkel",
              "bowler": "SB Styris",
              "non_striker": "Joginder Sharma",
              "runs": {
                "batsman": 0,
                "extras": 0,
                "total": 0
              }
            }
          },
          {
            "17.5": {
              "batsman": "JA Morkel",
              "bowler": "SB Styris",
              "non_striker": "Joginder Sharma",
              "runs": {
                "batsman": 1,
                "extras": 0,
                "total": 1
              }
            }
          },
          {
            "17.6": {
              "batsman": "Joginder Sharma",
              "bowler": "SB Styris",
              "non_striker": "JA Morkel",
              "runs": {
                "batsman": 6,
                "extras": 0,
                "total": 6
              }
            }
          },
          {
            "18.1": {
              "batsman": "JA Morkel",
              "bowler": "RP Singh",
              "non_striker": "Joginder Sharma",
              "runs": {
                "batsman": 1,
                "extras": 0,
                "total": 1
              }
            }
          },
          {
            "18.2": {
              "batsman": "Joginder Sharma",
              "bowler": "RP Singh",
              "non_striker": "JA Morkel",
              "runs": {
                "batsman": 1,
                "extras": 0,
                "total": 1
              }
            }
          },
          {
            "18.3": {
              "batsman": "JA Morkel",
              "bowler": "RP Singh",
              "non_striker": "Joginder Sharma",
              "runs": {
                "batsman": 1,
                "extras": 0,
                "total": 1
              }
            }
          },
          {
            "18.4": {
              "batsman": "Joginder Sharma",
              "bowler": "RP Singh",
              "non_striker": "JA Morkel",
              "runs": {
                "batsman": 0,
                "extras": 0,
                "total": 0
              },
              "wicket": {
                "kind": "bowled",
                "player_out": "Joginder Sharma"
              }
            }
          },
          {
            "18.5": {
              "batsman": "MS Gony",
              "bowler": "RP Singh",
              "non_striker": "JA Morkel",
              "runs": {
                "batsman": 0,
                "extras": 0,
                "total": 0
              }
            }
          },
          {
            "18.6": {
              "batsman": "MS Gony",
              "bowler": "RP Singh",
              "non_striker": "JA Morkel",
              "runs": {
                "batsman": 0,
                "extras": 0,
                "total": 0
              }
            }
          },
          {
            "19.1": {
              "batsman": "JA Morkel",
              "bowler": "SB Bangar",
              "non_striker": "MS Gony",
              "runs": {
                "batsman": 1,
                "extras": 0,
                "total": 1
              }
            }
          },
          {
            "19.2": {
              "batsman": "MS Gony",
              "bowler": "SB Bangar",
              "non_striker": "JA Morkel",
              "runs": {
                "batsman": 6,
                "extras": 0,
                "total": 6
              }
            }
          },
          {
            "19.3": {
              "batsman": "MS Gony",
              "bowler": "SB Bangar",
              "non_striker": "JA Morkel",
              "runs": {
                "batsman": 2,
                "extras": 0,
                "total": 2
              }
            }
          },
          {
            "19.4": {
              "batsman": "MS Gony",
              "bowler": "SB Bangar",
              "non_striker": "JA Morkel",
              "runs": {
                "batsman": 6,
                "extras": 0,
                "total": 6
              }
            }
          },
          {
            "19.5": {
              "batsman": "MS Gony",
              "bowler": "SB Bangar",
              "non_striker": "JA Morkel",
              "runs": {
                "batsman": 1,
                "extras": 0,
                "total": 1
              }
            }
          },
          {
            "19.6": {
              "batsman": "JA Morkel",
              "bowler": "SB Bangar",
              "non_striker": "MS Gony",
              "runs": {
                "batsman": 4,
                "extras": 0,
                "total": 4
              }
            }
          }
        ]
      }
    },
    {
      "2nd innings": {
        "team": "Deccan Chargers",
        "deliveries": [
          {
            "0.1": {
              "batsman": "AC Gilchrist",
              "bowler": "M Ntini",
              "non_striker": "HH Gibbs",
              "runs": {
                "batsman": 2,
                "extras": 0,
                "total": 2
              }
            }
          },
          {
            "0.2": {
              "batsman": "AC Gilchrist",
              "bowler": "M Ntini",
              "non_striker": "HH Gibbs",
              "runs": {
                "batsman": 0,
                "extras": 0,
                "total": 0
              }
            }
          },
          {
            "0.3": {
              "batsman": "AC Gilchrist",
              "bowler": "M Ntini",
              "non_striker": "HH Gibbs",
              "runs": {
                "batsman": 1,
                "extras": 0,
                "total": 1
              }
            }
          },
          {
            "0.4": {
              "batsman": "HH Gibbs",
              "bowler": "M Ntini",
              "non_striker": "AC Gilchrist",
              "runs": {
                "batsman": 0,
                "extras": 0,
                "total": 0
              }
            }
          },
          {
            "0.5": {
              "batsman": "HH Gibbs",
              "bowler": "M Ntini",
              "non_striker": "AC Gilchrist",
              "runs": {
                "batsman": 0,
                "extras": 0,
                "total": 0
              }
            }
          },
          {
            "0.6": {
              "batsman": "HH Gibbs",
              "bowler": "M Ntini",
              "non_striker": "AC Gilchrist",
              "runs": {
                "batsman": 0,
                "extras": 0,
                "total": 0
              }
            }
          },
          {
            "1.1": {
              "batsman": "AC Gilchrist",
              "bowler": "MS Gony",
              "non_striker": "HH Gibbs",
              "runs": {
                "batsman": 0,
                "extras": 0,
                "total": 0
              }
            }
          },
          {
            "1.2": {
              "batsman": "AC Gilchrist",
              "bowler": "MS Gony",
              "non_striker": "HH Gibbs",
              "runs": {
                "batsman": 0,
                "extras": 0,
                "total": 0
              }
            }
          },
          {
            "1.3": {
              "batsman": "AC Gilchrist",
              "bowler": "MS Gony",
              "non_striker": "HH Gibbs",
              "runs": {
                "batsman": 0,
                "extras": 0,
                "total": 0
              }
            }
          },
          {
            "1.4": {
              "batsman": "AC Gilchrist",
              "bowler": "MS Gony",
              "non_striker": "HH Gibbs",
              "runs": {
                "batsman": 0,
                "extras": 0,
                "total": 0
              }
            }
          },
          {
            "1.5": {
              "batsman": "AC Gilchrist",
              "bowler": "MS Gony",
              "non_striker": "HH Gibbs",
              "runs": {
                "batsman": 1,
                "extras": 0,
                "total": 1
              }
            }
          },
          {
            "1.6": {
              "batsman": "HH Gibbs",
              "bowler": "MS Gony",
              "non_striker": "AC Gilchrist",
              "runs": {
                "batsman": 0,
                "extras": 0,
                "total": 0
              }
            }
          },
          {
            "2.1": {
              "batsman": "AC Gilchrist",
              "bowler": "M Ntini",
              "non_striker": "HH Gibbs",
              "runs": {
                "batsman": 1,
                "extras": 0,
                "total": 1
              }
            }
          },
          {
            "2.2": {
              "batsman": "HH Gibbs",
              "bowler": "M Ntini",
              "non_striker": "AC Gilchrist",
              "runs": {
                "batsman": 0,
                "extras": 0,
                "total": 0
              }
            }
          },
          {
            "2.3": {
              "batsman": "HH Gibbs",
              "bowler": "M Ntini",
              "non_striker": "AC Gilchrist",
              "runs": {
                "batsman": 6,
                "extras": 0,
                "total": 6
              }
            }
          },
          {
            "2.4": {
              "batsman": "HH Gibbs",
              "bowler": "M Ntini",
              "non_striker": "AC Gilchrist",
              "runs": {
                "batsman": 0,
                "extras": 0,
                "total": 0
              }
            }
          },
          {
            "2.5": {
              "batsman": "HH Gibbs",
              "bowler": "M Ntini",
              "non_striker": "AC Gilchrist",
              "runs": {
                "batsman": 0,
                "extras": 0,
                "total": 0
              }
            }
          },
          {
            "2.6": {
              "batsman": "HH Gibbs",
              "bowler": "M Ntini",
              "non_striker": "AC Gilchrist",
              "runs": {
                "batsman": 4,
                "extras": 0,
                "total": 4
              }
            }
          },
          {
            "3.1": {
              "batsman": "AC Gilchrist",
              "bowler": "JA Morkel",
              "non_striker": "HH Gibbs",
              "runs": {
                "batsman": 0,
                "extras": 0,
                "total": 0
              }
            }
          },
          {
            "3.2": {
              "batsman": "AC Gilchrist",
              "bowler": "JA Morkel",
              "extras": {
                "wides": 1
              },
              "non_striker": "HH Gibbs",
              "runs": {
                "batsman": 0,
                "extras": 1,
                "total": 1
              }
            }
          },
          {
            "3.3": {
              "batsman": "AC Gilchrist",
              "bowler": "JA Morkel",
              "non_striker": "HH Gibbs",
              "runs": {
                "batsman": 0,
                "extras": 0,
                "total": 0
              }
            }
          },
          {
            "3.4": {
              "batsman": "AC Gilchrist",
              "bowler": "JA Morkel",
              "non_striker": "HH Gibbs",
              "runs": {
                "batsman": 4,
                "extras": 0,
                "total": 4
              }
            }
          },
          {
            "3.5": {
              "batsman": "AC Gilchrist",
              "bowler": "JA Morkel",
              "non_striker": "HH Gibbs",
              "runs": {
                "batsman": 0,
                "extras": 0,
                "total": 0
              }
            }
          },
          {
            "3.6": {
              "batsman": "AC Gilchrist",
              "bowler": "JA Morkel",
              "non_striker": "HH Gibbs",
              "runs": {
                "batsman": 4,
                "extras": 0,
                "total": 4
              }
            }
          },
          {
            "3.7": {
              "batsman": "AC Gilchrist",
              "bowler": "JA Morkel",
              "non_striker": "HH Gibbs",
              "runs": {
                "batsman": 0,
                "extras": 0,
                "total": 0
              }
            }
          },
          {
            "4.1": {
              "batsman": "HH Gibbs",
              "bowler": "MS Gony",
              "non_striker": "AC Gilchrist",
              "runs": {
                "batsman": 0,
                "extras": 0,
                "total": 0
              },
              "wicket": {
                "kind": "caught and bowled",
                "player_out": "HH Gibbs"
              }
            }
          },
          {
            "4.2": {
              "batsman": "SB Styris",
              "bowler": "MS Gony",
              "non_striker": "AC Gilchrist",
              "runs": {
                "batsman": 1,
                "extras": 0,
                "total": 1
              }
            }
          },
          {
            "4.3": {
              "batsman": "AC Gilchrist",
              "bowler": "MS Gony",
              "non_striker": "SB Styris",
              "runs": {
                "batsman": 0,
                "extras": 0,
                "total": 0
              }
            }
          },
          {
            "4.4": {
              "batsman": "AC Gilchrist",
              "bowler": "MS Gony",
              "non_striker": "SB Styris",
              "runs": {
                "batsman": 4,
                "extras": 0,
                "total": 4
              }
            }
          },
          {
            "4.5": {
              "batsman": "AC Gilchrist",
              "bowler": "MS Gony",
              "non_striker": "SB Styris",
              "runs": {
                "batsman": 0,
                "extras": 0,
                "total": 0
              }
            }
          },
          {
            "4.6": {
              "batsman": "AC Gilchrist",
              "bowler": "MS Gony",
              "non_striker": "SB Styris",
              "runs": {
                "batsman": 1,
                "extras": 0,
                "total": 1
              }
            }
          },
          {
            "5.1": {
              "batsman": "AC Gilchrist",
              "bowler": "M Ntini",
              "non_striker": "SB Styris",
              "runs": {
                "batsman": 6,
                "extras": 0,
                "total": 6
              }
            }
          },
          {
            "5.2": {
              "batsman": "AC Gilchrist",
              "bowler": "M Ntini",
              "non_striker": "SB Styris",
              "runs": {
                "batsman": 4,
                "extras": 0,
                "total": 4
              }
            }
          },
          {
            "5.3": {
              "batsman": "AC Gilchrist",
              "bowler": "M Ntini",
              "non_striker": "SB Styris",
              "runs": {
                "batsman": 6,
                "extras": 0,
                "total": 6
              }
            }
          },
          {
            "5.4": {
              "batsman": "AC Gilchrist",
              "bowler": "M Ntini",
              "non_striker": "SB Styris",
              "runs": {
                "batsman": 1,
                "extras": 0,
                "total": 1
              }
            }
          },
          {
            "5.5": {
              "batsman": "SB Styris",
              "bowler": "M Ntini",
              "non_striker": "AC Gilchrist",
              "runs": {
                "batsman": 1,
                "extras": 0,
                "total": 1
              }
            }
          },
          {
            "5.6": {
              "batsman": "AC Gilchrist",
              "bowler": "M Ntini",
              "non_striker": "SB Styris",
              "runs": {
                "batsman": 2,
                "extras": 0,
                "total": 2
              }
            }
          },
          {
            "6.1": {
              "batsman": "SB Styris",
              "bowler": "MS Gony",
              "non_striker": "AC Gilchrist",
              "runs": {
                "batsman": 1,
                "extras": 0,
                "total": 1
              }
            }
          },
          {
            "6.2": {
              "batsman": "AC Gilchrist",
              "bowler": "MS Gony",
              "non_striker": "SB Styris",
              "runs": {
                "batsman": 4,
                "extras": 0,
                "total": 4
              }
            }
          },
          {
            "6.3": {
              "batsman": "AC Gilchrist",
              "bowler": "MS Gony",
              "non_striker": "SB Styris",
              "runs": {
                "batsman": 1,
                "extras": 0,
                "total": 1
              }
            }
          },
          {
            "6.4": {
              "batsman": "SB Styris",
              "bowler": "MS Gony",
              "non_striker": "AC Gilchrist",
              "runs": {
                "batsman": 0,
                "extras": 0,
                "total": 0
              }
            }
          },
          {
            "6.5": {
              "batsman": "SB Styris",
              "bowler": "MS Gony",
              "non_striker": "AC Gilchrist",
              "runs": {
                "batsman": 1,
                "extras": 0,
                "total": 1
              }
            }
          },
          {
            "6.6": {
              "batsman": "AC Gilchrist",
              "bowler": "MS Gony",
              "non_striker": "SB Styris",
              "runs": {
                "batsman": 1,
                "extras": 0,
                "total": 1
              }
            }
          },
          {
            "7.1": {
              "batsman": "AC Gilchrist",
              "bowler": "Joginder Sharma",
              "non_striker": "SB Styris",
              "runs": {
                "batsman": 0,
                "extras": 0,
                "total": 0
              }
            }
          },
          {
            "7.2": {
              "batsman": "AC Gilchrist",
              "bowler": "Joginder Sharma",
              "extras": {
                "noballs": 1
              },
              "non_striker": "SB Styris",
              "runs": {
                "batsman": 4,
                "extras": 1,
                "total": 5
              }
            }
          },
          {
            "7.3": {
              "batsman": "AC Gilchrist",
              "bowler": "Joginder Sharma",
              "extras": {
                "noballs": 1
              },
              "non_striker": "SB Styris",
              "runs": {
                "batsman": 1,
                "extras": 1,
                "total": 2
              }
            }
          },
          {
            "7.4": {
              "batsman": "SB Styris",
              "bowler": "Joginder Sharma",
              "non_striker": "AC Gilchrist",
              "runs": {
                "batsman": 4,
                "extras": 0,
                "total": 4
              }
            }
          },
          {
            "7.5": {
              "batsman": "SB Styris",
              "bowler": "Joginder Sharma",
              "non_striker": "AC Gilchrist",
              "runs": {
                "batsman": 0,
                "extras": 0,
                "total": 0
              }
            }
          },
          {
            "7.6": {
              "batsman": "SB Styris",
              "bowler": "Joginder Sharma",
              "non_striker": "AC Gilchrist",
              "runs": {
                "batsman": 1,
                "extras": 0,
                "total": 1
              }
            }
          },
          {
            "7.7": {
              "batsman": "AC Gilchrist",
              "bowler": "Joginder Sharma",
              "non_striker": "SB Styris",
              "runs": {
                "batsman": 0,
                "extras": 0,
                "total": 0
              }
            }
          },
          {
            "7.8": {
              "batsman": "AC Gilchrist",
              "bowler": "Joginder Sharma",
              "non_striker": "SB Styris",
              "runs": {
                "batsman": 1,
                "extras": 0,
                "total": 1
              }
            }
          },
          {
            "8.1": {
              "batsman": "AC Gilchrist",
              "bowler": "M Muralitharan",
              "non_striker": "SB Styris",
              "runs": {
                "batsman": 0,
                "extras": 0,
                "total": 0
              }
            }
          },
          {
            "8.2": {
              "batsman": "AC Gilchrist",
              "bowler": "M Muralitharan",
              "non_striker": "SB Styris",
              "runs": {
                "batsman": 1,
                "extras": 0,
                "total": 1
              }
            }
          },
          {
            "8.3": {
              "batsman": "SB Styris",
              "bowler": "M Muralitharan",
              "non_striker": "AC Gilchrist",
              "runs": {
                "batsman": 0,
                "extras": 0,
                "total": 0
              }
            }
          },
          {
            "8.4": {
              "batsman": "SB Styris",
              "bowler": "M Muralitharan",
              "non_striker": "AC Gilchrist",
              "runs": {
                "batsman": 0,
                "extras": 0,
                "total": 0
              }
            }
          },
          {
            "8.5": {
              "batsman": "SB Styris",
              "bowler": "M Muralitharan",
              "non_striker": "AC Gilchrist",
              "runs": {
                "batsman": 1,
                "extras": 0,
                "total": 1
              }
            }
          },
          {
            "8.6": {
              "batsman": "AC Gilchrist",
              "bowler": "M Muralitharan",
              "non_striker": "SB Styris",
              "runs": {
                "batsman": 4,
                "extras": 0,
                "total": 4
              }
            }
          },
          {
            "9.1": {
              "batsman": "SB Styris",
              "bowler": "JA Morkel",
              "non_striker": "AC Gilchrist",
              "runs": {
                "batsman": 0,
                "extras": 0,
                "total": 0
              }
            }
          },
          {
            "9.2": {
              "batsman": "SB Styris",
              "bowler": "JA Morkel",
              "non_striker": "AC Gilchrist",
              "runs": {
                "batsman": 0,
                "extras": 0,
                "total": 0
              }
            }
          },
          {
            "9.3": {
              "batsman": "SB Styris",
              "bowler": "JA Morkel",
              "non_striker": "AC Gilchrist",
              "runs": {
                "batsman": 0,
                "extras": 0,
                "total": 0
              }
            }
          },
          {
            "9.4": {
              "batsman": "SB Styris",
              "bowler": "JA Morkel",
              "non_striker": "AC Gilchrist",
              "runs": {
                "batsman": 1,
                "extras": 0,
                "total": 1
              }
            }
          },
          {
            "9.5": {
              "batsman": "AC Gilchrist",
              "bowler": "JA Morkel",
              "non_striker": "SB Styris",
              "runs": {
                "batsman": 0,
                "extras": 0,
                "total": 0
              },
              "wicket": {
                "fielders": [
                  "S Badrinath"
                ],
                "kind": "caught",
                "player_out": "AC Gilchrist"
              }
            }
          },
          {
            "9.6": {
              "batsman": "RG Sharma",
              "bowler": "JA Morkel",
              "non_striker": "SB Styris",
              "runs": {
                "batsman": 0,
                "extras": 0,
                "total": 0
              }
            }
          },
          {
            "10.1": {
              "batsman": "SB Styris",
              "bowler": "M Muralitharan",
              "non_striker": "RG Sharma",
              "runs": {
                "batsman": 1,
                "extras": 0,
                "total": 1
              }
            }
          },
          {
            "10.2": {
              "batsman": "RG Sharma",
              "bowler": "M Muralitharan",
              "non_striker": "SB Styris",
              "runs": {
                "batsman": 3,
                "extras": 0,
                "total": 3
              }
            }
          },
          {
            "10.3": {
              "batsman": "SB Styris",
              "bowler": "M Muralitharan",
              "non_striker": "RG Sharma",
              "runs": {
                "batsman": 1,
                "extras": 0,
                "total": 1
              }
            }
          },
          {
            "10.4": {
              "batsman": "RG Sharma",
              "bowler": "M Muralitharan",
              "non_striker": "SB Styris",
              "runs": {
                "batsman": 4,
                "extras": 0,
                "total": 4
              }
            }
          },
          {
            "10.5": {
              "batsman": "RG Sharma",
              "bowler": "M Muralitharan",
              "non_striker": "SB Styris",
              "runs": {
                "batsman": 1,
                "extras": 0,
                "total": 1
              }
            }
          },
          {
            "10.6": {
              "batsman": "SB Styris",
              "bowler": "M Muralitharan",
              "non_striker": "RG Sharma",
              "runs": {
                "batsman": 0,
                "extras": 0,
                "total": 0
              }
            }
          },
          {
            "11.1": {
              "batsman": "RG Sharma",
              "bowler": "JA Morkel",
              "non_striker": "SB Styris",
              "runs": {
                "batsman": 1,
                "extras": 0,
                "total": 1
              }
            }
          },
          {
            "11.2": {
              "batsman": "SB Styris",
              "bowler": "JA Morkel",
              "non_striker": "RG Sharma",
              "runs": {
                "batsman": 4,
                "extras": 0,
                "total": 4
              }
            }
          },
          {
            "11.3": {
              "batsman": "SB Styris",
              "bowler": "JA Morkel",
              "non_striker": "RG Sharma",
              "runs": {
                "batsman": 0,
                "extras": 0,
                "total": 0
              }
            }
          },
          {
            "11.4": {
              "batsman": "SB Styris",
              "bowler": "JA Morkel",
              "non_striker": "RG Sharma",
              "runs": {
                "batsman": 0,
                "extras": 0,
                "total": 0
              }
            }
          },
          {
            "11.5": {
              "batsman": "SB Styris",
              "bowler": "JA Morkel",
              "non_striker": "RG Sharma",
              "runs": {
                "batsman": 0,
                "extras": 0,
                "total": 0
              }
            }
          },
          {
            "11.6": {
              "batsman": "SB Styris",
              "bowler": "JA Morkel",
              "non_striker": "RG Sharma",
              "runs": {
                "batsman": 1,
                "extras": 0,
                "total": 1
              }
            }
          },
          {
            "12.1": {
              "batsman": "SB Styris",
              "bowler": "M Muralitharan",
              "non_striker": "RG Sharma",
              "runs": {
                "batsman": 0,
                "extras": 0,
                "total": 0
              }
            }
          },
          {
            "12.2": {
              "batsman": "SB Styris",
              "bowler": "M Muralitharan",
              "extras": {
                "legbyes": 1
              },
              "non_striker": "RG Sharma",
              "runs": {
                "batsman": 0,
                "extras": 1,
                "total": 1
              }
            }
          },
          {
            "12.3": {
              "batsman": "RG Sharma",
              "bowler": "M Muralitharan",
              "non_striker": "SB Styris",
              "runs": {
                "batsman": 0,
                "extras": 0,
                "total": 0
              }
            }
          },
          {
            "12.4": {
              "batsman": "RG Sharma",
              "bowler": "M Muralitharan",
              "non_striker": "SB Styris",
              "runs": {
                "batsman": 1,
                "extras": 0,
                "total": 1
              }
            }
          },
          {
            "12.5": {
              "batsman": "SB Styris",
              "bowler": "M Muralitharan",
              "non_striker": "RG Sharma",
              "runs": {
                "batsman": 4,
                "extras": 0,
                "total": 4
              }
            }
          },
          {
            "12.6": {
              "batsman": "SB Styris",
              "bowler": "M Muralitharan",
              "non_striker": "RG Sharma",
              "runs": {
                "batsman": 1,
                "extras": 0,
                "total": 1
              }
            }
          },
          {
            "13.1": {
              "batsman": "SB Styris",
              "bowler": "Joginder Sharma",
              "non_striker": "RG Sharma",
              "runs": {
                "batsman": 1,
                "extras": 0,
                "total": 1
              }
            }
          },
          {
            "13.2": {
              "batsman": "RG Sharma",
              "bowler": "Joginder Sharma",
              "non_striker": "SB Styris",
              "runs": {
                "batsman": 0,
                "extras": 0,
                "total": 0
              }
            }
          },
          {
            "13.3": {
              "batsman": "RG Sharma",
              "bowler": "Joginder Sharma",
              "non_striker": "SB Styris",
              "runs": {
                "batsman": 0,
                "extras": 0,
                "total": 0
              }
            }
          },
          {
            "13.4": {
              "batsman": "RG Sharma",
              "bowler": "Joginder Sharma",
              "non_striker": "SB Styris",
              "runs": {
                "batsman": 6,
                "extras": 0,
                "total": 6
              }
            }
          },
          {
            "13.5": {
              "batsman": "RG Sharma",
              "bowler": "Joginder Sharma",
              "non_striker": "SB Styris",
              "runs": {
                "batsman": 0,
                "extras": 0,
                "total": 0
              }
            }
          },
          {
            "13.6": {
              "batsman": "RG Sharma",
              "bowler": "Joginder Sharma",
              "non_striker": "SB Styris",
              "runs": {
                "batsman": 4,
                "extras": 0,
                "total": 4
              }
            }
          },
          {
            "14.1": {
              "batsman": "SB Styris",
              "bowler": "M Ntini",
              "non_striker": "RG Sharma",
              "runs": {
                "batsman": 0,
                "extras": 0,
                "total": 0
              }
            }
          },
          {
            "14.2": {
              "batsman": "SB Styris",
              "bowler": "M Ntini",
              "non_striker": "RG Sharma",
              "runs": {
                "batsman": 0,
                "extras": 0,
                "total": 0
              }
            }
          },
          {
            "14.3": {
              "batsman": "SB Styris",
              "bowler": "M Ntini",
              "non_striker": "RG Sharma",
              "runs": {
                "batsman": 0,
                "extras": 0,
                "total": 0
              }
            }
          },
          {
            "14.4": {
              "batsman": "SB Styris",
              "bowler": "M Ntini",
              "non_striker": "RG Sharma",
              "runs": {
                "batsman": 1,
                "extras": 0,
                "total": 1
              }
            }
          },
          {
            "14.5": {
              "batsman": "RG Sharma",
              "bowler": "M Ntini",
              "non_striker": "SB Styris",
              "runs": {
                "batsman": 1,
                "extras": 0,
                "total": 1
              }
            }
          },
          {
            "14.6": {
              "batsman": "SB Styris",
              "bowler": "M Ntini",
              "non_striker": "RG Sharma",
              "runs": {
                "batsman": 1,
                "extras": 0,
                "total": 1
              }
            }
          },
          {
            "15.1": {
              "batsman": "SB Styris",
              "bowler": "JA Morkel",
              "non_striker": "RG Sharma",
              "runs": {
                "batsman": 1,
                "extras": 0,
                "total": 1
              }
            }
          },
          {
            "15.2": {
              "batsman": "RG Sharma",
              "bowler": "JA Morkel",
              "non_striker": "SB Styris",
              "runs": {
                "batsman": 0,
                "extras": 0,
                "total": 0
              }
            }
          },
          {
            "15.3": {
              "batsman": "RG Sharma",
              "bowler": "JA Morkel",
              "non_striker": "SB Styris",
              "runs": {
                "batsman": 1,
                "extras": 0,
                "total": 1
              }
            }
          },
          {
            "15.4": {
              "batsman": "SB Styris",
              "bowler": "JA Morkel",
              "non_striker": "RG Sharma",
              "runs": {
                "batsman": 1,
                "extras": 0,
                "total": 1
              }
            }
          },
          {
            "15.5": {
              "batsman": "RG Sharma",
              "bowler": "JA Morkel",
              "non_striker": "SB Styris",
              "runs": {
                "batsman": 1,
                "extras": 0,
                "total": 1
              }
            }
          },
          {
            "15.6": {
              "batsman": "SB Styris",
              "bowler": "JA Morkel",
              "non_striker": "RG Sharma",
              "runs": {
                "batsman": 6,
                "extras": 0,
                "total": 6
              }
            }
          },
          {
            "16.1": {
              "batsman": "RG Sharma",
              "bowler": "M Muralitharan",
              "non_striker": "SB Styris",
              "runs": {
                "batsman": 0,
                "extras": 0,
                "total": 0
              },
              "wicket": {
                "fielders": [
                  "S Badrinath"
                ],
                "kind": "caught",
                "player_out": "RG Sharma"
              }
            }
          },
          {
            "16.2": {
              "batsman": "SB Styris",
              "bowler": "M Muralitharan",
              "non_striker": "Shahid Afridi",
              "runs": {
                "batsman": 0,
                "extras": 0,
                "total": 0
              }
            }
          },
          {
            "16.3": {
              "batsman": "SB Styris",
              "bowler": "M Muralitharan",
              "extras": {
                "wides": 1
              },
              "non_striker": "Shahid Afridi",
              "runs": {
                "batsman": 0,
                "extras": 1,
                "total": 1
              }
            }
          },
          {
            "16.4": {
              "batsman": "SB Styris",
              "bowler": "M Muralitharan",
              "non_striker": "Shahid Afridi",
              "runs": {
                "batsman": 0,
                "extras": 0,
                "total": 0
              }
            }
          },
          {
            "16.5": {
              "batsman": "SB Styris",
              "bowler": "M Muralitharan",
              "non_striker": "Shahid Afridi",
              "runs": {
                "batsman": 0,
                "extras": 0,
                "total": 0
              }
            }
          },
          {
            "16.6": {
              "batsman": "SB Styris",
              "bowler": "M Muralitharan",
              "non_striker": "Shahid Afridi",
              "runs": {
                "batsman": 1,
                "extras": 0,
                "total": 1
              }
            }
          },
          {
            "16.7": {
              "batsman": "Shahid Afridi",
              "bowler": "M Muralitharan",
              "non_striker": "SB Styris",
              "runs": {
                "batsman": 0,
                "extras": 0,
                "total": 0
              }
            }
          },
          {
            "17.1": {
              "batsman": "SB Styris",
              "bowler": "Joginder Sharma",
              "non_striker": "Shahid Afridi",
              "runs": {
                "batsman": 1,
                "extras": 0,
                "total": 1
              }
            }
          },
          {
            "17.2": {
              "batsman": "Shahid Afridi",
              "bowler": "Joginder Sharma",
              "non_striker": "SB Styris",
              "runs": {
                "batsman": 0,
                "extras": 0,
                "total": 0
              }
            }
          },
          {
            "17.3": {
              "batsman": "Shahid Afridi",
              "bowler": "Joginder Sharma",
              "non_striker": "SB Styris",
              "runs": {
                "batsman": 6,
                "extras": 0,
                "total": 6
              }
            }
          },
          {
            "17.4": {
              "batsman": "Shahid Afridi",
              "bowler": "Joginder Sharma",
              "non_striker": "SB Styris",
              "runs": {
                "batsman": 4,
                "extras": 0,
                "total": 4
              }
            }
          },
          {
            "17.5": {
              "batsman": "Shahid Afridi",
              "bowler": "Joginder Sharma",
              "non_striker": "SB Styris",
              "runs": {
                "batsman": 6,
                "extras": 0,
                "total": 6
              }
            }
          },
          {
            "17.6": {
              "batsman": "Shahid Afridi",
              "bowler": "Joginder Sharma",
              "non_striker": "SB Styris",
              "runs": {
                "batsman": 4,
                "extras": 0,
                "total": 4
              }
            }
          }
        ]
      }
    }
  ]
}