{
  "meta": {
    "data_version": 0.9,
    "created": "2011-05-06T00:00:00.000Z",
    "revision": 3
  },
  "info": {
    "city": "Jaipur",
    "competition": "IPL",
    "dates": [
      "2008-05-26T00:00:00.000Z"
    ],
    "gender": "male",
    "match_type": "T20",
    "outcome": {
      "by": {
        "wickets": 5
      },
      "winner": "Rajasthan Royals"
    },
    "overs": 20,
    "player_of_match": [
      "Sohail Tanvir"
    ],
    "teams": [
      "Rajasthan Royals",
      "Mumbai Indians"
    ],
    "toss": {
      "decision": "field",
      "winner": "Rajasthan Royals"
    },
    "umpires": [
      "BF Bowden",
      "K Hariharan"
    ],
    "venue": "Sawai Mansingh Stadium"
  },
  "innings": [
    {
      "1st innings": {
        "team": "Mumbai Indians",
        "deliveries": [
          {
            "0.1": {
              "batsman": "ST Jayasuriya",
              "bowler": "Sohail Tanvir",
              "non_striker": "SR Tendulkar",
              "runs": {
                "batsman": 0,
                "extras": 0,
                "total": 0
              }
            }
          },
          {
            "0.2": {
              "batsman": "ST Jayasuriya",
              "bowler": "Sohail Tanvir",
              "non_striker": "SR Tendulkar",
              "runs": {
                "batsman": 0,
                "extras": 0,
                "total": 0
              }
            }
          },
          {
            "0.3": {
              "batsman": "ST Jayasuriya",
              "bowler": "Sohail Tanvir",
              "non_striker": "SR Tendulkar",
              "runs": {
                "batsman": 0,
                "extras": 0,
                "total": 0
              }
            }
          },
          {
            "0.4": {
              "batsman": "ST Jayasuriya",
              "bowler": "Sohail Tanvir",
              "non_striker": "SR Tendulkar",
              "runs": {
                "batsman": 0,
                "extras": 0,
                "total": 0
              }
            }
          },
          {
            "0.5": {
              "batsman": "ST Jayasuriya",
              "bowler": "Sohail Tanvir",
              "extras": {
                "wides": 1
              },
              "non_striker": "SR Tendulkar",
              "runs": {
                "batsman": 0,
                "extras": 1,
                "total": 1
              }
            }
          },
          {
            "0.6": {
              "batsman": "ST Jayasuriya",
              "bowler": "Sohail Tanvir",
              "non_striker": "SR Tendulkar",
              "runs": {
                "batsman": 0,
                "extras": 0,
                "total": 0
              }
            }
          },
          {
            "0.7": {
              "batsman": "ST Jayasuriya",
              "bowler": "Sohail Tanvir",
              "non_striker": "SR Tendulkar",
              "runs": {
                "batsman": 1,
                "extras": 0,
                "total": 1
              }
            }
          },
          {
            "1.1": {
              "batsman": "ST Jayasuriya",
              "bowler": "SR Watson",
              "extras": {
                "wides": 1
              },
              "non_striker": "SR Tendulkar",
              "runs": {
                "batsman": 0,
                "extras": 1,
                "total": 1
              }
            }
          },
          {
            "1.2": {
              "batsman": "ST Jayasuriya",
              "bowler": "SR Watson",
              "non_striker": "SR Tendulkar",
              "runs": {
                "batsman": 0,
                "extras": 0,
                "total": 0
              }
            }
          },
          {
            "1.3": {
              "batsman": "ST Jayasuriya",
              "bowler": "SR Watson",
              "non_striker": "SR Tendulkar",
              "runs": {
                "batsman": 2,
                "extras": 0,
                "total": 2
              }
            }
          },
          {
            "1.4": {
              "batsman": "ST Jayasuriya",
              "bowler": "SR Watson",
              "non_striker": "SR Tendulkar",
              "runs": {
                "batsman": 1,
                "extras": 0,
                "total": 1
              }
            }
          },
          {
            "1.5": {
              "batsman": "SR Tendulkar",
              "bowler": "SR Watson",
              "non_striker": "ST Jayasuriya",
              "runs": {
                "batsman": 0,
                "extras": 0,
                "total": 0
              }
            }
          },
          {
            "1.6": {
              "batsman": "SR Tendulkar",
              "bowler": "SR Watson",
              "non_striker": "ST Jayasuriya",
              "runs": {
                "batsman": 0,
                "extras": 0,
                "total": 0
              }
            }
          },
          {
            "1.7": {
              "batsman": "SR Tendulkar",
              "bowler": "SR Watson",
              "non_striker": "ST Jayasuriya",
              "runs": {
                "batsman": 0,
                "extras": 0,
                "total": 0
              }
            }
          },
          {
            "2.1": {
              "batsman": "ST Jayasuriya",
              "bowler": "Sohail Tanvir",
              "non_striker": "SR Tendulkar",
              "runs": {
                "batsman": 1,
                "extras": 0,
                "total": 1
              }
            }
          },
          {
            "2.2": {
              "batsman": "SR Tendulkar",
              "bowler": "Sohail Tanvir",
              "non_striker": "ST Jayasuriya",
              "runs": {
                "batsman": 0,
                "extras": 0,
                "total": 0
              }
            }
          },
          {
            "2.3": {
              "batsman": "SR Tendulkar",
              "bowler": "Sohail Tanvir",
              "non_striker": "ST Jayasuriya",
              "runs": {
                "batsman": 1,
                "extras": 0,
                "total": 1
              }
            }
          },
          {
            "2.4": {
              "batsman": "ST Jayasuriya",
              "bowler": "Sohail Tanvir",
              "non_striker": "SR Tendulkar",
              "runs": {
                "batsman": 1,
                "extras": 0,
                "total": 1
              }
            }
          },
          {
            "2.5": {
              "batsman": "SR Tendulkar",
              "bowler": "Sohail Tanvir",
              "non_striker": "ST Jayasuriya",
              "runs": {
                "batsman": 4,
                "extras": 0,
                "total": 4
              }
            }
          },
          {
            "2.6": {
              "batsman": "SR Tendulkar",
              "bowler": "Sohail Tanvir",
              "non_striker": "ST Jayasuriya",
              "runs": {
                "batsman": 2,
                "extras": 0,
                "total": 2
              }
            }
          },
          {
            "3.1": {
              "batsman": "ST Jayasuriya",
              "bowler": "SR Watson",
              "non_striker": "SR Tendulkar",
              "runs": {
                "batsman": 0,
                "extras": 0,
                "total": 0
              }
            }
          },
          {
            "3.2": {
              "batsman": "ST Jayasuriya",
              "bowler": "SR Watson",
              "non_striker": "SR Tendulkar",
              "runs": {
                "batsman": 1,
                "extras": 0,
                "total": 1
              }
            }
          },
          {
            "3.3": {
              "batsman": "SR Tendulkar",
              "bowler": "SR Watson",
              "non_striker": "ST Jayasuriya",
              "runs": {
                "batsman": 0,
                "extras": 0,
                "total": 0
              }
            }
          },
          {
            "3.4": {
              "batsman": "SR Tendulkar",
              "bowler": "SR Watson",
              "non_striker": "ST Jayasuriya",
              "runs": {
                "batsman": 0,
                "extras": 0,
                "total": 0
              }
            }
          },
          {
            "3.5": {
              "batsman": "SR Tendulkar",
              "bowler": "SR Watson",
              "non_striker": "ST Jayasuriya",
              "runs": {
                "batsman": 0,
                "extras": 0,
                "total": 0
              }
            }
          },
          {
            "3.6": {
              "batsman": "SR Tendulkar",
              "bowler": "SR Watson",
              "non_striker": "ST Jayasuriya",
              "runs": {
                "batsman": 0,
                "extras": 0,
                "total": 0
              }
            }
          },
          {
            "4.1": {
              "batsman": "ST Jayasuriya",
              "bowler": "Pankaj Singh",
              "non_striker": "SR Tendulkar",
              "runs": {
                "batsman": 3,
                "extras": 0,
                "total": 3
              }
            }
          },
          {
            "4.2": {
              "batsman": "SR Tendulkar",
              "bowler": "Pankaj Singh",
              "non_striker": "ST Jayasuriya",
              "runs": {
                "batsman": 4,
                "extras": 0,
                "total": 4
              }
            }
          },
          {
            "4.3": {
              "batsman": "SR Tendulkar",
              "bowler": "Pankaj Singh",
              "non_striker": "ST Jayasuriya",
              "runs": {
                "batsman": 2,
                "extras": 0,
                "total": 2
              }
            }
          },
          {
            "4.4": {
              "batsman": "SR Tendulkar",
              "bowler": "Pankaj Singh",
              "non_striker": "ST Jayasuriya",
              "runs": {
                "batsman": 0,
                "extras": 0,
                "total": 0
              }
            }
          },
          {
            "4.5": {
              "batsman": "SR Tendulkar",
              "bowler": "Pankaj Singh",
              "non_striker": "ST Jayasuriya",
              "runs": {
                "batsman": 2,
                "extras": 0,
                "total": 2
              }
            }
          },
          {
            "4.6": {
              "batsman": "SR Tendulkar",
              "bowler": "Pankaj Singh",
              "extras": {
                "wides": 1
              },
              "non_striker": "ST Jayasuriya",
              "runs": {
                "batsman": 0,
                "extras": 1,
                "total": 1
              }
            }
          },
          {
            "4.7": {
              "batsman": "SR Tendulkar",
              "bowler": "Pankaj Singh",
              "non_striker": "ST Jayasuriya",
              "runs": {
                "batsman": 0,
                "extras": 0,
                "total": 0
              }
            }
          },
          {
            "5.1": {
              "batsman": "ST Jayasuriya",
              "bowler": "YK Pathan",
              "non_striker": "SR Tendulkar",
              "runs": {
                "batsman": 0,
                "extras": 0,
                "total": 0
              }
            }
          },
          {
            "5.2": {
              "batsman": "ST Jayasuriya",
              "bowler": "YK Pathan",
              "non_striker": "SR Tendulkar",
              "runs": {
                "batsman": 0,
                "extras": 0,
                "total": 0
              }
            }
          },
          {
            "5.3": {
              "batsman": "ST Jayasuriya",
              "bowler": "YK Pathan",
              "non_striker": "SR Tendulkar",
              "runs": {
                "batsman": 0,
                "extras": 0,
                "total": 0
              }
            }
          },
          {
            "5.4": {
              "batsman": "ST Jayasuriya",
              "bowler": "YK Pathan",
              "non_striker": "SR Tendulkar",
              "runs": {
                "batsman": 0,
                "extras": 0,
                "total": 0
              }
            }
          },
          {
            "5.5": {
              "batsman": "ST Jayasuriya",
              "bowler": "YK Pathan",
              "non_striker": "SR Tendulkar",
              "runs": {
                "batsman": 0,
                "extras": 0,
                "total": 0
              }
            }
          },
          {
            "5.6": {
              "batsman": "ST Jayasuriya",
              "bowler": "YK Pathan",
              "non_striker": "SR Tendulkar",
              "runs": {
                "batsman": 1,
                "extras": 0,
                "total": 1
              }
            }
          },
          {
            "6.1": {
              "batsman": "ST Jayasuriya",
              "bowler": "Pankaj Singh",
              "non_striker": "SR Tendulkar",
              "runs": {
                "batsman": 4,
                "extras": 0,
                "total": 4
              }
            }
          },
          {
            "6.2": {
              "batsman": "ST Jayasuriya",
              "bowler": "Pankaj Singh",
              "non_striker": "SR Tendulkar",
              "runs": {
                "batsman": 1,
                "extras": 0,
                "total": 1
              }
            }
          },
          {
            "6.3": {
              "batsman": "SR Tendulkar",
              "bowler": "Pankaj Singh",
              "non_striker": "ST Jayasuriya",
              "runs": {
                "batsman": 1,
                "extras": 0,
                "total": 1
              }
            }
          },
          {
            "6.4": {
              "batsman": "ST Jayasuriya",
              "bowler": "Pankaj Singh",
              "non_striker": "SR Tendulkar",
              "runs": {
                "batsman": 4,
                "extras": 0,
                "total": 4
              }
            }
          },
          {
            "6.5": {
              "batsman": "ST Jayasuriya",
              "bowler": "Pankaj Singh",
              "non_striker": "SR Tendulkar",
              "runs": {
                "batsman": 1,
                "extras": 0,
                "total": 1
              }
            }
          },
          {
            "6.6": {
              "batsman": "SR Tendulkar",
              "bowler": "Pankaj Singh",
              "non_striker": "ST Jayasuriya",
              "runs": {
                "batsman": 2,
                "extras": 0,
                "total": 2
              }
            }
          },
          {
            "7.1": {
              "batsman": "ST Jayasuriya",
              "bowler": "YK Pathan",
              "non_striker": "SR Tendulkar",
              "runs": {
                "batsman": 2,
                "extras": 0,
                "total": 2
              }
            }
          },
          {
            "7.2": {
              "batsman": "ST Jayasuriya",
              "bowler": "YK Pathan",
              "non_striker": "SR Tendulkar",
              "runs": {
                "batsman": 1,
                "extras": 0,
                "total": 1
              }
            }
          },
          {
            "7.3": {
              "batsman": "SR Tendulkar",
              "bowler": "YK Pathan",
              "non_striker": "ST Jayasuriya",
              "runs": {
                "batsman": 0,
                "extras": 0,
                "total": 0
              }
            }
          },
          {
            "7.4": {
              "batsman": "SR Tendulkar",
              "bowler": "YK Pathan",
              "non_striker": "ST Jayasuriya",
              "runs": {
                "batsman": 0,
                "extras": 0,
                "total": 0
              }
            }
          },
          {
            "7.5": {
              "batsman": "SR Tendulkar",
              "bowler": "YK Pathan",
              "non_striker": "ST Jayasuriya",
              "runs": {
                "batsman": 1,
                "extras": 0,
                "total": 1
              }
            }
          },
          {
            "7.6": {
              "batsman": "ST Jayasuriya",
              "bowler": "YK Pathan",
              "non_striker": "SR Tendulkar",
              "runs": {
                "batsman": 0,
                "extras": 0,
                "total": 0
              }
            }
          },
          {
            "8.1": {
              "batsman": "SR Tendulkar",
              "bowler": "SK Trivedi",
              "non_striker": "ST Jayasuriya",
              "runs": {
                "batsman": 1,
                "extras": 0,
                "total": 1
              }
            }
          },
          {
            "8.2": {
              "batsman": "ST Jayasuriya",
              "bowler": "SK Trivedi",
              "non_striker": "SR Tendulkar",
              "runs": {
                "batsman": 0,
                "extras": 0,
                "total": 0
              }
            }
          },
          {
            "8.3": {
              "batsman": "ST Jayasuriya",
              "bowler": "SK Trivedi",
              "non_striker": "SR Tendulkar",
              "runs": {
                "batsman": 1,
                "extras": 0,
                "total": 1
              }
            }
          },
          {
            "8.4": {
              "batsman": "SR Tendulkar",
              "bowler": "SK Trivedi",
              "non_striker": "ST Jayasuriya",
              "runs": {
                "batsman": 1,
                "extras": 0,
                "total": 1
              }
            }
          },
          {
            "8.5": {
              "batsman": "ST Jayasuriya",
              "bowler": "SK Trivedi",
              "extras": {
                "legbyes": 1
              },
              "non_striker": "SR Tendulkar",
              "runs": {
                "batsman": 0,
                "extras": 1,
                "total": 1
              }
            }
          },
          {
            "8.6": {
              "batsman": "SR Tendulkar",
              "bowler": "SK Trivedi",
              "non_striker": "ST Jayasuriya",
              "runs": {
                "batsman": 1,
                "extras": 0,
                "total": 1
              }
            }
          },
          {
            "9.1": {
              "batsman": "SR Tendulkar",
              "bowler": "SK Warne",
              "non_striker": "ST Jayasuriya",
              "runs": {
                "batsman": 2,
                "extras": 0,
                "total": 2
              }
            }
          },
          {
            "9.2": {
              "batsman": "SR Tendulkar",
              "bowler": "SK Warne",
              "non_striker": "ST Jayasuriya",
              "runs": {
                "batsman": 1,
                "extras": 0,
                "total": 1
              }
            }
          },
          {
            "9.3": {
              "batsman": "ST Jayasuriya",
              "bowler": "SK Warne",
              "non_striker": "SR Tendulkar",
              "runs": {
                "batsman": 4,
                "extras": 0,
                "total": 4
              }
            }
          },
          {
            "9.4": {
              "batsman": "ST Jayasuriya",
              "bowler": "SK Warne",
              "non_striker": "SR Tendulkar",
              "runs": {
                "batsman": 1,
                "extras": 0,
                "total": 1
              }
            }
          },
          {
            "9.5": {
              "batsman": "SR Tendulkar",
              "bowler": "SK Warne",
              "non_striker": "ST Jayasuriya",
              "runs": {
                "batsman": 1,
                "extras": 0,
                "total": 1
              }
            }
          },
          {
            "9.6": {
              "batsman": "ST Jayasuriya",
              "bowler": "SK Warne",
              "non_striker": "SR Tendulkar",
              "runs": {
                "batsman": 0,
                "extras": 0,
                "total": 0
              }
            }
          },
          {
            "10.1": {
              "batsman": "SR Tendulkar",
              "bowler": "SK Trivedi",
              "extras": {
                "legbyes": 2
              },
              "non_striker": "ST Jayasuriya",
              "runs": {
                "batsman": 0,
                "extras": 2,
                "total": 2
              }
            }
          },
          {
            "10.2": {
              "batsman": "SR Tendulkar",
              "bowler": "SK Trivedi",
              "non_striker": "ST Jayasuriya",
              "runs": {
                "batsman": 1,
                "extras": 0,
                "total": 1
              }
            }
          },
          {
            "10.3": {
              "batsman": "ST Jayasuriya",
              "bowler": "SK Trivedi",
              "non_striker": "SR Tendulkar",
              "runs": {
                "batsman": 2,
                "extras": 0,
                "total": 2
              }
            }
          },
          {
            "10.4": {
              "batsman": "ST Jayasuriya",
              "bowler": "SK Trivedi",
              "non_striker": "SR Tendulkar",
              "runs": {
                "batsman": 2,
                "extras": 0,
                "total": 2
              }
            }
          },
          {
            "10.5": {
              "batsman": "ST Jayasuriya",
              "bowler": "SK Trivedi",
              "non_striker": "SR Tendulkar",
              "runs": {
                "batsman": 4,
                "extras": 0,
                "total": 4
              }
            }
          },
          {
            "10.6": {
              "batsman": "ST Jayasuriya",
              "bowler": "SK Trivedi",
              "non_striker": "SR Tendulkar",
              "runs": {
                "batsman": 0,
                "extras": 0,
                "total": 0
              },
              "wicket": {
                "fielders": [
                  "Pankaj Singh"
                ],
                "kind": "caught",
                "player_out": "ST Jayasuriya"
              }
            }
          },
          {
            "11.1": {
              "batsman": "SR Tendulkar",
              "bowler": "SK Warne",
              "non_striker": "AM Nayar",
              "runs": {
                "batsman": 0,
                "extras": 0,
                "total": 0
              }
            }
          },
          {
            "11.2": {
              "batsman": "SR Tendulkar",
              "bowler": "SK Warne",
              "non_striker": "AM Nayar",
              "runs": {
                "batsman": 1,
                "extras": 0,
                "total": 1
              }
            }
          },
          {
            "11.3": {
              "batsman": "AM Nayar",
              "bowler": "SK Warne",
              "non_striker": "SR Tendulkar",
              "runs": {
                "batsman": 1,
                "extras": 0,
                "total": 1
              }
            }
          },
          {
            "11.4": {
              "batsman": "SR Tendulkar",
              "bowler": "SK Warne",
              "non_striker": "AM Nayar",
              "runs": {
                "batsman": 1,
                "extras": 0,
                "total": 1
              }
            }
          },
          {
            "11.5": {
              "batsman": "AM Nayar",
              "bowler": "SK Warne",
              "non_striker": "SR Tendulkar",
              "runs": {
                "batsman": 0,
                "extras": 0,
                "total": 0
              }
            }
          },
          {
            "11.6": {
              "batsman": "AM Nayar",
              "bowler": "SK Warne",
              "non_striker": "SR Tendulkar",
              "runs": {
                "batsman": 1,
                "extras": 0,
                "total": 1
              }
            }
          },
          {
            "12.1": {
              "batsman": "AM Nayar",
              "bowler": "SK Trivedi",
              "non_striker": "SR Tendulkar",
              "runs": {
                "batsman": 4,
                "extras": 0,
                "total": 4
              }
            }
          },
          {
            "12.2": {
              "batsman": "AM Nayar",
              "bowler": "SK Trivedi",
              "non_striker": "SR Tendulkar",
              "runs": {
                "batsman": 1,
                "extras": 0,
                "total": 1
              }
            }
          },
          {
            "12.3": {
              "batsman": "SR Tendulkar",
              "bowler": "SK Trivedi",
              "non_striker": "AM Nayar",
              "runs": {
                "batsman": 1,
                "extras": 0,
                "total": 1
              }
            }
          },
          {
            "12.4": {
              "batsman": "AM Nayar",
              "bowler": "SK Trivedi",
              "non_striker": "SR Tendulkar",
              "runs": {
                "batsman": 1,
                "extras": 0,
                "total": 1
              }
            }
          },
          {
            "12.5": {
              "batsman": "SR Tendulkar",
              "bowler": "SK Trivedi",
              "non_striker": "AM Nayar",
              "runs": {
                "batsman": 0,
                "extras": 0,
                "total": 0
              },
              "wicket": {
                "kind": "caught and bowled",
                "player_out": "SR Tendulkar"
              }
            }
          },
          {
            "12.6": {
              "batsman": "RV Uthappa",
              "bowler": "SK Trivedi",
              "extras": {
                "wides": 1
              },
              "non_striker": "AM Nayar",
              "runs": {
                "batsman": 0,
                "extras": 1,
                "total": 1
              }
            }
          },
          {
            "12.7": {
              "batsman": "RV Uthappa",
              "bowler": "SK Trivedi",
              "non_striker": "AM Nayar",
              "runs": {
                "batsman": 0,
                "extras": 0,
                "total": 0
              }
            }
          },
          {
            "13.1": {
              "batsman": "AM Nayar",
              "bowler": "SK Warne",
              "non_striker": "RV Uthappa",
              "runs": {
                "batsman": 2,
                "extras": 0,
                "total": 2
              }
            }
          },
          {
            "13.2": {
              "batsman": "AM Nayar",
              "bowler": "SK Warne",
              "non_striker": "RV Uthappa",
              "runs": {
                "batsman": 4,
                "extras": 0,
                "total": 4
              }
            }
          },
          {
            "13.3": {
              "batsman": "AM Nayar",
              "bowler": "SK Warne",
              "non_striker": "RV Uthappa",
              "runs": {
                "batsman": 1,
                "extras": 0,
                "total": 1
              }
            }
          },
          {
            "13.4": {
              "batsman": "RV Uthappa",
              "bowler": "SK Warne",
              "non_striker": "AM Nayar",
              "runs": {
                "batsman": 0,
                "extras": 0,
                "total": 0
              }
            }
          },
          {
            "13.5": {
              "batsman": "RV Uthappa",
              "bowler": "SK Warne",
              "non_striker": "AM Nayar",
              "runs": {
                "batsman": 0,
                "extras": 0,
                "total": 0
              }
            }
          },
          {
            "13.6": {
              "batsman": "RV Uthappa",
              "bowler": "SK Warne",
              "non_striker": "AM Nayar",
              "runs": {
                "batsman": 2,
                "extras": 0,
                "total": 2
              }
            }
          },
          {
            "14.1": {
              "batsman": "AM Nayar",
              "bowler": "YK Pathan",
              "non_striker": "RV Uthappa",
              "runs": {
                "batsman": 1,
                "extras": 0,
                "total": 1
              }
            }
          },
          {
            "14.2": {
              "batsman": "RV Uthappa",
              "bowler": "YK Pathan",
              "extras": {
                "legbyes": 1
              },
              "non_striker": "AM Nayar",
              "runs": {
                "batsman": 0,
                "extras": 1,
                "total": 1
              }
            }
          },
          {
            "14.3": {
              "batsman": "AM Nayar",
              "bowler": "YK Pathan",
              "non_striker": "RV Uthappa",
              "runs": {
                "batsman": 1,
                "extras": 0,
                "total": 1
              }
            }
          },
          {
            "14.4": {
              "batsman": "RV Uthappa",
              "bowler": "YK Pathan",
              "non_striker": "AM Nayar",
              "runs": {
                "batsman": 1,
                "extras": 0,
                "total": 1
              }
            }
          },
          {
            "14.5": {
              "batsman": "AM Nayar",
              "bowler": "YK Pathan",
              "non_striker": "RV Uthappa",
              "runs": {
                "batsman": 1,
                "extras": 0,
                "total": 1
              }
            }
          },
          {
            "14.6": {
              "batsman": "RV Uthappa",
              "bowler": "YK Pathan",
              "non_striker": "AM Nayar",
              "runs": {
                "batsman": 0,
                "extras": 0,
                "total": 0
              }
            }
          },
          {
            "15.1": {
              "batsman": "AM Nayar",
              "bowler": "SK Warne",
              "non_striker": "RV Uthappa",
              "runs": {
                "batsman": 1,
                "extras": 0,
                "total": 1
              }
            }
          },
          {
            "15.2": {
              "batsman": "RV Uthappa",
              "bowler": "SK Warne",
              "non_striker": "AM Nayar",
              "runs": {
                "batsman": 0,
                "extras": 0,
                "total": 0
              },
              "wicket": {
                "fielders": [
                  "Kamran Akmal"
                ],
                "kind": "stumped",
                "player_out": "RV Uthappa"
              }
            }
          },
          {
            "15.3": {
              "batsman": "DR Smith",
              "bowler": "SK Warne",
              "extras": {
                "legbyes": 1
              },
              "non_striker": "AM Nayar",
              "runs": {
                "batsman": 0,
                "extras": 1,
                "total": 1
              }
            }
          },
          {
            "15.4": {
              "batsman": "AM Nayar",
              "bowler": "SK Warne",
              "non_striker": "DR Smith",
              "runs": {
                "batsman": 4,
                "extras": 0,
                "total": 4
              }
            }
          },
          {
            "15.5": {
              "batsman": "AM Nayar",
              "bowler": "SK Warne",
              "non_striker": "DR Smith",
              "runs": {
                "batsman": 2,
                "extras": 0,
                "total": 2
              }
            }
          },
          {
            "15.6": {
              "batsman": "AM Nayar",
              "bowler": "SK Warne",
              "extras": {
                "wides": 1
              },
              "non_striker": "DR Smith",
              "runs": {
                "batsman": 0,
                "extras": 1,
                "total": 1
              }
            }
          },
          {
            "15.7": {
              "batsman": "AM Nayar",
              "bowler": "SK Warne",
              "non_striker": "DR Smith",
              "runs": {
                "batsman": 0,
                "extras": 0,
                "total": 0
              }
            }
          },
          {
            "16.1": {
              "batsman": "DR Smith",
              "bowler": "Sohail Tanvir",
              "non_striker": "AM Nayar",
              "runs": {
                "batsman": 1,
                "extras": 0,
                "total": 1
              }
            }
          },
          {
            "16.2": {
              "batsman": "AM Nayar",
              "bowler": "Sohail Tanvir",
              "non_striker": "DR Smith",
              "runs": {
                "batsman": 0,
                "extras": 0,
                "total": 0
              }
            }
          },
          {
            "16.3": {
              "batsman": "AM Nayar",
              "bowler": "Sohail Tanvir",
              "non_striker": "DR Smith",
              "runs": {
                "batsman": 0,
                "extras": 0,
                "total": 0
              },
              "wicket": {
                "kind": "lbw",
                "player_out": "AM Nayar"
              }
            }
          },
          {
            "16.4": {
              "batsman": "SM Pollock",
              "bowler": "Sohail Tanvir",
              "non_striker": "DR Smith",
              "runs": {
                "batsman": 0,
                "extras": 0,
                "total": 0
              },
              "wicket": {
                "fielders": [
                  "Kamran Akmal"
                ],
                "kind": "caught",
                "player_out": "SM Pollock"
              }
            }
          },
          {
            "16.5": {
              "batsman": "MK Pandey",
              "bowler": "Sohail Tanvir",
              "non_striker": "DR Smith",
              "runs": {
                "batsman": 0,
                "extras": 0,
                "total": 0
              }
            }
          },
          {
            "16.6": {
              "batsman": "MK Pandey",
              "bowler": "Sohail Tanvir",
              "non_striker": "DR Smith",
              "runs": {
                "batsman": 1,
                "extras": 0,
                "total": 1
              }
            }
          },
          {
            "17.1": {
              "batsman": "MK Pandey",
              "bowler": "SK Trivedi",
              "non_striker": "DR Smith",
              "runs": {
                "batsman": 1,
                "extras": 0,
                "total": 1
              }
            }
          },
          {
            "17.2": {
              "batsman": "DR Smith",
              "bowler": "SK Trivedi",
              "non_striker": "MK Pandey",
              "runs": {
                "batsman": 1,
                "extras": 0,
                "total": 1
              }
            }
          },
          {
            "17.3": {
              "batsman": "MK Pandey",
              "bowler": "SK Trivedi",
              "non_striker": "DR Smith",
              "runs": {
                "batsman": 1,
                "extras": 0,
                "total": 1
              }
            }
          },
          {
            "17.4": {
              "batsman": "DR Smith",
              "bowler": "SK Trivedi",
              "non_striker": "MK Pandey",
              "runs": {
                "batsman": 2,
                "extras": 0,
                "total": 2
              }
            }
          },
          {
            "17.5": {
              "batsman": "DR Smith",
              "bowler": "SK Trivedi",
              "non_striker": "MK Pandey",
              "runs": {
                "batsman": 4,
                "extras": 0,
                "total": 4
              }
            }
          },
          {
            "17.6": {
              "batsman": "DR Smith",
              "bowler": "SK Trivedi",
              "extras": {
                "wides": 1
              },
              "non_striker": "MK Pandey",
              "runs": {
                "batsman": 0,
                "extras": 1,
                "total": 1
              }
            }
          },
          {
            "17.7": {
              "batsman": "DR Smith",
              "bowler": "SK Trivedi",
              "non_striker": "MK Pandey",
              "runs": {
                "batsman": 0,
                "extras": 0,
                "total": 0
              }
            }
          },
          {
            "18.1": {
              "batsman": "MK Pandey",
              "bowler": "Sohail Tanvir",
              "non_striker": "DR Smith",
              "runs": {
                "batsman": 0,
                "extras": 0,
                "total": 0
              }
            }
          },
          {
            "18.2": {
              "batsman": "MK Pandey",
              "bowler": "Sohail Tanvir",
              "non_striker": "DR Smith",
              "runs": {
                "batsman": 0,
                "extras": 0,
                "total": 0
              },
              "wicket": {
                "kind": "bowled",
                "player_out": "MK Pandey"
              }
            }
          },
          {
            "18.3": {
              "batsman": "YV Takawale",
              "bowler": "Sohail Tanvir",
              "extras": {
                "legbyes": 1
              },
              "non_striker": "DR Smith",
              "runs": {
                "batsman": 0,
                "extras": 1,
                "total": 1
              }
            }
          },
          {
            "18.4": {
              "batsman": "DR Smith",
              "bowler": "Sohail Tanvir",
              "non_striker": "YV Takawale",
              "runs": {
                "batsman": 0,
                "extras": 0,
                "total": 0
              },
              "wicket": {
                "fielders": [
                  "Niraj Patel"
                ],
                "kind": "caught",
                "player_out": "DR Smith"
              }
            }
          },
          {
            "18.5": {
              "batsman": "YV Takawale",
              "bowler": "Sohail Tanvir",
              "non_striker": "RR Raje",
              "runs": {
                "batsman": 1,
                "extras": 0,
                "total": 1
              }
            }
          },
          {
            "18.6": {
              "batsman": "RR Raje",
              "bowler": "Sohail Tanvir",
              "non_striker": "YV Takawale",
              "runs": {
                "batsman": 0,
                "extras": 0,
                "total": 0
              }
            }
          },
          {
            "19.1": {
              "batsman": "YV Takawale",
              "bowler": "SR Watson",
              "non_striker": "RR Raje",
              "runs": {
                "batsman": 4,
                "extras": 0,
                "total": 4
              }
            }
          },
          {
            "19.2": {
              "batsman": "YV Takawale",
              "bowler": "SR Watson",
              "extras": {
                "noballs": 1
              },
              "non_striker": "RR Raje",
              "runs": {
                "batsman": 1,
                "extras": 1,
                "total": 2
              }
            }
          },
          {
            "19.3": {
              "batsman": "RR Raje",
              "bowler": "SR Watson",
              "non_striker": "YV Takawale",
              "runs": {
                "batsman": 1,
                "extras": 0,
                "total": 1
              }
            }
          },
          {
            "19.4": {
              "batsman": "YV Takawale",
              "bowler": "SR Watson",
              "non_striker": "RR Raje",
              "runs": {
                "batsman": 6,
                "extras": 0,
                "total": 6
              }
            }
          },
          {
            "19.5": {
              "batsman": "YV Takawale",
              "bowler": "SR Watson",
              "non_striker": "RR Raje",
              "runs": {
                "batsman": 4,
                "extras": 0,
                "total": 4
              }
            }
          },
          {
            "19.6": {
              "batsman": "YV Takawale",
              "bowler": "SR Watson",
              "non_striker": "RR Raje",
              "runs": {
                "batsman": 4,
                "extras": 0,
                "total": 4
              }
            }
          },
          {
            "19.7": {
              "batsman": "YV Takawale",
              "bowler": "SR Watson",
              "non_striker": "RR Raje",
              "runs": {
                "batsman": 4,
                "extras": 0,
                "total": 4
              }
            }
          }
        ]
      }
    },
    {
      "2nd innings": {
        "team": "Rajasthan Royals",
        "deliveries": [
          {
            "0.1": {
              "batsman": "Kamran Akmal",
              "bowler": "SM Pollock",
              "non_striker": "SA Asnodkar",
              "runs": {
                "batsman": 0,
                "extras": 0,
                "total": 0
              }
            }
          },
          {
            "0.2": {
              "batsman": "Kamran Akmal",
              "bowler": "SM Pollock",
              "non_striker": "SA Asnodkar",
              "runs": {
                "batsman": 0,
                "extras": 0,
                "total": 0
              }
            }
          },
          {
            "0.3": {
              "batsman": "Kamran Akmal",
              "bowler": "SM Pollock",
              "non_striker": "SA Asnodkar",
              "runs": {
                "batsman": 0,
                "extras": 0,
                "total": 0
              }
            }
          },
          {
            "0.4": {
              "batsman": "Kamran Akmal",
              "bowler": "SM Pollock",
              "non_striker": "SA Asnodkar",
              "runs": {
                "batsman": 0,
                "extras": 0,
                "total": 0
              }
            }
          },
          {
            "0.5": {
              "batsman": "Kamran Akmal",
              "bowler": "SM Pollock",
              "non_striker": "SA Asnodkar",
              "runs": {
                "batsman": 0,
                "extras": 0,
                "total": 0
              }
            }
          },
          {
            "0.6": {
              "batsman": "Kamran Akmal",
              "bowler": "SM Pollock",
              "non_striker": "SA Asnodkar",
              "runs": {
                "batsman": 1,
                "extras": 0,
                "total": 1
              }
            }
          },
          {
            "1.1": {
              "batsman": "Kamran Akmal",
              "bowler": "A Nehra",
              "non_striker": "SA Asnodkar",
              "runs": {
                "batsman": 4,
                "extras": 0,
                "total": 4
              }
            }
          },
          {
            "1.2": {
              "batsman": "Kamran Akmal",
              "bowler": "A Nehra",
              "non_striker": "SA Asnodkar",
              "runs": {
                "batsman": 0,
                "extras": 0,
                "total": 0
              }
            }
          },
          {
            "1.3": {
              "batsman": "Kamran Akmal",
              "bowler": "A Nehra",
              "non_striker": "SA Asnodkar",
              "runs": {
                "batsman": 4,
                "extras": 0,
                "total": 4
              }
            }
          },
          {
            "1.4": {
              "batsman": "Kamran Akmal",
              "bowler": "A Nehra",
              "non_striker": "SA Asnodkar",
              "runs": {
                "batsman": 0,
                "extras": 0,
                "total": 0
              }
            }
          },
          {
            "1.5": {
              "batsman": "Kamran Akmal",
              "bowler": "A Nehra",
              "non_striker": "SA Asnodkar",
              "runs": {
                "batsman": 0,
                "extras": 0,
                "total": 0
              }
            }
          },
          {
            "1.6": {
              "batsman": "Kamran Akmal",
              "bowler": "A Nehra",
              "non_striker": "SA Asnodkar",
              "runs": {
                "batsman": 0,
                "extras": 0,
                "total": 0
              }
            }
          },
          {
            "2.1": {
              "batsman": "SA Asnodkar",
              "bowler": "SM Pollock",
              "non_striker": "Kamran Akmal",
              "runs": {
                "batsman": 1,
                "extras": 0,
                "total": 1
              }
            }
          },
          {
            "2.2": {
              "batsman": "Kamran Akmal",
              "bowler": "SM Pollock",
              "non_striker": "SA Asnodkar",
              "runs": {
                "batsman": 0,
                "extras": 0,
                "total": 0
              }
            }
          },
          {
            "2.3": {
              "batsman": "Kamran Akmal",
              "bowler": "SM Pollock",
              "non_striker": "SA Asnodkar",
              "runs": {
                "batsman": 1,
                "extras": 0,
                "total": 1
              }
            }
          },
          {
            "2.4": {
              "batsman": "SA Asnodkar",
              "bowler": "SM Pollock",
              "non_striker": "Kamran Akmal",
              "runs": {
                "batsman": 1,
                "extras": 0,
                "total": 1
              }
            }
          },
          {
            "2.5": {
              "batsman": "Kamran Akmal",
              "bowler": "SM Pollock",
              "non_striker": "SA Asnodkar",
              "runs": {
                "batsman": 4,
                "extras": 0,
                "total": 4
              }
            }
          },
          {
            "2.6": {
              "batsman": "Kamran Akmal",
              "bowler": "SM Pollock",
              "non_striker": "SA Asnodkar",
              "runs": {
                "batsman": 4,
                "extras": 0,
                "total": 4
              }
            }
          },
          {
            "3.1": {
              "batsman": "SA Asnodkar",
              "bowler": "A Nehra",
              "non_striker": "Kamran Akmal",
              "runs": {
                "batsman": 0,
                "extras": 0,
                "total": 0
              },
              "wicket": {
                "fielders": [
                  "MK Pandey"
                ],
                "kind": "run out",
                "player_out": "Kamran Akmal"
              }
            }
          },
          {
            "3.2": {
              "batsman": "YK Pathan",
              "bowler": "A Nehra",
              "non_striker": "SA Asnodkar",
              "runs": {
                "batsman": 0,
                "extras": 0,
                "total": 0
              }
            }
          },
          {
            "3.3": {
              "batsman": "YK Pathan",
              "bowler": "A Nehra",
              "non_striker": "SA Asnodkar",
              "runs": {
                "batsman": 1,
                "extras": 0,
                "total": 1
              }
            }
          },
          {
            "3.4": {
              "batsman": "SA Asnodkar",
              "bowler": "A Nehra",
              "non_striker": "YK Pathan",
              "runs": {
                "batsman": 0,
                "extras": 0,
                "total": 0
              }
            }
          },
          {
            "3.5": {
              "batsman": "SA Asnodkar",
              "bowler": "A Nehra",
              "extras": {
                "wides": 1
              },
              "non_striker": "YK Pathan",
              "runs": {
                "batsman": 0,
                "extras": 1,
                "total": 1
              }
            }
          },
          {
            "3.6": {
              "batsman": "SA Asnodkar",
              "bowler": "A Nehra",
              "non_striker": "YK Pathan",
              "runs": {
                "batsman": 0,
                "extras": 0,
                "total": 0
              }
            }
          },
          {
            "3.7": {
              "batsman": "SA Asnodkar",
              "bowler": "A Nehra",
              "non_striker": "YK Pathan",
              "runs": {
                "batsman": 1,
                "extras": 0,
                "total": 1
              }
            }
          },
          {
            "4.1": {
              "batsman": "SA Asnodkar",
              "bowler": "SM Pollock",
              "extras": {
                "wides": 1
              },
              "non_striker": "YK Pathan",
              "runs": {
                "batsman": 0,
                "extras": 1,
                "total": 1
              }
            }
          },
          {
            "4.2": {
              "batsman": "SA Asnodkar",
              "bowler": "SM Pollock",
              "non_striker": "YK Pathan",
              "runs": {
                "batsman": 0,
                "extras": 0,
                "total": 0
              }
            }
          },
          {
            "4.3": {
              "batsman": "SA Asnodkar",
              "bowler": "SM Pollock",
              "non_striker": "YK Pathan",
              "runs": {
                "batsman": 1,
                "extras": 0,
                "total": 1
              }
            }
          },
          {
            "4.4": {
              "batsman": "YK Pathan",
              "bowler": "SM Pollock",
              "non_striker": "SA Asnodkar",
              "runs": {
                "batsman": 1,
                "extras": 0,
                "total": 1
              }
            }
          },
          {
            "4.5": {
              "batsman": "SA Asnodkar",
              "bowler": "SM Pollock",
              "non_striker": "YK Pathan",
              "runs": {
                "batsman": 4,
                "extras": 0,
                "total": 4
              }
            }
          },
          {
            "4.6": {
              "batsman": "SA Asnodkar",
              "bowler": "SM Pollock",
              "non_striker": "YK Pathan",
              "runs": {
                "batsman": 2,
                "extras": 0,
                "total": 2
              }
            }
          },
          {
            "4.7": {
              "batsman": "SA Asnodkar",
              "bowler": "SM Pollock",
              "non_striker": "YK Pathan",
              "runs": {
                "batsman": 0,
                "extras": 0,
                "total": 0
              }
            }
          },
          {
            "5.1": {
              "batsman": "YK Pathan",
              "bowler": "CRD Fernando",
              "non_striker": "SA Asnodkar",
              "runs": {
                "batsman": 0,
                "extras": 0,
                "total": 0
              },
              "wicket": {
                "fielders": [
                  "A Nehra"
                ],
                "kind": "caught",
                "player_out": "YK Pathan"
              }
            }
          },
          {
            "5.2": {
              "batsman": "SA Asnodkar",
              "bowler": "CRD Fernando",
              "extras": {
                "legbyes": 1
              },
              "non_striker": "SR Watson",
              "runs": {
                "batsman": 0,
                "extras": 1,
                "total": 1
              }
            }
          },
          {
            "5.3": {
              "batsman": "SR Watson",
              "bowler": "CRD Fernando",
              "extras": {
                "wides": 1
              },
              "non_striker": "SA Asnodkar",
              "runs": {
                "batsman": 0,
                "extras": 1,
                "total": 1
              }
            }
          },
          {
            "5.4": {
              "batsman": "SR Watson",
              "bowler": "CRD Fernando",
              "non_striker": "SA Asnodkar",
              "runs": {
                "batsman": 0,
                "extras": 0,
                "total": 0
              }
            }
          },
          {
            "5.5": {
              "batsman": "SR Watson",
              "bowler": "CRD Fernando",
              "non_striker": "SA Asnodkar",
              "runs": {
                "batsman": 0,
                "extras": 0,
                "total": 0
              }
            }
          },
          {
            "5.6": {
              "batsman": "SR Watson",
              "bowler": "CRD Fernando",
              "non_striker": "SA Asnodkar",
              "runs": {
                "batsman": 1,
                "extras": 0,
                "total": 1
              }
            }
          },
          {
            "5.7": {
              "batsman": "SA Asnodkar",
              "bowler": "CRD Fernando",
              "non_striker": "SR Watson",
              "runs": {
                "batsman": 1,
                "extras": 0,
                "total": 1
              }
            }
          },
          {
            "6.1": {
              "batsman": "SA Asnodkar",
              "bowler": "DR Smith",
              "non_striker": "SR Watson",
              "runs": {
                "batsman": 1,
                "extras": 0,
                "total": 1
              }
            }
          },
          {
            "6.2": {
              "batsman": "SR Watson",
              "bowler": "DR Smith",
              "non_striker": "SA Asnodkar",
              "runs": {
                "batsman": 4,
                "extras": 0,
                "total": 4
              }
            }
          },
          {
            "6.3": {
              "batsman": "SR Watson",
              "bowler": "DR Smith",
              "non_striker": "SA Asnodkar",
              "runs": {
                "batsman": 1,
                "extras": 0,
                "total": 1
              }
            }
          },
          {
            "6.4": {
              "batsman": "SA Asnodkar",
              "bowler": "DR Smith",
              "non_striker": "SR Watson",
              "runs": {
                "batsman": 0,
                "extras": 0,
                "total": 0
              }
            }
          },
          {
            "6.5": {
              "batsman": "SA Asnodkar",
              "bowler": "DR Smith",
              "non_striker": "SR Watson",
              "runs": {
                "batsman": 4,
                "extras": 0,
                "total": 4
              }
            }
          },
          {
            "6.6": {
              "batsman": "SA Asnodkar",
              "bowler": "DR Smith",
              "non_striker": "SR Watson",
              "runs": {
                "batsman": 1,
                "extras": 0,
                "total": 1
              }
            }
          },
          {
            "7.1": {
              "batsman": "SA Asnodkar",
              "bowler": "CRD Fernando",
              "non_striker": "SR Watson",
              "runs": {
                "batsman": 0,
                "extras": 0,
                "total": 0
              },
              "wicket": {
                "fielders": [
                  "YV Takawale"
                ],
                "kind": "caught",
                "player_out": "SA Asnodkar"
              }
            }
          },
          {
            "7.2": {
              "batsman": "M Kaif",
              "bowler": "CRD Fernando",
              "non_striker": "SR Watson",
              "runs": {
                "batsman": 1,
                "extras": 0,
                "total": 1
              }
            }
          },
          {
            "7.3": {
              "batsman": "SR Watson",
              "bowler": "CRD Fernando",
              "non_striker": "M Kaif",
              "runs": {
                "batsman": 0,
                "extras": 0,
                "total": 0
              }
            }
          },
          {
            "7.4": {
              "batsman": "SR Watson",
              "bowler": "CRD Fernando",
              "extras": {
                "legbyes": 1
              },
              "non_striker": "M Kaif",
              "runs": {
                "batsman": 0,
                "extras": 1,
                "total": 1
              }
            }
          },
          {
            "7.5": {
              "batsman": "M Kaif",
              "bowler": "CRD Fernando",
              "extras": {
                "wides": 1
              },
              "non_striker": "SR Watson",
              "runs": {
                "batsman": 0,
                "extras": 1,
                "total": 1
              }
            }
          },
          {
            "7.6": {
              "batsman": "M Kaif",
              "bowler": "CRD Fernando",
              "non_striker": "SR Watson",
              "runs": {
                "batsman": 0,
                "extras": 0,
                "total": 0
              }
            }
          },
          {
            "7.7": {
              "batsman": "M Kaif",
              "bowler": "CRD Fernando",
              "non_striker": "SR Watson",
              "runs": {
                "batsman": 0,
                "extras": 0,
                "total": 0
              }
            }
          },
          {
            "8.1": {
              "batsman": "SR Watson",
              "bowler": "AM Nayar",
              "non_striker": "M Kaif",
              "runs": {
                "batsman": 0,
                "extras": 0,
                "total": 0
              }
            }
          },
          {
            "8.2": {
              "batsman": "SR Watson",
              "bowler": "AM Nayar",
              "non_striker": "M Kaif",
              "runs": {
                "batsman": 1,
                "extras": 0,
                "total": 1
              }
            }
          },
          {
            "8.3": {
              "batsman": "M Kaif",
              "bowler": "AM Nayar",
              "non_striker": "SR Watson",
              "runs": {
                "batsman": 1,
                "extras": 0,
                "total": 1
              }
            }
          },
          {
            "8.4": {
              "batsman": "SR Watson",
              "bowler": "AM Nayar",
              "non_striker": "M Kaif",
              "runs": {
                "batsman": 0,
                "extras": 0,
                "total": 0
              }
            }
          },
          {
            "8.5": {
              "batsman": "SR Watson",
              "bowler": "AM Nayar",
              "non_striker": "M Kaif",
              "runs": {
                "batsman": 1,
                "extras": 0,
                "total": 1
              }
            }
          },
          {
            "8.6": {
              "batsman": "M Kaif",
              "bowler": "AM Nayar",
              "non_striker": "SR Watson",
              "runs": {
                "batsman": 1,
                "extras": 0,
                "total": 1
              }
            }
          },
          {
            "9.1": {
              "batsman": "M Kaif",
              "bowler": "RR Raje",
              "non_striker": "SR Watson",
              "runs": {
                "batsman": 1,
                "extras": 0,
                "total": 1
              }
            }
          },
          {
            "9.2": {
              "batsman": "SR Watson",
              "bowler": "RR Raje",
              "non_striker": "M Kaif",
              "runs": {
                "batsman": 4,
                "extras": 0,
                "total": 4
              }
            }
          },
          {
            "9.3": {
              "batsman": "SR Watson",
              "bowler": "RR Raje",
              "non_striker": "M Kaif",
              "runs": {
                "batsman": 4,
                "extras": 0,
                "total": 4
              }
            }
          },
          {
            "9.4": {
              "batsman": "SR Watson",
              "bowler": "RR Raje",
              "non_striker": "M Kaif",
              "runs": {
                "batsman": 1,
                "extras": 0,
                "total": 1
              }
            }
          },
          {
            "9.5": {
              "batsman": "M Kaif",
              "bowler": "RR Raje",
              "non_striker": "SR Watson",
              "runs": {
                "batsman": 2,
                "extras": 0,
                "total": 2
              }
            }
          },
          {
            "9.6": {
              "batsman": "M Kaif",
              "bowler": "RR Raje",
              "non_striker": "SR Watson",
              "runs": {
                "batsman": 1,
                "extras": 0,
                "total": 1
              }
            }
          },
          {
            "10.1": {
              "batsman": "M Kaif",
              "bowler": "ST Jayasuriya",
              "non_striker": "SR Watson",
              "runs": {
                "batsman": 0,
                "extras": 0,
                "total": 0
              }
            }
          },
          {
            "10.2": {
              "batsman": "M Kaif",
              "bowler": "ST Jayasuriya",
              "non_striker": "SR Watson",
              "runs": {
                "batsman": 0,
                "extras": 0,
                "total": 0
              }
            }
          },
          {
            "10.3": {
              "batsman": "M Kaif",
              "bowler": "ST Jayasuriya",
              "non_striker": "SR Watson",
              "runs": {
                "batsman": 2,
                "extras": 0,
                "total": 2
              }
            }
          },
          {
            "10.4": {
              "batsman": "M Kaif",
              "bowler": "ST Jayasuriya",
              "non_striker": "SR Watson",
              "runs": {
                "batsman": 1,
                "extras": 0,
                "total": 1
              }
            }
          },
          {
            "10.5": {
              "batsman": "SR Watson",
              "bowler": "ST Jayasuriya",
              "non_striker": "M Kaif",
              "runs": {
                "batsman": 1,
                "extras": 0,
                "total": 1
              }
            }
          },
          {
            "10.6": {
              "batsman": "M Kaif",
              "bowler": "ST Jayasuriya",
              "non_striker": "SR Watson",
              "runs": {
                "batsman": 1,
                "extras": 0,
                "total": 1
              }
            }
          },
          {
            "11.1": {
              "batsman": "M Kaif",
              "bowler": "RR Raje",
              "extras": {
                "byes": 4
              },
              "non_striker": "SR Watson",
              "runs": {
                "batsman": 0,
                "extras": 4,
                "total": 4
              }
            }
          },
          {
            "11.2": {
              "batsman": "M Kaif",
              "bowler": "RR Raje",
              "non_striker": "SR Watson",
              "runs": {
                "batsman": 1,
                "extras": 0,
                "total": 1
              }
            }
          },
          {
            "11.3": {
              "batsman": "SR Watson",
              "bowler": "RR Raje",
              "non_striker": "M Kaif",
              "runs": {
                "batsman": 0,
                "extras": 0,
                "total": 0
              },
              "wicket": {
                "fielders": [
                  "RR Raje",
                  "ST Jayasuriya"
                ],
                "kind": "run out",
                "player_out": "M Kaif"
              }
            }
          },
          {
            "11.4": {
              "batsman": "SR Watson",
              "bowler": "RR Raje",
              "non_striker": "RA Jadeja",
              "runs": {
                "batsman": 0,
                "extras": 0,
                "total": 0
              }
            }
          },
          {
            "11.5": {
              "batsman": "SR Watson",
              "bowler": "RR Raje",
              "non_striker": "RA Jadeja",
              "runs": {
                "batsman": 0,
                "extras": 0,
                "total": 0
              }
            }
          },
          {
            "11.6": {
              "batsman": "SR Watson",
              "bowler": "RR Raje",
              "non_striker": "RA Jadeja",
              "runs": {
                "batsman": 0,
                "extras": 0,
                "total": 0
              },
              "wicket": {
                "fielders": [
                  "SR Tendulkar"
                ],
                "kind": "caught",
                "player_out": "SR Watson"
              }
            }
          },
          {
            "12.1": {
              "batsman": "Niraj Patel",
              "bowler": "ST Jayasuriya",
              "non_striker": "RA Jadeja",
              "runs": {
                "batsman": 1,
                "extras": 0,
                "total": 1
              }
            }
          },
          {
            "12.2": {
              "batsman": "RA Jadeja",
              "bowler": "ST Jayasuriya",
              "non_striker": "Niraj Patel",
              "runs": {
                "batsman": 0,
                "extras": 0,
                "total": 0
              }
            }
          },
          {
            "12.3": {
              "batsman": "RA Jadeja",
              "bowler": "ST Jayasuriya",
              "non_striker": "Niraj Patel",
              "runs": {
                "batsman": 0,
                "extras": 0,
                "total": 0
              }
            }
          },
          {
            "12.4": {
              "batsman": "RA Jadeja",
              "bowler": "ST Jayasuriya",
              "non_striker": "Niraj Patel",
              "runs": {
                "batsman": 0,
                "extras": 0,
                "total": 0
              }
            }
          },
          {
            "12.5": {
              "batsman": "RA Jadeja",
              "bowler": "ST Jayasuriya",
              "non_striker": "Niraj Patel",
              "runs": {
                "batsman": 1,
                "extras": 0,
                "total": 1
              }
            }
          },
          {
            "12.6": {
              "batsman": "Niraj Patel",
              "bowler": "ST Jayasuriya",
              "non_striker": "RA Jadeja",
              "runs": {
                "batsman": 1,
                "extras": 0,
                "total": 1
              }
            }
          },
          {
            "13.1": {
              "batsman": "Niraj Patel",
              "bowler": "DR Smith",
              "non_striker": "RA Jadeja",
              "runs": {
                "batsman": 0,
                "extras": 0,
                "total": 0
              }
            }
          },
          {
            "13.2": {
              "batsman": "Niraj Patel",
              "bowler": "DR Smith",
              "non_striker": "RA Jadeja",
              "runs": {
                "batsman": 1,
                "extras": 0,
                "total": 1
              }
            }
          },
          {
            "13.3": {
              "batsman": "RA Jadeja",
              "bowler": "DR Smith",
              "non_striker": "Niraj Patel",
              "runs": {
                "batsman": 0,
                "extras": 0,
                "total": 0
              }
            }
          },
          {
            "13.4": {
              "batsman": "RA Jadeja",
              "bowler": "DR Smith",
              "non_striker": "Niraj Patel",
              "runs": {
                "batsman": 1,
                "extras": 0,
                "total": 1
              }
            }
          },
          {
            "13.5": {
              "batsman": "Niraj Patel",
              "bowler": "DR Smith",
              "non_striker": "RA Jadeja",
              "runs": {
                "batsman": 1,
                "extras": 0,
                "total": 1
              }
            }
          },
          {
            "13.6": {
              "batsman": "RA Jadeja",
              "bowler": "DR Smith",
              "non_striker": "Niraj Patel",
              "runs": {
                "batsman": 2,
                "extras": 0,
                "total": 2
              }
            }
          },
          {
            "14.1": {
              "batsman": "Niraj Patel",
              "bowler": "SM Pollock",
              "non_striker": "RA Jadeja",
              "runs": {
                "batsman": 0,
                "extras": 0,
                "total": 0
              }
            }
          },
          {
            "14.2": {
              "batsman": "Niraj Patel",
              "bowler": "SM Pollock",
              "non_striker": "RA Jadeja",
              "runs": {
                "batsman": 1,
                "extras": 0,
                "total": 1
              }
            }
          },
          {
            "14.3": {
              "batsman": "RA Jadeja",
              "bowler": "SM Pollock",
              "non_striker": "Niraj Patel",
              "runs": {
                "batsman": 1,
                "extras": 0,
                "total": 1
              }
            }
          },
          {
            "14.4": {
              "batsman": "Niraj Patel",
              "bowler": "SM Pollock",
              "non_striker": "RA Jadeja",
              "runs": {
                "batsman": 1,
                "extras": 0,
                "total": 1
              }
            }
          },
          {
            "14.5": {
              "batsman": "RA Jadeja",
              "bowler": "SM Pollock",
              "non_striker": "Niraj Patel",
              "runs": {
                "batsman": 1,
                "extras": 0,
                "total": 1
              }
            }
          },
          {
            "14.6": {
              "batsman": "Niraj Patel",
              "bowler": "SM Pollock",
              "non_striker": "RA Jadeja",
              "runs": {
                "batsman": 1,
                "extras": 0,
                "total": 1
              }
            }
          },
          {
            "15.1": {
              "batsman": "Niraj Patel",
              "bowler": "CRD Fernando",
              "non_striker": "RA Jadeja",
              "runs": {
                "batsman": 4,
                "extras": 0,
                "total": 4
              }
            }
          },
          {
            "15.2": {
              "batsman": "Niraj Patel",
              "bowler": "CRD Fernando",
              "non_striker": "RA Jadeja",
              "runs": {
                "batsman": 0,
                "extras": 0,
                "total": 0
              }
            }
          },
          {
            "15.3": {
              "batsman": "Niraj Patel",
              "bowler": "CRD Fernando",
              "non_striker": "RA Jadeja",
              "runs": {
                "batsman": 1,
                "extras": 0,
                "total": 1
              }
            }
          },
          {
            "15.4": {
              "batsman": "RA Jadeja",
              "bowler": "CRD Fernando",
              "non_striker": "Niraj Patel",
              "runs": {
                "batsman": 1,
                "extras": 0,
                "total": 1
              }
            }
          },
          {
            "15.5": {
              "batsman": "Niraj Patel",
              "bowler": "CRD Fernando",
              "non_striker": "RA Jadeja",
              "runs": {
                "batsman": 1,
                "extras": 0,
                "total": 1
              }
            }
          },
          {
            "15.6": {
              "batsman": "RA Jadeja",
              "bowler": "CRD Fernando",
              "non_striker": "Niraj Patel",
              "runs": {
                "batsman": 0,
                "extras": 0,
                "total": 0
              }
            }
          },
          {
            "16.1": {
              "batsman": "Niraj Patel",
              "bowler": "RR Raje",
              "non_striker": "RA Jadeja",
              "runs": {
                "batsman": 0,
                "extras": 0,
                "total": 0
              }
            }
          },
          {
            "16.2": {
              "batsman": "Niraj Patel",
              "bowler": "RR Raje",
              "non_striker": "RA Jadeja",
              "runs": {
                "batsman": 1,
                "extras": 0,
                "total": 1
              }
            }
          },
          {
            "16.3": {
              "batsman": "RA Jadeja",
              "bowler": "RR Raje",
              "non_striker": "Niraj Patel",
              "runs": {
                "batsman": 1,
                "extras": 0,
                "total": 1
              }
            }
          },
          {
            "16.4": {
              "batsman": "Niraj Patel",
              "bowler": "RR Raje",
              "non_striker": "RA Jadeja",
              "runs": {
                "batsman": 2,
                "extras": 0,
                "total": 2
              }
            }
          },
          {
            "16.5": {
              "batsman": "Niraj Patel",
              "bowler": "RR Raje",
              "non_striker": "RA Jadeja",
              "runs": {
                "batsman": 1,
                "extras": 0,
                "total": 1
              }
            }
          },
          {
            "16.6": {
              "batsman": "RA Jadeja",
              "bowler": "RR Raje",
              "non_striker": "Niraj Patel",
              "runs": {
                "batsman": 1,
                "extras": 0,
                "total": 1
              }
            }
          },
          {
            "17.1": {
              "batsman": "RA Jadeja",
              "bowler": "A Nehra",
              "non_striker": "Niraj Patel",
              "runs": {
                "batsman": 1,
                "extras": 0,
                "total": 1
              }
            }
          },
          {
            "17.2": {
              "batsman": "Niraj Patel",
              "bowler": "A Nehra",
              "non_striker": "RA Jadeja",
              "runs": {
                "batsman": 4,
                "extras": 0,
                "total": 4
              }
            }
          },
          {
            "17.3": {
              "batsman": "Niraj Patel",
              "bowler": "A Nehra",
              "extras": {
                "legbyes": 4
              },
              "non_striker": "RA Jadeja",
              "runs": {
                "batsman": 0,
                "extras": 4,
                "total": 4
              }
            }
          },
          {
            "17.4": {
              "batsman": "Niraj Patel",
              "bowler": "A Nehra",
              "non_striker": "RA Jadeja",
              "runs": {
                "batsman": 1,
                "extras": 0,
                "total": 1
              }
            }
          },
          {
            "17.5": {
              "batsman": "RA Jadeja",
              "bowler": "A Nehra",
              "non_striker": "Niraj Patel",
              "runs": {
                "batsman": 1,
                "extras": 0,
                "total": 1
              }
            }
          },
          {
            "17.6": {
              "batsman": "Niraj Patel",
              "bowler": "A Nehra",
              "non_striker": "RA Jadeja",
              "runs": {
                "batsman": 0,
                "extras": 0,
                "total": 0
              }
            }
          },
          {
            "18.1": {
              "batsman": "RA Jadeja",
              "bowler": "RR Raje",
              "non_striker": "Niraj Patel",
              "runs": {
                "batsman": 6,
                "extras": 0,
                "total": 6
              }
            }
          },
          {
            "18.2": {
              "batsman": "RA Jadeja",
              "bowler": "RR Raje",
              "extras": {
                "noballs": 1
              },
              "non_striker": "Niraj Patel",
              "runs": {
                "batsman": 1,
                "extras": 1,
                "total": 2
              }
            }
          },
          {
            "18.3": {
              "batsman": "Niraj Patel",
              "bowler": "RR Raje",
              "non_striker": "RA Jadeja",
              "runs": {
                "batsman": 2,
                "extras": 0,
                "total": 2
              }
            }
          },
          {
            "18.4": {
              "batsman": "Niraj Patel",
              "bowler": "RR Raje",
              "non_striker": "RA Jadeja",
              "runs": {
                "batsman": 2,
                "extras": 0,
                "total": 2
              }
            }
          },
          {
            "18.5": {
              "batsman": "Niraj Patel",
              "bowler": "RR Raje",
              "non_striker": "RA Jadeja",
              "runs": {
                "batsman": 1,
                "extras": 0,
                "total": 1
              }
            }
          },
          {
            "18.6": {
              "batsman": "RA Jadeja",
              "bowler": "RR Raje",
              "non_striker": "Niraj Patel",
              "runs": {
                "batsman": 1,
                "extras": 0,
                "total": 1
              }
            }
          },
          {
            "18.7": {
              "batsman": "Niraj Patel",
              "bowler": "RR Raje",
              "non_striker": "RA Jadeja",
              "runs": {
                "batsman": 3,
                "extras": 0,
                "total": 3
              }
            }
          },
          {
            "19.1": {
              "batsman": "Niraj Patel",
              "bowler": "CRD Fernando",
              "non_striker": "RA Jadeja",
              "runs": {
                "batsman": 1,
                "extras": 0,
                "total": 1
              }
            }
          },
          {
            "19.2": {
              "batsman": "RA Jadeja",
              "bowler": "CRD Fernando",
              "non_striker": "Niraj Patel",
              "runs": {
                "batsman": 3,
                "extras": 0,
                "total": 3
              }
            }
          },
          {
            "19.3": {
              "batsman": "Niraj Patel",
              "bowler": "CRD Fernando",
              "non_striker": "RA Jadeja",
              "runs": {
                "batsman": 6,
                "extras": 0,
                "total": 6
              }
            }
          },
          {
            "19.4": {
              "batsman": "Niraj Patel",
              "bowler": "CRD Fernando",
              "non_striker": "RA Jadeja",
              "runs": {
                "batsman": 1,
                "extras": 0,
                "total": 1
              }
            }
          },
          {
            "19.5": {
              "batsman": "RA Jadeja",
              "bowler": "CRD Fernando",
              "non_striker": "Niraj Patel",
              "runs": {
                "batsman": 1,
                "extras": 0,
                "total": 1
              }
            }
          },
          {
            "19.6": {
              "batsman": "Niraj Patel",
              "bowler": "CRD Fernando",
              "extras": {
                "wides": 1
              },
              "non_striker": "RA Jadeja",
              "runs": {
                "batsman": 0,
                "extras": 1,
                "total": 1
              }
            }
          },
          {
            "19.7": {
              "batsman": "Niraj Patel",
              "bowler": "CRD Fernando",
              "non_striker": "RA Jadeja",
              "runs": {
                "batsman": 2,
                "extras": 0,
                "total": 2
              }
            }
          }
        ]
      }
    }
  ]
}