{
  "meta": {
    "data_version": 0.9,
    "created": "2011-05-06T00:00:00.000Z",
    "revision": 2
  },
  "info": {
    "city": "Mumbai",
    "competition": "IPL",
    "dates": [
      "2008-05-21T00:00:00.000Z"
    ],
    "gender": "male",
    "match_type": "T20",
    "outcome": {
      "by": {
        "runs": 1
      },
      "winner": "Kings XI Punjab"
    },
    "overs": 20,
    "player_of_match": [
      "SE Marsh"
    ],
    "teams": [
      "Mumbai Indians",
      "Kings XI Punjab"
    ],
    "toss": {
      "decision": "field",
      "winner": "Mumbai Indians"
    },
    "umpires": [
      "BF Bowden",
      "GA Pratapkumar"
    ],
    "venue": "Wankhede Stadium"
  },
  "innings": [
    {
      "1st innings": {
        "team": "Kings XI Punjab",
        "deliveries": [
          {
            "0.1": {
              "batsman": "SE Marsh",
              "bowler": "SM Pollock",
              "non_striker": "JR Hopes",
              "runs": {
                "batsman": 0,
                "extras": 0,
                "total": 0
              }
            }
          },
          {
            "0.2": {
              "batsman": "SE Marsh",
              "bowler": "SM Pollock",
              "non_striker": "JR Hopes",
              "runs": {
                "batsman": 1,
                "extras": 0,
                "total": 1
              }
            }
          },
          {
            "0.3": {
              "batsman": "JR Hopes",
              "bowler": "SM Pollock",
              "non_striker": "SE Marsh",
              "runs": {
                "batsman": 0,
                "extras": 0,
                "total": 0
              },
              "wicket": {
                "fielders": [
                  "PR Shah"
                ],
                "kind": "caught",
                "player_out": "JR Hopes"
              }
            }
          },
          {
            "0.4": {
              "batsman": "LA Pomersbach",
              "bowler": "SM Pollock",
              "non_striker": "SE Marsh",
              "runs": {
                "batsman": 0,
                "extras": 0,
                "total": 0
              }
            }
          },
          {
            "0.5": {
              "batsman": "LA Pomersbach",
              "bowler": "SM Pollock",
              "non_striker": "SE Marsh",
              "runs": {
                "batsman": 0,
                "extras": 0,
                "total": 0
              }
            }
          },
          {
            "0.6": {
              "batsman": "LA Pomersbach",
              "bowler": "SM Pollock",
              "non_striker": "SE Marsh",
              "runs": {
                "batsman": 2,
                "extras": 0,
                "total": 2
              }
            }
          },
          {
            "1.1": {
              "batsman": "SE Marsh",
              "bowler": "A Nehra",
              "non_striker": "LA Pomersbach",
              "runs": {
                "batsman": 4,
                "extras": 0,
                "total": 4
              }
            }
          },
          {
            "1.2": {
              "batsman": "SE Marsh",
              "bowler": "A Nehra",
              "non_striker": "LA Pomersbach",
              "runs": {
                "batsman": 0,
                "extras": 0,
                "total": 0
              }
            }
          },
          {
            "1.3": {
              "batsman": "SE Marsh",
              "bowler": "A Nehra",
              "non_striker": "LA Pomersbach",
              "runs": {
                "batsman": 0,
                "extras": 0,
                "total": 0
              }
            }
          },
          {
            "1.4": {
              "batsman": "SE Marsh",
              "bowler": "A Nehra",
              "non_striker": "LA Pomersbach",
              "runs": {
                "batsman": 1,
                "extras": 0,
                "total": 1
              }
            }
          },
          {
            "1.5": {
              "batsman": "LA Pomersbach",
              "bowler": "A Nehra",
              "non_striker": "SE Marsh",
              "runs": {
                "batsman": 0,
                "extras": 0,
                "total": 0
              }
            }
          },
          {
            "1.6": {
              "batsman": "LA Pomersbach",
              "bowler": "A Nehra",
              "non_striker": "SE Marsh",
              "runs": {
                "batsman": 0,
                "extras": 0,
                "total": 0
              }
            }
          },
          {
            "2.1": {
              "batsman": "SE Marsh",
              "bowler": "SM Pollock",
              "non_striker": "LA Pomersbach",
              "runs": {
                "batsman": 0,
                "extras": 0,
                "total": 0
              }
            }
          },
          {
            "2.2": {
              "batsman": "SE Marsh",
              "bowler": "SM Pollock",
              "non_striker": "LA Pomersbach",
              "runs": {
                "batsman": 0,
                "extras": 0,
                "total": 0
              }
            }
          },
          {
            "2.3": {
              "batsman": "SE Marsh",
              "bowler": "SM Pollock",
              "non_striker": "LA Pomersbach",
              "runs": {
                "batsman": 0,
                "extras": 0,
                "total": 0
              }
            }
          },
          {
            "2.4": {
              "batsman": "SE Marsh",
              "bowler": "SM Pollock",
              "non_striker": "LA Pomersbach",
              "runs": {
                "batsman": 0,
                "extras": 0,
                "total": 0
              }
            }
          },
          {
            "2.5": {
              "batsman": "SE Marsh",
              "bowler": "SM Pollock",
              "non_striker": "LA Pomersbach",
              "runs": {
                "batsman": 1,
                "extras": 0,
                "total": 1
              }
            }
          },
          {
            "2.6": {
              "batsman": "LA Pomersbach",
              "bowler": "SM Pollock",
              "non_striker": "SE Marsh",
              "runs": {
                "batsman": 0,
                "extras": 0,
                "total": 0
              }
            }
          },
          {
            "3.1": {
              "batsman": "SE Marsh",
              "bowler": "A Nehra",
              "non_striker": "LA Pomersbach",
              "runs": {
                "batsman": 0,
                "extras": 0,
                "total": 0
              }
            }
          },
          {
            "3.2": {
              "batsman": "SE Marsh",
              "bowler": "A Nehra",
              "non_striker": "LA Pomersbach",
              "runs": {
                "batsman": 1,
                "extras": 0,
                "total": 1
              }
            }
          },
          {
            "3.3": {
              "batsman": "LA Pomersbach",
              "bowler": "A Nehra",
              "non_striker": "SE Marsh",
              "runs": {
                "batsman": 0,
                "extras": 0,
                "total": 0
              }
            }
          },
          {
            "3.4": {
              "batsman": "LA Pomersbach",
              "bowler": "A Nehra",
              "non_striker": "SE Marsh",
              "runs": {
                "batsman": 6,
                "extras": 0,
                "total": 6
              }
            }
          },
          {
            "3.5": {
              "batsman": "LA Pomersbach",
              "bowler": "A Nehra",
              "non_striker": "SE Marsh",
              "runs": {
                "batsman": 0,
                "extras": 0,
                "total": 0
              }
            }
          },
          {
            "3.6": {
              "batsman": "LA Pomersbach",
              "bowler": "A Nehra",
              "non_striker": "SE Marsh",
              "runs": {
                "batsman": 4,
                "extras": 0,
                "total": 4
              }
            }
          },
          {
            "4.1": {
              "batsman": "SE Marsh",
              "bowler": "SM Pollock",
              "non_striker": "LA Pomersbach",
              "runs": {
                "batsman": 0,
                "extras": 0,
                "total": 0
              }
            }
          },
          {
            "4.2": {
              "batsman": "SE Marsh",
              "bowler": "SM Pollock",
              "non_striker": "LA Pomersbach",
              "runs": {
                "batsman": 1,
                "extras": 0,
                "total": 1
              }
            }
          },
          {
            "4.3": {
              "batsman": "LA Pomersbach",
              "bowler": "SM Pollock",
              "non_striker": "SE Marsh",
              "runs": {
                "batsman": 4,
                "extras": 0,
                "total": 4
              }
            }
          },
          {
            "4.4": {
              "batsman": "LA Pomersbach",
              "bowler": "SM Pollock",
              "non_striker": "SE Marsh",
              "runs": {
                "batsman": 1,
                "extras": 0,
                "total": 1
              }
            }
          },
          {
            "4.5": {
              "batsman": "SE Marsh",
              "bowler": "SM Pollock",
              "non_striker": "LA Pomersbach",
              "runs": {
                "batsman": 2,
                "extras": 0,
                "total": 2
              }
            }
          },
          {
            "4.6": {
              "batsman": "SE Marsh",
              "bowler": "SM Pollock",
              "non_striker": "LA Pomersbach",
              "runs": {
                "batsman": 2,
                "extras": 0,
                "total": 2
              }
            }
          },
          {
            "5.1": {
              "batsman": "LA Pomersbach",
              "bowler": "VS Yeligati",
              "extras": {
                "legbyes": 1
              },
              "non_striker": "SE Marsh",
              "runs": {
                "batsman": 0,
                "extras": 1,
                "total": 1
              }
            }
          },
          {
            "5.2": {
              "batsman": "SE Marsh",
              "bowler": "VS Yeligati",
              "non_striker": "LA Pomersbach",
              "runs": {
                "batsman": 1,
                "extras": 0,
                "total": 1
              }
            }
          },
          {
            "5.3": {
              "batsman": "LA Pomersbach",
              "bowler": "VS Yeligati",
              "non_striker": "SE Marsh",
              "runs": {
                "batsman": 1,
                "extras": 0,
                "total": 1
              }
            }
          },
          {
            "5.4": {
              "batsman": "SE Marsh",
              "bowler": "VS Yeligati",
              "non_striker": "LA Pomersbach",
              "runs": {
                "batsman": 4,
                "extras": 0,
                "total": 4
              }
            }
          },
          {
            "5.5": {
              "batsman": "SE Marsh",
              "bowler": "VS Yeligati",
              "non_striker": "LA Pomersbach",
              "runs": {
                "batsman": 0,
                "extras": 0,
                "total": 0
              }
            }
          },
          {
            "5.6": {
              "batsman": "SE Marsh",
              "bowler": "VS Yeligati",
              "non_striker": "LA Pomersbach",
              "runs": {
                "batsman": 6,
                "extras": 0,
                "total": 6
              }
            }
          },
          {
            "6.1": {
              "batsman": "LA Pomersbach",
              "bowler": "SD Chitnis",
              "non_striker": "SE Marsh",
              "runs": {
                "batsman": 1,
                "extras": 0,
                "total": 1
              }
            }
          },
          {
            "6.2": {
              "batsman": "SE Marsh",
              "bowler": "SD Chitnis",
              "non_striker": "LA Pomersbach",
              "runs": {
                "batsman": 2,
                "extras": 0,
                "total": 2
              }
            }
          },
          {
            "6.3": {
              "batsman": "SE Marsh",
              "bowler": "SD Chitnis",
              "non_striker": "LA Pomersbach",
              "runs": {
                "batsman": 2,
                "extras": 0,
                "total": 2
              }
            }
          },
          {
            "6.4": {
              "batsman": "SE Marsh",
              "bowler": "SD Chitnis",
              "non_striker": "LA Pomersbach",
              "runs": {
                "batsman": 4,
                "extras": 0,
                "total": 4
              }
            }
          },
          {
            "6.5": {
              "batsman": "SE Marsh",
              "bowler": "SD Chitnis",
              "non_striker": "LA Pomersbach",
              "runs": {
                "batsman": 0,
                "extras": 0,
                "total": 0
              }
            }
          },
          {
            "6.6": {
              "batsman": "SE Marsh",
              "bowler": "SD Chitnis",
              "extras": {
                "legbyes": 1
              },
              "non_striker": "LA Pomersbach",
              "runs": {
                "batsman": 0,
                "extras": 1,
                "total": 1
              }
            }
          },
          {
            "7.1": {
              "batsman": "SE Marsh",
              "bowler": "CRD Fernando",
              "non_striker": "LA Pomersbach",
              "runs": {
                "batsman": 0,
                "extras": 0,
                "total": 0
              }
            }
          },
          {
            "7.2": {
              "batsman": "SE Marsh",
              "bowler": "CRD Fernando",
              "non_striker": "LA Pomersbach",
              "runs": {
                "batsman": 4,
                "extras": 0,
                "total": 4
              }
            }
          },
          {
            "7.3": {
              "batsman": "SE Marsh",
              "bowler": "CRD Fernando",
              "non_striker": "LA Pomersbach",
              "runs": {
                "batsman": 4,
                "extras": 0,
                "total": 4
              }
            }
          },
          {
            "7.4": {
              "batsman": "SE Marsh",
              "bowler": "CRD Fernando",
              "non_striker": "LA Pomersbach",
              "runs": {
                "batsman": 1,
                "extras": 0,
                "total": 1
              }
            }
          },
          {
            "7.5": {
              "batsman": "LA Pomersbach",
              "bowler": "CRD Fernando",
              "non_striker": "SE Marsh",
              "runs": {
                "batsman": 0,
                "extras": 0,
                "total": 0
              }
            }
          },
          {
            "7.6": {
              "batsman": "LA Pomersbach",
              "bowler": "CRD Fernando",
              "non_striker": "SE Marsh",
              "runs": {
                "batsman": 2,
                "extras": 0,
                "total": 2
              }
            }
          },
          {
            "8.1": {
              "batsman": "SE Marsh",
              "bowler": "DR Smith",
              "non_striker": "LA Pomersbach",
              "runs": {
                "batsman": 0,
                "extras": 0,
                "total": 0
              }
            }
          },
          {
            "8.2": {
              "batsman": "SE Marsh",
              "bowler": "DR Smith",
              "non_striker": "LA Pomersbach",
              "runs": {
                "batsman": 2,
                "extras": 0,
                "total": 2
              }
            }
          },
          {
            "8.3": {
              "batsman": "SE Marsh",
              "bowler": "DR Smith",
              "non_striker": "LA Pomersbach",
              "runs": {
                "batsman": 1,
                "extras": 0,
                "total": 1
              }
            }
          },
          {
            "8.4": {
              "batsman": "LA Pomersbach",
              "bowler": "DR Smith",
              "non_striker": "SE Marsh",
              "runs": {
                "batsman": 1,
                "extras": 0,
                "total": 1
              }
            }
          },
          {
            "8.5": {
              "batsman": "SE Marsh",
              "bowler": "DR Smith",
              "non_striker": "LA Pomersbach",
              "runs": {
                "batsman": 4,
                "extras": 0,
                "total": 4
              }
            }
          },
          {
            "8.6": {
              "batsman": "SE Marsh",
              "bowler": "DR Smith",
              "non_striker": "LA Pomersbach",
              "runs": {
                "batsman": 2,
                "extras": 0,
                "total": 2
              }
            }
          },
          {
            "9.1": {
              "batsman": "LA Pomersbach",
              "bowler": "CRD Fernando",
              "non_striker": "SE Marsh",
              "runs": {
                "batsman": 1,
                "extras": 0,
                "total": 1
              }
            }
          },
          {
            "9.2": {
              "batsman": "SE Marsh",
              "bowler": "CRD Fernando",
              "non_striker": "LA Pomersbach",
              "runs": {
                "batsman": 1,
                "extras": 0,
                "total": 1
              }
            }
          },
          {
            "9.3": {
              "batsman": "LA Pomersbach",
              "bowler": "CRD Fernando",
              "non_striker": "SE Marsh",
              "runs": {
                "batsman": 1,
                "extras": 0,
                "total": 1
              }
            }
          },
          {
            "9.4": {
              "batsman": "SE Marsh",
              "bowler": "CRD Fernando",
              "non_striker": "LA Pomersbach",
              "runs": {
                "batsman": 6,
                "extras": 0,
                "total": 6
              }
            }
          },
          {
            "9.5": {
              "batsman": "SE Marsh",
              "bowler": "CRD Fernando",
              "non_striker": "LA Pomersbach",
              "runs": {
                "batsman": 0,
                "extras": 0,
                "total": 0
              }
            }
          },
          {
            "9.6": {
              "batsman": "SE Marsh",
              "bowler": "CRD Fernando",
              "non_striker": "LA Pomersbach",
              "runs": {
                "batsman": 1,
                "extras": 0,
                "total": 1
              }
            }
          },
          {
            "10.1": {
              "batsman": "SE Marsh",
              "bowler": "DR Smith",
              "non_striker": "LA Pomersbach",
              "runs": {
                "batsman": 0,
                "extras": 0,
                "total": 0
              }
            }
          },
          {
            "10.2": {
              "batsman": "SE Marsh",
              "bowler": "DR Smith",
              "non_striker": "LA Pomersbach",
              "runs": {
                "batsman": 1,
                "extras": 0,
                "total": 1
              }
            }
          },
          {
            "10.3": {
              "batsman": "LA Pomersbach",
              "bowler": "DR Smith",
              "non_striker": "SE Marsh",
              "runs": {
                "batsman": 1,
                "extras": 0,
                "total": 1
              }
            }
          },
          {
            "10.4": {
              "batsman": "SE Marsh",
              "bowler": "DR Smith",
              "extras": {
                "wides": 1
              },
              "non_striker": "LA Pomersbach",
              "runs": {
                "batsman": 0,
                "extras": 1,
                "total": 1
              }
            }
          },
          {
            "10.5": {
              "batsman": "SE Marsh",
              "bowler": "DR Smith",
              "non_striker": "LA Pomersbach",
              "runs": {
                "batsman": 0,
                "extras": 0,
                "total": 0
              }
            }
          },
          {
            "10.6": {
              "batsman": "SE Marsh",
              "bowler": "DR Smith",
              "non_striker": "LA Pomersbach",
              "runs": {
                "batsman": 6,
                "extras": 0,
                "total": 6
              }
            }
          },
          {
            "10.7": {
              "batsman": "SE Marsh",
              "bowler": "DR Smith",
              "non_striker": "LA Pomersbach",
              "runs": {
                "batsman": 0,
                "extras": 0,
                "total": 0
              }
            }
          },
          {
            "11.1": {
              "batsman": "LA Pomersbach",
              "bowler": "VS Yeligati",
              "non_striker": "SE Marsh",
              "runs": {
                "batsman": 1,
                "extras": 0,
                "total": 1
              }
            }
          },
          {
            "11.2": {
              "batsman": "SE Marsh",
              "bowler": "VS Yeligati",
              "non_striker": "LA Pomersbach",
              "runs": {
                "batsman": 0,
                "extras": 0,
                "total": 0
              }
            }
          },
          {
            "11.3": {
              "batsman": "SE Marsh",
              "bowler": "VS Yeligati",
              "non_striker": "LA Pomersbach",
              "runs": {
                "batsman": 1,
                "extras": 0,
                "total": 1
              }
            }
          },
          {
            "11.4": {
              "batsman": "LA Pomersbach",
              "bowler": "VS Yeligati",
              "non_striker": "SE Marsh",
              "runs": {
                "batsman": 4,
                "extras": 0,
                "total": 4
              }
            }
          },
          {
            "11.5": {
              "batsman": "LA Pomersbach",
              "bowler": "VS Yeligati",
              "extras": {
                "legbyes": 1
              },
              "non_striker": "SE Marsh",
              "runs": {
                "batsman": 0,
                "extras": 1,
                "total": 1
              }
            }
          },
          {
            "11.6": {
              "batsman": "SE Marsh",
              "bowler": "VS Yeligati",
              "non_striker": "LA Pomersbach",
              "runs": {
                "batsman": 1,
                "extras": 0,
                "total": 1
              }
            }
          },
          {
            "12.1": {
              "batsman": "SE Marsh",
              "bowler": "SD Chitnis",
              "non_striker": "LA Pomersbach",
              "runs": {
                "batsman": 6,
                "extras": 0,
                "total": 6
              }
            }
          },
          {
            "12.2": {
              "batsman": "SE Marsh",
              "bowler": "SD Chitnis",
              "non_striker": "LA Pomersbach",
              "runs": {
                "batsman": 4,
                "extras": 0,
                "total": 4
              }
            }
          },
          {
            "12.3": {
              "batsman": "SE Marsh",
              "bowler": "SD Chitnis",
              "non_striker": "LA Pomersbach",
              "runs": {
                "batsman": 0,
                "extras": 0,
                "total": 0
              }
            }
          },
          {
            "12.4": {
              "batsman": "SE Marsh",
              "bowler": "SD Chitnis",
              "non_striker": "LA Pomersbach",
              "runs": {
                "batsman": 1,
                "extras": 0,
                "total": 1
              }
            }
          },
          {
            "12.5": {
              "batsman": "LA Pomersbach",
              "bowler": "SD Chitnis",
              "non_striker": "SE Marsh",
              "runs": {
                "batsman": 1,
                "extras": 0,
                "total": 1
              }
            }
          },
          {
            "12.6": {
              "batsman": "SE Marsh",
              "bowler": "SD Chitnis",
              "non_striker": "LA Pomersbach",
              "runs": {
                "batsman": 1,
                "extras": 0,
                "total": 1
              }
            }
          },
          {
            "13.1": {
              "batsman": "SE Marsh",
              "bowler": "VS Yeligati",
              "non_striker": "LA Pomersbach",
              "runs": {
                "batsman": 1,
                "extras": 0,
                "total": 1
              }
            }
          },
          {
            "13.2": {
              "batsman": "LA Pomersbach",
              "bowler": "VS Yeligati",
              "extras": {
                "wides": 1
              },
              "non_striker": "SE Marsh",
              "runs": {
                "batsman": 0,
                "extras": 1,
                "total": 1
              }
            }
          },
          {
            "13.3": {
              "batsman": "LA Pomersbach",
              "bowler": "VS Yeligati",
              "non_striker": "SE Marsh",
              "runs": {
                "batsman": 0,
                "extras": 0,
                "total": 0
              }
            }
          },
          {
            "13.4": {
              "batsman": "LA Pomersbach",
              "bowler": "VS Yeligati",
              "non_striker": "SE Marsh",
              "runs": {
                "batsman": 4,
                "extras": 0,
                "total": 4
              }
            }
          },
          {
            "13.5": {
              "batsman": "LA Pomersbach",
              "bowler": "VS Yeligati",
              "non_striker": "SE Marsh",
              "runs": {
                "batsman": 4,
                "extras": 0,
                "total": 4
              }
            }
          },
          {
            "13.6": {
              "batsman": "LA Pomersbach",
              "bowler": "VS Yeligati",
              "non_striker": "SE Marsh",
              "runs": {
                "batsman": 1,
                "extras": 0,
                "total": 1
              }
            }
          },
          {
            "13.7": {
              "batsman": "SE Marsh",
              "bowler": "VS Yeligati",
              "non_striker": "LA Pomersbach",
              "runs": {
                "batsman": 0,
                "extras": 0,
                "total": 0
              }
            }
          },
          {
            "14.1": {
              "batsman": "LA Pomersbach",
              "bowler": "SD Chitnis",
              "non_striker": "SE Marsh",
              "runs": {
                "batsman": 1,
                "extras": 0,
                "total": 1
              }
            }
          },
          {
            "14.2": {
              "batsman": "SE Marsh",
              "bowler": "SD Chitnis",
              "non_striker": "LA Pomersbach",
              "runs": {
                "batsman": 1,
                "extras": 0,
                "total": 1
              }
            }
          },
          {
            "14.3": {
              "batsman": "LA Pomersbach",
              "bowler": "SD Chitnis",
              "non_striker": "SE Marsh",
              "runs": {
                "batsman": 6,
                "extras": 0,
                "total": 6
              }
            }
          },
          {
            "14.4": {
              "batsman": "LA Pomersbach",
              "bowler": "SD Chitnis",
              "non_striker": "SE Marsh",
              "runs": {
                "batsman": 1,
                "extras": 0,
                "total": 1
              }
            }
          },
          {
            "14.5": {
              "batsman": "SE Marsh",
              "bowler": "SD Chitnis",
              "non_striker": "LA Pomersbach",
              "runs": {
                "batsman": 0,
                "extras": 0,
                "total": 0
              },
              "wicket": {
                "fielders": [
                  "SM Pollock"
                ],
                "kind": "caught",
                "player_out": "SE Marsh"
              }
            }
          },
          {
            "14.6": {
              "batsman": "LA Pomersbach",
              "bowler": "SD Chitnis",
              "non_striker": "Yuvraj Singh",
              "runs": {
                "batsman": 0,
                "extras": 0,
                "total": 0
              }
            }
          },
          {
            "15.1": {
              "batsman": "Yuvraj Singh",
              "bowler": "CRD Fernando",
              "non_striker": "LA Pomersbach",
              "runs": {
                "batsman": 4,
                "extras": 0,
                "total": 4
              }
            }
          },
          {
            "15.2": {
              "batsman": "Yuvraj Singh",
              "bowler": "CRD Fernando",
              "non_striker": "LA Pomersbach",
              "runs": {
                "batsman": 0,
                "extras": 0,
                "total": 0
              }
            }
          },
          {
            "15.3": {
              "batsman": "Yuvraj Singh",
              "bowler": "CRD Fernando",
              "non_striker": "LA Pomersbach",
              "runs": {
                "batsman": 1,
                "extras": 0,
                "total": 1
              }
            }
          },
          {
            "15.4": {
              "batsman": "LA Pomersbach",
              "bowler": "CRD Fernando",
              "non_striker": "Yuvraj Singh",
              "runs": {
                "batsman": 0,
                "extras": 0,
                "total": 0
              }
            }
          },
          {
            "15.5": {
              "batsman": "LA Pomersbach",
              "bowler": "CRD Fernando",
              "non_striker": "Yuvraj Singh",
              "runs": {
                "batsman": 0,
                "extras": 0,
                "total": 0
              }
            }
          },
          {
            "15.6": {
              "batsman": "LA Pomersbach",
              "bowler": "CRD Fernando",
              "non_striker": "Yuvraj Singh",
              "runs": {
                "batsman": 0,
                "extras": 0,
                "total": 0
              }
            }
          },
          {
            "16.1": {
              "batsman": "Yuvraj Singh",
              "bowler": "SD Chitnis",
              "non_striker": "LA Pomersbach",
              "runs": {
                "batsman": 1,
                "extras": 0,
                "total": 1
              }
            }
          },
          {
            "16.2": {
              "batsman": "LA Pomersbach",
              "bowler": "SD Chitnis",
              "extras": {
                "wides": 5
              },
              "non_striker": "Yuvraj Singh",
              "runs": {
                "batsman": 0,
                "extras": 5,
                "total": 5
              }
            }
          },
          {
            "16.3": {
              "batsman": "LA Pomersbach",
              "bowler": "SD Chitnis",
              "non_striker": "Yuvraj Singh",
              "runs": {
                "batsman": 1,
                "extras": 0,
                "total": 1
              }
            }
          },
          {
            "16.4": {
              "batsman": "Yuvraj Singh",
              "bowler": "SD Chitnis",
              "non_striker": "LA Pomersbach",
              "runs": {
                "batsman": 1,
                "extras": 0,
                "total": 1
              }
            }
          },
          {
            "16.5": {
              "batsman": "LA Pomersbach",
              "bowler": "SD Chitnis",
              "non_striker": "Yuvraj Singh",
              "runs": {
                "batsman": 1,
                "extras": 0,
                "total": 1
              }
            }
          },
          {
            "16.6": {
              "batsman": "Yuvraj Singh",
              "bowler": "SD Chitnis",
              "non_striker": "LA Pomersbach",
              "runs": {
                "batsman": 0,
                "extras": 0,
                "total": 0
              },
              "wicket": {
                "fielders": [
                  "DR Smith"
                ],
                "kind": "caught",
                "player_out": "Yuvraj Singh"
              }
            }
          },
          {
            "16.7": {
              "batsman": "LA Pomersbach",
              "bowler": "SD Chitnis",
              "non_striker": "DPMD Jayawardene",
              "runs": {
                "batsman": 0,
                "extras": 0,
                "total": 0
              }
            }
          },
          {
            "17.1": {
              "batsman": "DPMD Jayawardene",
              "bowler": "CRD Fernando",
              "non_striker": "LA Pomersbach",
              "runs": {
                "batsman": 1,
                "extras": 0,
                "total": 1
              }
            }
          },
          {
            "17.2": {
              "batsman": "LA Pomersbach",
              "bowler": "CRD Fernando",
              "non_striker": "DPMD Jayawardene",
              "runs": {
                "batsman": 0,
                "extras": 0,
                "total": 0
              }
            }
          },
          {
            "17.3": {
              "batsman": "LA Pomersbach",
              "bowler": "CRD Fernando",
              "non_striker": "DPMD Jayawardene",
              "runs": {
                "batsman": 1,
                "extras": 0,
                "total": 1
              }
            }
          },
          {
            "17.4": {
              "batsman": "DPMD Jayawardene",
              "bowler": "CRD Fernando",
              "non_striker": "LA Pomersbach",
              "runs": {
                "batsman": 0,
                "extras": 0,
                "total": 0
              },
              "wicket": {
                "kind": "caught and bowled",
                "player_out": "DPMD Jayawardene"
              }
            }
          },
          {
            "17.5": {
              "batsman": "LA Pomersbach",
              "bowler": "CRD Fernando",
              "non_striker": "IK Pathan",
              "runs": {
                "batsman": 4,
                "extras": 0,
                "total": 4
              }
            }
          },
          {
            "17.6": {
              "batsman": "LA Pomersbach",
              "bowler": "CRD Fernando",
              "non_striker": "IK Pathan",
              "runs": {
                "batsman": 4,
                "extras": 0,
                "total": 4
              }
            }
          },
          {
            "18.1": {
              "batsman": "IK Pathan",
              "bowler": "VS Yeligati",
              "non_striker": "LA Pomersbach",
              "runs": {
                "batsman": 1,
                "extras": 0,
                "total": 1
              }
            }
          },
          {
            "18.2": {
              "batsman": "LA Pomersbach",
              "bowler": "VS Yeligati",
              "non_striker": "IK Pathan",
              "runs": {
                "batsman": 1,
                "extras": 0,
                "total": 1
              }
            }
          },
          {
            "18.3": {
              "batsman": "IK Pathan",
              "bowler": "VS Yeligati",
              "non_striker": "LA Pomersbach",
              "runs": {
                "batsman": 0,
                "extras": 0,
                "total": 0
              }
            }
          },
          {
            "18.4": {
              "batsman": "IK Pathan",
              "bowler": "VS Yeligati",
              "non_striker": "LA Pomersbach",
              "runs": {
                "batsman": 6,
                "extras": 0,
                "total": 6
              }
            }
          },
          {
            "18.5": {
              "batsman": "IK Pathan",
              "bowler": "VS Yeligati",
              "non_striker": "LA Pomersbach",
              "runs": {
                "batsman": 1,
                "extras": 0,
                "total": 1
              }
            }
          },
          {
            "18.6": {
              "batsman": "LA Pomersbach",
              "bowler": "VS Yeligati",
              "non_striker": "IK Pathan",
              "runs": {
                "batsman": 4,
                "extras": 0,
                "total": 4
              }
            }
          },
          {
            "19.1": {
              "batsman": "IK Pathan",
              "bowler": "A Nehra",
              "extras": {
                "wides": 2
              },
              "non_striker": "LA Pomersbach",
              "runs": {
                "batsman": 0,
                "extras": 2,
                "total": 2
              }
            }
          },
          {
            "19.2": {
              "batsman": "LA Pomersbach",
              "bowler": "A Nehra",
              "non_striker": "IK Pathan",
              "runs": {
                "batsman": 1,
                "extras": 0,
                "total": 1
              }
            }
          },
          {
            "19.3": {
              "batsman": "IK Pathan",
              "bowler": "A Nehra",
              "non_striker": "LA Pomersbach",
              "runs": {
                "batsman": 1,
                "extras": 0,
                "total": 1
              }
            }
          },
          {
            "19.4": {
              "batsman": "LA Pomersbach",
              "bowler": "A Nehra",
              "non_striker": "IK Pathan",
              "runs": {
                "batsman": 4,
                "extras": 0,
                "total": 4
              }
            }
          },
          {
            "19.5": {
              "batsman": "LA Pomersbach",
              "bowler": "A Nehra",
              "non_striker": "IK Pathan",
              "runs": {
                "batsman": 6,
                "extras": 0,
                "total": 6
              }
            }
          },
          {
            "19.6": {
              "batsman": "LA Pomersbach",
              "bowler": "A Nehra",
              "non_striker": "IK Pathan",
              "runs": {
                "batsman": 0,
                "extras": 0,
                "total": 0
              }
            }
          },
          {
            "19.7": {
              "batsman": "LA Pomersbach",
              "bowler": "A Nehra",
              "non_striker": "IK Pathan",
              "runs": {
                "batsman": 4,
                "extras": 0,
                "total": 4
              }
            }
          }
        ]
      }
    },
    {
      "2nd innings": {
        "team": "Mumbai Indians",
        "deliveries": [
          {
            "0.1": {
              "batsman": "ST Jayasuriya",
              "bowler": "S Sreesanth",
              "extras": {
                "wides": 1
              },
              "non_striker": "SR Tendulkar",
              "runs": {
                "batsman": 0,
                "extras": 1,
                "total": 1
              }
            }
          },
          {
            "0.2": {
              "batsman": "ST Jayasuriya",
              "bowler": "S Sreesanth",
              "extras": {
                "wides": 5
              },
              "non_striker": "SR Tendulkar",
              "runs": {
                "batsman": 0,
                "extras": 5,
                "total": 5
              }
            }
          },
          {
            "0.3": {
              "batsman": "ST Jayasuriya",
              "bowler": "S Sreesanth",
              "extras": {
                "wides": 1
              },
              "non_striker": "SR Tendulkar",
              "runs": {
                "batsman": 0,
                "extras": 1,
                "total": 1
              }
            }
          },
          {
            "0.4": {
              "batsman": "ST Jayasuriya",
              "bowler": "S Sreesanth",
              "non_striker": "SR Tendulkar",
              "runs": {
                "batsman": 0,
                "extras": 0,
                "total": 0
              }
            }
          },
          {
            "0.5": {
              "batsman": "ST Jayasuriya",
              "bowler": "S Sreesanth",
              "non_striker": "SR Tendulkar",
              "runs": {
                "batsman": 2,
                "extras": 0,
                "total": 2
              }
            }
          },
          {
            "0.6": {
              "batsman": "ST Jayasuriya",
              "bowler": "S Sreesanth",
              "non_striker": "SR Tendulkar",
              "runs": {
                "batsman": 0,
                "extras": 0,
                "total": 0
              }
            }
          },
          {
            "0.7": {
              "batsman": "ST Jayasuriya",
              "bowler": "S Sreesanth",
              "non_striker": "SR Tendulkar",
              "runs": {
                "batsman": 1,
                "extras": 0,
                "total": 1
              }
            }
          },
          {
            "0.8": {
              "batsman": "SR Tendulkar",
              "bowler": "S Sreesanth",
              "non_striker": "ST Jayasuriya",
              "runs": {
                "batsman": 0,
                "extras": 0,
                "total": 0
              }
            }
          },
          {
            "0.9": {
              "batsman": "SR Tendulkar",
              "bowler": "S Sreesanth",
              "non_striker": "ST Jayasuriya",
              "runs": {
                "batsman": 0,
                "extras": 0,
                "total": 0
              }
            }
          },
          {
            "1.1": {
              "batsman": "ST Jayasuriya",
              "bowler": "IK Pathan",
              "non_striker": "SR Tendulkar",
              "runs": {
                "batsman": 6,
                "extras": 0,
                "total": 6
              }
            }
          },
          {
            "1.2": {
              "batsman": "ST Jayasuriya",
              "bowler": "IK Pathan",
              "non_striker": "SR Tendulkar",
              "runs": {
                "batsman": 1,
                "extras": 0,
                "total": 1
              }
            }
          },
          {
            "1.3": {
              "batsman": "SR Tendulkar",
              "bowler": "IK Pathan",
              "extras": {
                "wides": 2
              },
              "non_striker": "ST Jayasuriya",
              "runs": {
                "batsman": 0,
                "extras": 2,
                "total": 2
              }
            }
          },
          {
            "1.4": {
              "batsman": "ST Jayasuriya",
              "bowler": "IK Pathan",
              "non_striker": "SR Tendulkar",
              "runs": {
                "batsman": 4,
                "extras": 0,
                "total": 4
              }
            }
          },
          {
            "1.5": {
              "batsman": "ST Jayasuriya",
              "bowler": "IK Pathan",
              "non_striker": "SR Tendulkar",
              "runs": {
                "batsman": 6,
                "extras": 0,
                "total": 6
              }
            }
          },
          {
            "1.6": {
              "batsman": "ST Jayasuriya",
              "bowler": "IK Pathan",
              "extras": {
                "legbyes": 1
              },
              "non_striker": "SR Tendulkar",
              "runs": {
                "batsman": 0,
                "extras": 1,
                "total": 1
              }
            }
          },
          {
            "1.7": {
              "batsman": "SR Tendulkar",
              "bowler": "IK Pathan",
              "non_striker": "ST Jayasuriya",
              "runs": {
                "batsman": 4,
                "extras": 0,
                "total": 4
              }
            }
          },
          {
            "2.1": {
              "batsman": "ST Jayasuriya",
              "bowler": "S Sreesanth",
              "extras": {
                "legbyes": 1
              },
              "non_striker": "SR Tendulkar",
              "runs": {
                "batsman": 0,
                "extras": 1,
                "total": 1
              }
            }
          },
          {
            "2.2": {
              "batsman": "SR Tendulkar",
              "bowler": "S Sreesanth",
              "non_striker": "ST Jayasuriya",
              "runs": {
                "batsman": 1,
                "extras": 0,
                "total": 1
              }
            }
          },
          {
            "2.3": {
              "batsman": "ST Jayasuriya",
              "bowler": "S Sreesanth",
              "non_striker": "SR Tendulkar",
              "runs": {
                "batsman": 0,
                "extras": 0,
                "total": 0
              }
            }
          },
          {
            "2.4": {
              "batsman": "ST Jayasuriya",
              "bowler": "S Sreesanth",
              "non_striker": "SR Tendulkar",
              "runs": {
                "batsman": 0,
                "extras": 0,
                "total": 0
              },
              "wicket": {
                "kind": "lbw",
                "player_out": "ST Jayasuriya"
              }
            }
          },
          {
            "2.5": {
              "batsman": "DR Smith",
              "bowler": "S Sreesanth",
              "non_striker": "SR Tendulkar",
              "runs": {
                "batsman": 0,
                "extras": 0,
                "total": 0
              }
            }
          },
          {
            "2.6": {
              "batsman": "DR Smith",
              "bowler": "S Sreesanth",
              "non_striker": "SR Tendulkar",
              "runs": {
                "batsman": 0,
                "extras": 0,
                "total": 0
              }
            }
          },
          {
            "3.1": {
              "batsman": "SR Tendulkar",
              "bowler": "IK Pathan",
              "non_striker": "DR Smith",
              "runs": {
                "batsman": 1,
                "extras": 0,
                "total": 1
              }
            }
          },
          {
            "3.2": {
              "batsman": "DR Smith",
              "bowler": "IK Pathan",
              "non_striker": "SR Tendulkar",
              "runs": {
                "batsman": 2,
                "extras": 0,
                "total": 2
              }
            }
          },
          {
            "3.3": {
              "batsman": "DR Smith",
              "bowler": "IK Pathan",
              "non_striker": "SR Tendulkar",
              "runs": {
                "batsman": 0,
                "extras": 0,
                "total": 0
              }
            }
          },
          {
            "3.4": {
              "batsman": "DR Smith",
              "bowler": "IK Pathan",
              "non_striker": "SR Tendulkar",
              "runs": {
                "batsman": 0,
                "extras": 0,
                "total": 0
              }
            }
          },
          {
            "3.5": {
              "batsman": "DR Smith",
              "bowler": "IK Pathan",
              "extras": {
                "legbyes": 1
              },
              "non_striker": "SR Tendulkar",
              "runs": {
                "batsman": 0,
                "extras": 1,
                "total": 1
              }
            }
          },
          {
            "3.6": {
              "batsman": "SR Tendulkar",
              "bowler": "IK Pathan",
              "non_striker": "DR Smith",
              "runs": {
                "batsman": 0,
                "extras": 0,
                "total": 0
              }
            }
          },
          {
            "4.1": {
              "batsman": "DR Smith",
              "bowler": "S Sreesanth",
              "non_striker": "SR Tendulkar",
              "runs": {
                "batsman": 0,
                "extras": 0,
                "total": 0
              }
            }
          },
          {
            "4.2": {
              "batsman": "DR Smith",
              "bowler": "S Sreesanth",
              "non_striker": "SR Tendulkar",
              "runs": {
                "batsman": 4,
                "extras": 0,
                "total": 4
              }
            }
          },
          {
            "4.3": {
              "batsman": "DR Smith",
              "bowler": "S Sreesanth",
              "non_striker": "SR Tendulkar",
              "runs": {
                "batsman": 6,
                "extras": 0,
                "total": 6
              }
            }
          },
          {
            "4.4": {
              "batsman": "DR Smith",
              "bowler": "S Sreesanth",
              "non_striker": "SR Tendulkar",
              "runs": {
                "batsman": 4,
                "extras": 0,
                "total": 4
              }
            }
          },
          {
            "4.5": {
              "batsman": "DR Smith",
              "bowler": "S Sreesanth",
              "non_striker": "SR Tendulkar",
              "runs": {
                "batsman": 2,
                "extras": 0,
                "total": 2
              }
            }
          },
          {
            "4.6": {
              "batsman": "DR Smith",
              "bowler": "S Sreesanth",
              "non_striker": "SR Tendulkar",
              "runs": {
                "batsman": 0,
                "extras": 0,
                "total": 0
              }
            }
          },
          {
            "5.1": {
              "batsman": "SR Tendulkar",
              "bowler": "VRV Singh",
              "non_striker": "DR Smith",
              "runs": {
                "batsman": 4,
                "extras": 0,
                "total": 4
              }
            }
          },
          {
            "5.2": {
              "batsman": "SR Tendulkar",
              "bowler": "VRV Singh",
              "non_striker": "DR Smith",
              "runs": {
                "batsman": 0,
                "extras": 0,
                "total": 0
              }
            }
          },
          {
            "5.3": {
              "batsman": "SR Tendulkar",
              "bowler": "VRV Singh",
              "non_striker": "DR Smith",
              "runs": {
                "batsman": 0,
                "extras": 0,
                "total": 0
              }
            }
          },
          {
            "5.4": {
              "batsman": "SR Tendulkar",
              "bowler": "VRV Singh",
              "non_striker": "DR Smith",
              "runs": {
                "batsman": 4,
                "extras": 0,
                "total": 4
              }
            }
          },
          {
            "5.5": {
              "batsman": "SR Tendulkar",
              "bowler": "VRV Singh",
              "non_striker": "DR Smith",
              "runs": {
                "batsman": 0,
                "extras": 0,
                "total": 0
              }
            }
          },
          {
            "5.6": {
              "batsman": "SR Tendulkar",
              "bowler": "VRV Singh",
              "non_striker": "DR Smith",
              "runs": {
                "batsman": 4,
                "extras": 0,
                "total": 4
              }
            }
          },
          {
            "6.1": {
              "batsman": "DR Smith",
              "bowler": "PP Chawla",
              "non_striker": "SR Tendulkar",
              "runs": {
                "batsman": 1,
                "extras": 0,
                "total": 1
              }
            }
          },
          {
            "6.2": {
              "batsman": "SR Tendulkar",
              "bowler": "PP Chawla",
              "non_striker": "DR Smith",
              "runs": {
                "batsman": 0,
                "extras": 0,
                "total": 0
              }
            }
          },
          {
            "6.3": {
              "batsman": "SR Tendulkar",
              "bowler": "PP Chawla",
              "non_striker": "DR Smith",
              "runs": {
                "batsman": 4,
                "extras": 0,
                "total": 4
              }
            }
          },
          {
            "6.4": {
              "batsman": "SR Tendulkar",
              "bowler": "PP Chawla",
              "non_striker": "DR Smith",
              "runs": {
                "batsman": 0,
                "extras": 0,
                "total": 0
              }
            }
          },
          {
            "6.5": {
              "batsman": "SR Tendulkar",
              "bowler": "PP Chawla",
              "non_striker": "DR Smith",
              "runs": {
                "batsman": 1,
                "extras": 0,
                "total": 1
              }
            }
          },
          {
            "6.6": {
              "batsman": "DR Smith",
              "bowler": "PP Chawla",
              "non_striker": "SR Tendulkar",
              "runs": {
                "batsman": 0,
                "extras": 0,
                "total": 0
              }
            }
          },
          {
            "7.1": {
              "batsman": "SR Tendulkar",
              "bowler": "JR Hopes",
              "non_striker": "DR Smith",
              "runs": {
                "batsman": 4,
                "extras": 0,
                "total": 4
              }
            }
          },
          {
            "7.2": {
              "batsman": "SR Tendulkar",
              "bowler": "JR Hopes",
              "non_striker": "DR Smith",
              "runs": {
                "batsman": 0,
                "extras": 0,
                "total": 0
              }
            }
          },
          {
            "7.3": {
              "batsman": "SR Tendulkar",
              "bowler": "JR Hopes",
              "extras": {
                "legbyes": 1
              },
              "non_striker": "DR Smith",
              "runs": {
                "batsman": 0,
                "extras": 1,
                "total": 1
              }
            }
          },
          {
            "7.4": {
              "batsman": "DR Smith",
              "bowler": "JR Hopes",
              "non_striker": "SR Tendulkar",
              "runs": {
                "batsman": 1,
                "extras": 0,
                "total": 1
              }
            }
          },
          {
            "7.5": {
              "batsman": "SR Tendulkar",
              "bowler": "JR Hopes",
              "non_striker": "DR Smith",
              "runs": {
                "batsman": 1,
                "extras": 0,
                "total": 1
              }
            }
          },
          {
            "7.6": {
              "batsman": "DR Smith",
              "bowler": "JR Hopes",
              "non_striker": "SR Tendulkar",
              "runs": {
                "batsman": 0,
                "extras": 0,
                "total": 0
              }
            }
          },
          {
            "8.1": {
              "batsman": "SR Tendulkar",
              "bowler": "PP Chawla",
              "non_striker": "DR Smith",
              "runs": {
                "batsman": 0,
                "extras": 0,
                "total": 0
              }
            }
          },
          {
            "8.2": {
              "batsman": "SR Tendulkar",
              "bowler": "PP Chawla",
              "non_striker": "DR Smith",
              "runs": {
                "batsman": 0,
                "extras": 0,
                "total": 0
              }
            }
          },
          {
            "8.3": {
              "batsman": "SR Tendulkar",
              "bowler": "PP Chawla",
              "non_striker": "DR Smith",
              "runs": {
                "batsman": 0,
                "extras": 0,
                "total": 0
              },
              "wicket": {
                "fielders": [
                  "Yuvraj Singh",
                  "PP Chawla"
                ],
                "kind": "run out",
                "player_out": "DR Smith"
              }
            }
          },
          {
            "8.4": {
              "batsman": "SR Tendulkar",
              "bowler": "PP Chawla",
              "non_striker": "AM Nayar",
              "runs": {
                "batsman": 1,
                "extras": 0,
                "total": 1
              }
            }
          },
          {
            "8.5": {
              "batsman": "AM Nayar",
              "bowler": "PP Chawla",
              "non_striker": "SR Tendulkar",
              "runs": {
                "batsman": 0,
                "extras": 0,
                "total": 0
              }
            }
          },
          {
            "8.6": {
              "batsman": "AM Nayar",
              "bowler": "PP Chawla",
              "non_striker": "SR Tendulkar",
              "runs": {
                "batsman": 1,
                "extras": 0,
                "total": 1
              }
            }
          },
          {
            "9.1": {
              "batsman": "AM Nayar",
              "bowler": "JR Hopes",
              "non_striker": "SR Tendulkar",
              "runs": {
                "batsman": 0,
                "extras": 0,
                "total": 0
              }
            }
          },
          {
            "9.2": {
              "batsman": "AM Nayar",
              "bowler": "JR Hopes",
              "non_striker": "SR Tendulkar",
              "runs": {
                "batsman": 0,
                "extras": 0,
                "total": 0
              }
            }
          },
          {
            "9.3": {
              "batsman": "AM Nayar",
              "bowler": "JR Hopes",
              "non_striker": "SR Tendulkar",
              "runs": {
                "batsman": 1,
                "extras": 0,
                "total": 1
              }
            }
          },
          {
            "9.4": {
              "batsman": "SR Tendulkar",
              "bowler": "JR Hopes",
              "non_striker": "AM Nayar",
              "runs": {
                "batsman": 1,
                "extras": 0,
                "total": 1
              }
            }
          },
          {
            "9.5": {
              "batsman": "AM Nayar",
              "bowler": "JR Hopes",
              "non_striker": "SR Tendulkar",
              "runs": {
                "batsman": 4,
                "extras": 0,
                "total": 4
              }
            }
          },
          {
            "9.6": {
              "batsman": "AM Nayar",
              "bowler": "JR Hopes",
              "non_striker": "SR Tendulkar",
              "runs": {
                "batsman": 1,
                "extras": 0,
                "total": 1
              }
            }
          },
          {
            "10.1": {
              "batsman": "AM Nayar",
              "bowler": "VRV Singh",
              "non_striker": "SR Tendulkar",
              "runs": {
                "batsman": 1,
                "extras": 0,
                "total": 1
              }
            }
          },
          {
            "10.2": {
              "batsman": "SR Tendulkar",
              "bowler": "VRV Singh",
              "non_striker": "AM Nayar",
              "runs": {
                "batsman": 1,
                "extras": 0,
                "total": 1
              }
            }
          },
          {
            "10.3": {
              "batsman": "AM Nayar",
              "bowler": "VRV Singh",
              "non_striker": "SR Tendulkar",
              "runs": {
                "batsman": 1,
                "extras": 0,
                "total": 1
              }
            }
          },
          {
            "10.4": {
              "batsman": "SR Tendulkar",
              "bowler": "VRV Singh",
              "non_striker": "AM Nayar",
              "runs": {
                "batsman": 4,
                "extras": 0,
                "total": 4
              }
            }
          },
          {
            "10.5": {
              "batsman": "SR Tendulkar",
              "bowler": "VRV Singh",
              "non_striker": "AM Nayar",
              "runs": {
                "batsman": 1,
                "extras": 0,
                "total": 1
              }
            }
          },
          {
            "10.6": {
              "batsman": "AM Nayar",
              "bowler": "VRV Singh",
              "non_striker": "SR Tendulkar",
              "runs": {
                "batsman": 1,
                "extras": 0,
                "total": 1
              }
            }
          },
          {
            "11.1": {
              "batsman": "AM Nayar",
              "bowler": "IK Pathan",
              "non_striker": "SR Tendulkar",
              "runs": {
                "batsman": 2,
                "extras": 0,
                "total": 2
              }
            }
          },
          {
            "11.2": {
              "batsman": "AM Nayar",
              "bowler": "IK Pathan",
              "extras": {
                "legbyes": 1
              },
              "non_striker": "SR Tendulkar",
              "runs": {
                "batsman": 0,
                "extras": 1,
                "total": 1
              }
            }
          },
          {
            "11.3": {
              "batsman": "SR Tendulkar",
              "bowler": "IK Pathan",
              "non_striker": "AM Nayar",
              "runs": {
                "batsman": 0,
                "extras": 0,
                "total": 0
              }
            }
          },
          {
            "11.4": {
              "batsman": "SR Tendulkar",
              "bowler": "IK Pathan",
              "non_striker": "AM Nayar",
              "runs": {
                "batsman": 1,
                "extras": 0,
                "total": 1
              }
            }
          },
          {
            "11.5": {
              "batsman": "AM Nayar",
              "bowler": "IK Pathan",
              "non_striker": "SR Tendulkar",
              "runs": {
                "batsman": 1,
                "extras": 0,
                "total": 1
              }
            }
          },
          {
            "11.6": {
              "batsman": "SR Tendulkar",
              "bowler": "IK Pathan",
              "non_striker": "AM Nayar",
              "runs": {
                "batsman": 4,
                "extras": 0,
                "total": 4
              }
            }
          },
          {
            "12.1": {
              "batsman": "AM Nayar",
              "bowler": "VRV Singh",
              "non_striker": "SR Tendulkar",
              "runs": {
                "batsman": 1,
                "extras": 0,
                "total": 1
              }
            }
          },
          {
            "12.2": {
              "batsman": "SR Tendulkar",
              "bowler": "VRV Singh",
              "non_striker": "AM Nayar",
              "runs": {
                "batsman": 1,
                "extras": 0,
                "total": 1
              }
            }
          },
          {
            "12.3": {
              "batsman": "AM Nayar",
              "bowler": "VRV Singh",
              "non_striker": "SR Tendulkar",
              "runs": {
                "batsman": 6,
                "extras": 0,
                "total": 6
              }
            }
          },
          {
            "12.4": {
              "batsman": "AM Nayar",
              "bowler": "VRV Singh",
              "non_striker": "SR Tendulkar",
              "runs": {
                "batsman": 6,
                "extras": 0,
                "total": 6
              }
            }
          },
          {
            "12.5": {
              "batsman": "AM Nayar",
              "bowler": "VRV Singh",
              "non_striker": "SR Tendulkar",
              "runs": {
                "batsman": 1,
                "extras": 0,
                "total": 1
              }
            }
          },
          {
            "12.6": {
              "batsman": "SR Tendulkar",
              "bowler": "VRV Singh",
              "non_striker": "AM Nayar",
              "runs": {
                "batsman": 4,
                "extras": 0,
                "total": 4
              }
            }
          },
          {
            "13.1": {
              "batsman": "AM Nayar",
              "bowler": "PP Chawla",
              "non_striker": "SR Tendulkar",
              "runs": {
                "batsman": 0,
                "extras": 0,
                "total": 0
              },
              "wicket": {
                "fielders": [
                  "TM Srivastava"
                ],
                "kind": "caught",
                "player_out": "AM Nayar"
              }
            }
          },
          {
            "13.2": {
              "batsman": "SR Tendulkar",
              "bowler": "PP Chawla",
              "non_striker": "RV Uthappa",
              "runs": {
                "batsman": 0,
                "extras": 0,
                "total": 0
              }
            }
          },
          {
            "13.3": {
              "batsman": "SR Tendulkar",
              "bowler": "PP Chawla",
              "non_striker": "RV Uthappa",
              "runs": {
                "batsman": 1,
                "extras": 0,
                "total": 1
              }
            }
          },
          {
            "13.4": {
              "batsman": "RV Uthappa",
              "bowler": "PP Chawla",
              "non_striker": "SR Tendulkar",
              "runs": {
                "batsman": 2,
                "extras": 0,
                "total": 2
              }
            }
          },
          {
            "13.5": {
              "batsman": "RV Uthappa",
              "bowler": "PP Chawla",
              "extras": {
                "legbyes": 4
              },
              "non_striker": "SR Tendulkar",
              "runs": {
                "batsman": 0,
                "extras": 4,
                "total": 4
              }
            }
          },
          {
            "13.6": {
              "batsman": "RV Uthappa",
              "bowler": "PP Chawla",
              "non_striker": "SR Tendulkar",
              "runs": {
                "batsman": 0,
                "extras": 0,
                "total": 0
              }
            }
          },
          {
            "14.1": {
              "batsman": "SR Tendulkar",
              "bowler": "Yuvraj Singh",
              "non_striker": "RV Uthappa",
              "runs": {
                "batsman": 1,
                "extras": 0,
                "total": 1
              }
            }
          },
          {
            "14.2": {
              "batsman": "RV Uthappa",
              "bowler": "Yuvraj Singh",
              "non_striker": "SR Tendulkar",
              "runs": {
                "batsman": 1,
                "extras": 0,
                "total": 1
              }
            }
          },
          {
            "14.3": {
              "batsman": "SR Tendulkar",
              "bowler": "Yuvraj Singh",
              "extras": {
                "legbyes": 1
              },
              "non_striker": "RV Uthappa",
              "runs": {
                "batsman": 0,
                "extras": 1,
                "total": 1
              }
            }
          },
          {
            "14.4": {
              "batsman": "RV Uthappa",
              "bowler": "Yuvraj Singh",
              "non_striker": "SR Tendulkar",
              "runs": {
                "batsman": 2,
                "extras": 0,
                "total": 2
              }
            }
          },
          {
            "14.5": {
              "batsman": "RV Uthappa",
              "bowler": "Yuvraj Singh",
              "non_striker": "SR Tendulkar",
              "runs": {
                "batsman": 1,
                "extras": 0,
                "total": 1
              }
            }
          },
          {
            "14.6": {
              "batsman": "SR Tendulkar",
              "bowler": "Yuvraj Singh",
              "non_striker": "RV Uthappa",
              "runs": {
                "batsman": 4,
                "extras": 0,
                "total": 4
              }
            }
          },
          {
            "15.1": {
              "batsman": "RV Uthappa",
              "bowler": "PP Chawla",
              "non_striker": "SR Tendulkar",
              "runs": {
                "batsman": 1,
                "extras": 0,
                "total": 1
              }
            }
          },
          {
            "15.2": {
              "batsman": "SR Tendulkar",
              "bowler": "PP Chawla",
              "non_striker": "RV Uthappa",
              "runs": {
                "batsman": 4,
                "extras": 0,
                "total": 4
              }
            }
          },
          {
            "15.3": {
              "batsman": "SR Tendulkar",
              "bowler": "PP Chawla",
              "non_striker": "RV Uthappa",
              "runs": {
                "batsman": 0,
                "extras": 0,
                "total": 0
              }
            }
          },
          {
            "15.4": {
              "batsman": "SR Tendulkar",
              "bowler": "PP Chawla",
              "non_striker": "RV Uthappa",
              "runs": {
                "batsman": 2,
                "extras": 0,
                "total": 2
              }
            }
          },
          {
            "15.5": {
              "batsman": "SR Tendulkar",
              "bowler": "PP Chawla",
              "non_striker": "RV Uthappa",
              "runs": {
                "batsman": 4,
                "extras": 0,
                "total": 4
              }
            }
          },
          {
            "15.6": {
              "batsman": "SR Tendulkar",
              "bowler": "PP Chawla",
              "extras": {
                "legbyes": 1
              },
              "non_striker": "RV Uthappa",
              "runs": {
                "batsman": 0,
                "extras": 1,
                "total": 1
              }
            }
          },
          {
            "16.1": {
              "batsman": "SR Tendulkar",
              "bowler": "IK Pathan",
              "non_striker": "RV Uthappa",
              "runs": {
                "batsman": 0,
                "extras": 0,
                "total": 0
              }
            }
          },
          {
            "16.2": {
              "batsman": "SR Tendulkar",
              "bowler": "IK Pathan",
              "non_striker": "RV Uthappa",
              "runs": {
                "batsman": 2,
                "extras": 0,
                "total": 2
              }
            }
          },
          {
            "16.3": {
              "batsman": "SR Tendulkar",
              "bowler": "IK Pathan",
              "non_striker": "RV Uthappa",
              "runs": {
                "batsman": 1,
                "extras": 0,
                "total": 1
              }
            }
          },
          {
            "16.4": {
              "batsman": "RV Uthappa",
              "bowler": "IK Pathan",
              "non_striker": "SR Tendulkar",
              "runs": {
                "batsman": 0,
                "extras": 0,
                "total": 0
              }
            }
          },
          {
            "16.5": {
              "batsman": "RV Uthappa",
              "bowler": "IK Pathan",
              "non_striker": "SR Tendulkar",
              "runs": {
                "batsman": 0,
                "extras": 0,
                "total": 0
              }
            }
          },
          {
            "16.6": {
              "batsman": "RV Uthappa",
              "bowler": "IK Pathan",
              "non_striker": "SR Tendulkar",
              "runs": {
                "batsman": 0,
                "extras": 0,
                "total": 0
              },
              "wicket": {
                "fielders": [
                  "IK Pathan"
                ],
                "kind": "run out",
                "player_out": "SR Tendulkar"
              }
            }
          },
          {
            "17.1": {
              "batsman": "SM Pollock",
              "bowler": "Yuvraj Singh",
              "non_striker": "RV Uthappa",
              "runs": {
                "batsman": 0,
                "extras": 0,
                "total": 0
              },
              "wicket": {
                "fielders": [
                  "PP Chawla"
                ],
                "kind": "caught",
                "player_out": "SM Pollock"
              }
            }
          },
          {
            "17.2": {
              "batsman": "RV Uthappa",
              "bowler": "Yuvraj Singh",
              "non_striker": "PR Shah",
              "runs": {
                "batsman": 2,
                "extras": 0,
                "total": 2
              }
            }
          },
          {
            "17.3": {
              "batsman": "RV Uthappa",
              "bowler": "Yuvraj Singh",
              "extras": {
                "legbyes": 1
              },
              "non_striker": "PR Shah",
              "runs": {
                "batsman": 0,
                "extras": 1,
                "total": 1
              }
            }
          },
          {
            "17.4": {
              "batsman": "PR Shah",
              "bowler": "Yuvraj Singh",
              "non_striker": "RV Uthappa",
              "runs": {
                "batsman": 0,
                "extras": 0,
                "total": 0
              }
            }
          },
          {
            "17.5": {
              "batsman": "PR Shah",
              "bowler": "Yuvraj Singh",
              "non_striker": "RV Uthappa",
              "runs": {
                "batsman": 1,
                "extras": 0,
                "total": 1
              }
            }
          },
          {
            "17.6": {
              "batsman": "RV Uthappa",
              "bowler": "Yuvraj Singh",
              "non_striker": "PR Shah",
              "runs": {
                "batsman": 0,
                "extras": 0,
                "total": 0
              },
              "wicket": {
                "fielders": [
                  "JR Hopes"
                ],
                "kind": "caught",
                "player_out": "RV Uthappa"
              }
            }
          },
          {
            "18.1": {
              "batsman": "SD Chitnis",
              "bowler": "S Sreesanth",
              "non_striker": "PR Shah",
              "runs": {
                "batsman": 2,
                "extras": 0,
                "total": 2
              }
            }
          },
          {
            "18.2": {
              "batsman": "SD Chitnis",
              "bowler": "S Sreesanth",
              "non_striker": "PR Shah",
              "runs": {
                "batsman": 1,
                "extras": 0,
                "total": 1
              }
            }
          },
          {
            "18.3": {
              "batsman": "PR Shah",
              "bowler": "S Sreesanth",
              "non_striker": "SD Chitnis",
              "runs": {
                "batsman": 2,
                "extras": 0,
                "total": 2
              }
            }
          },
          {
            "18.4": {
              "batsman": "PR Shah",
              "bowler": "S Sreesanth",
              "non_striker": "SD Chitnis",
              "runs": {
                "batsman": 2,
                "extras": 0,
                "total": 2
              }
            }
          },
          {
            "18.5": {
              "batsman": "PR Shah",
              "bowler": "S Sreesanth",
              "non_striker": "SD Chitnis",
              "runs": {
                "batsman": 0,
                "extras": 0,
                "total": 0
              },
              "wicket": {
                "fielders": [
                  "VRV Singh"
                ],
                "kind": "caught",
                "player_out": "PR Shah"
              }
            }
          },
          {
            "18.6": {
              "batsman": "SD Chitnis",
              "bowler": "S Sreesanth",
              "non_striker": "CRD Fernando",
              "runs": {
                "batsman": 1,
                "extras": 0,
                "total": 1
              }
            }
          },
          {
            "19.1": {
              "batsman": "SD Chitnis",
              "bowler": "VRV Singh",
              "extras": {
                "noballs": 1
              },
              "non_striker": "CRD Fernando",
              "runs": {
                "batsman": 6,
                "extras": 1,
                "total": 7
              }
            }
          },
          {
            "19.2": {
              "batsman": "SD Chitnis",
              "bowler": "VRV Singh",
              "non_striker": "CRD Fernando",
              "runs": {
                "batsman": 4,
                "extras": 0,
                "total": 4
              }
            }
          },
          {
            "19.3": {
              "batsman": "SD Chitnis",
              "bowler": "VRV Singh",
              "non_striker": "CRD Fernando",
              "runs": {
                "batsman": 1,
                "extras": 0,
                "total": 1
              },
              "wicket": {
                "fielders": [
                  "TM Srivastava"
                ],
                "kind": "run out",
                "player_out": "SD Chitnis"
              }
            }
          },
          {
            "19.4": {
              "batsman": "A Nehra",
              "bowler": "VRV Singh",
              "extras": {
                "byes": 1
              },
              "non_striker": "CRD Fernando",
              "runs": {
                "batsman": 0,
                "extras": 1,
                "total": 1
              }
            }
          },
          {
            "19.5": {
              "batsman": "CRD Fernando",
              "bowler": "VRV Singh",
              "non_striker": "A Nehra",
              "runs": {
                "batsman": 2,
                "extras": 0,
                "total": 2
              },
              "wicket": {
                "fielders": [
                  "TM Srivastava",
                  "DPMD Jayawardene",
                  "U Kaul"
                ],
                "kind": "run out",
                "player_out": "A Nehra"
              }
            }
          },
          {
            "19.6": {
              "batsman": "VS Yeligati",
              "bowler": "VRV Singh",
              "non_striker": "CRD Fernando",
              "runs": {
                "batsman": 2,
                "extras": 0,
                "total": 2
              }
            }
          },
          {
            "19.7": {
              "batsman": "VS Yeligati",
              "bowler": "VRV Singh",
              "non_striker": "CRD Fernando",
              "runs": {
                "batsman": 0,
                "extras": 0,
                "total": 0
              },
              "wicket": {
                "fielders": [
                  "Yuvraj Singh"
                ],
                "kind": "run out",
                "player_out": "VS Yeligati"
              }
            }
          }
        ]
      }
    }
  ]
}