{
  "meta": {
    "data_version": 0.9,
    "created": "2011-05-02T00:00:00.000Z",
    "revision": 2
  },
  "info": {
    "city": "Durban",
    "competition": "IPL",
    "dates": [
      "2009-04-27T00:00:00.000Z"
    ],
    "gender": "male",
    "match_type": "T20",
    "neutral_venue": 1,
    "outcome": {
      "by": {
        "wickets": 6
      },
      "winner": "Deccan Chargers"
    },
    "overs": 20,
    "player_of_match": [
      "HH Gibbs"
    ],
    "teams": [
      "Chennai Super Kings",
      "Deccan Chargers"
    ],
    "toss": {
      "decision": "field",
      "winner": "Deccan Chargers"
    },
    "umpires": [
      "IL Howell",
      "TH Wijewardene"
    ],
    "venue": "Kingsmead"
  },
  "innings": [
    {
      "1st innings": {
        "team": "Chennai Super Kings",
        "deliveries": [
          {
            "0.1": {
              "batsman": "PA Patel",
              "bowler": "FH Edwards",
              "non_striker": "ML Hayden",
              "runs": {
                "batsman": 0,
                "extras": 0,
                "total": 0
              }
            }
          },
          {
            "0.2": {
              "batsman": "PA Patel",
              "bowler": "FH Edwards",
              "non_striker": "ML Hayden",
              "runs": {
                "batsman": 0,
                "extras": 0,
                "total": 0
              },
              "wicket": {
                "fielders": [
                  "AC Gilchrist"
                ],
                "kind": "caught",
                "player_out": "PA Patel"
              }
            }
          },
          {
            "0.3": {
              "batsman": "SK Raina",
              "bowler": "FH Edwards",
              "non_striker": "ML Hayden",
              "runs": {
                "batsman": 2,
                "extras": 0,
                "total": 2
              }
            }
          },
          {
            "0.4": {
              "batsman": "SK Raina",
              "bowler": "FH Edwards",
              "non_striker": "ML Hayden",
              "runs": {
                "batsman": 0,
                "extras": 0,
                "total": 0
              }
            }
          },
          {
            "0.5": {
              "batsman": "SK Raina",
              "bowler": "FH Edwards",
              "non_striker": "ML Hayden",
              "runs": {
                "batsman": 0,
                "extras": 0,
                "total": 0
              }
            }
          },
          {
            "0.6": {
              "batsman": "SK Raina",
              "bowler": "FH Edwards",
              "non_striker": "ML Hayden",
              "runs": {
                "batsman": 0,
                "extras": 0,
                "total": 0
              }
            }
          },
          {
            "1.1": {
              "batsman": "ML Hayden",
              "bowler": "RP Singh",
              "non_striker": "SK Raina",
              "runs": {
                "batsman": 0,
                "extras": 0,
                "total": 0
              }
            }
          },
          {
            "1.2": {
              "batsman": "ML Hayden",
              "bowler": "RP Singh",
              "non_striker": "SK Raina",
              "runs": {
                "batsman": 4,
                "extras": 0,
                "total": 4
              }
            }
          },
          {
            "1.3": {
              "batsman": "ML Hayden",
              "bowler": "RP Singh",
              "non_striker": "SK Raina",
              "runs": {
                "batsman": 4,
                "extras": 0,
                "total": 4
              }
            }
          },
          {
            "1.4": {
              "batsman": "ML Hayden",
              "bowler": "RP Singh",
              "non_striker": "SK Raina",
              "runs": {
                "batsman": 1,
                "extras": 0,
                "total": 1
              }
            }
          },
          {
            "1.5": {
              "batsman": "SK Raina",
              "bowler": "RP Singh",
              "non_striker": "ML Hayden",
              "runs": {
                "batsman": 0,
                "extras": 0,
                "total": 0
              }
            }
          },
          {
            "1.6": {
              "batsman": "SK Raina",
              "bowler": "RP Singh",
              "extras": {
                "wides": 1
              },
              "non_striker": "ML Hayden",
              "runs": {
                "batsman": 0,
                "extras": 1,
                "total": 1
              }
            }
          },
          {
            "1.7": {
              "batsman": "SK Raina",
              "bowler": "RP Singh",
              "non_striker": "ML Hayden",
              "runs": {
                "batsman": 6,
                "extras": 0,
                "total": 6
              }
            }
          },
          {
            "2.1": {
              "batsman": "ML Hayden",
              "bowler": "FH Edwards",
              "non_striker": "SK Raina",
              "runs": {
                "batsman": 0,
                "extras": 0,
                "total": 0
              }
            }
          },
          {
            "2.2": {
              "batsman": "ML Hayden",
              "bowler": "FH Edwards",
              "non_striker": "SK Raina",
              "runs": {
                "batsman": 4,
                "extras": 0,
                "total": 4
              }
            }
          },
          {
            "2.3": {
              "batsman": "ML Hayden",
              "bowler": "FH Edwards",
              "non_striker": "SK Raina",
              "runs": {
                "batsman": 0,
                "extras": 0,
                "total": 0
              }
            }
          },
          {
            "2.4": {
              "batsman": "ML Hayden",
              "bowler": "FH Edwards",
              "non_striker": "SK Raina",
              "runs": {
                "batsman": 4,
                "extras": 0,
                "total": 4
              }
            }
          },
          {
            "2.5": {
              "batsman": "ML Hayden",
              "bowler": "FH Edwards",
              "non_striker": "SK Raina",
              "runs": {
                "batsman": 2,
                "extras": 0,
                "total": 2
              }
            }
          },
          {
            "2.6": {
              "batsman": "ML Hayden",
              "bowler": "FH Edwards",
              "non_striker": "SK Raina",
              "runs": {
                "batsman": 0,
                "extras": 0,
                "total": 0
              }
            }
          },
          {
            "3.1": {
              "batsman": "SK Raina",
              "bowler": "RP Singh",
              "non_striker": "ML Hayden",
              "runs": {
                "batsman": 0,
                "extras": 0,
                "total": 0
              }
            }
          },
          {
            "3.2": {
              "batsman": "SK Raina",
              "bowler": "RP Singh",
              "non_striker": "ML Hayden",
              "runs": {
                "batsman": 1,
                "extras": 0,
                "total": 1
              }
            }
          },
          {
            "3.3": {
              "batsman": "ML Hayden",
              "bowler": "RP Singh",
              "non_striker": "SK Raina",
              "runs": {
                "batsman": 0,
                "extras": 0,
                "total": 0
              }
            }
          },
          {
            "3.4": {
              "batsman": "ML Hayden",
              "bowler": "RP Singh",
              "extras": {
                "noballs": 1
              },
              "non_striker": "SK Raina",
              "runs": {
                "batsman": 0,
                "extras": 1,
                "total": 1
              }
            }
          },
          {
            "3.5": {
              "batsman": "ML Hayden",
              "bowler": "RP Singh",
              "extras": {
                "wides": 1
              },
              "non_striker": "SK Raina",
              "runs": {
                "batsman": 0,
                "extras": 1,
                "total": 1
              }
            }
          },
          {
            "3.6": {
              "batsman": "ML Hayden",
              "bowler": "RP Singh",
              "extras": {
                "noballs": 1
              },
              "non_striker": "SK Raina",
              "runs": {
                "batsman": 1,
                "extras": 1,
                "total": 2
              }
            }
          },
          {
            "3.7": {
              "batsman": "SK Raina",
              "bowler": "RP Singh",
              "non_striker": "ML Hayden",
              "runs": {
                "batsman": 1,
                "extras": 0,
                "total": 1
              }
            }
          },
          {
            "3.8": {
              "batsman": "ML Hayden",
              "bowler": "RP Singh",
              "non_striker": "SK Raina",
              "runs": {
                "batsman": 4,
                "extras": 0,
                "total": 4
              }
            }
          },
          {
            "3.9": {
              "batsman": "ML Hayden",
              "bowler": "RP Singh",
              "non_striker": "SK Raina",
              "runs": {
                "batsman": 0,
                "extras": 0,
                "total": 0
              }
            }
          },
          {
            "4.1": {
              "batsman": "SK Raina",
              "bowler": "DR Smith",
              "non_striker": "ML Hayden",
              "runs": {
                "batsman": 6,
                "extras": 0,
                "total": 6
              }
            }
          },
          {
            "4.2": {
              "batsman": "SK Raina",
              "bowler": "DR Smith",
              "non_striker": "ML Hayden",
              "runs": {
                "batsman": 1,
                "extras": 0,
                "total": 1
              }
            }
          },
          {
            "4.3": {
              "batsman": "ML Hayden",
              "bowler": "DR Smith",
              "non_striker": "SK Raina",
              "runs": {
                "batsman": 4,
                "extras": 0,
                "total": 4
              }
            }
          },
          {
            "4.4": {
              "batsman": "ML Hayden",
              "bowler": "DR Smith",
              "non_striker": "SK Raina",
              "runs": {
                "batsman": 1,
                "extras": 0,
                "total": 1
              }
            }
          },
          {
            "4.5": {
              "batsman": "SK Raina",
              "bowler": "DR Smith",
              "non_striker": "ML Hayden",
              "runs": {
                "batsman": 1,
                "extras": 0,
                "total": 1
              }
            }
          },
          {
            "4.6": {
              "batsman": "ML Hayden",
              "bowler": "DR Smith",
              "non_striker": "SK Raina",
              "runs": {
                "batsman": 4,
                "extras": 0,
                "total": 4
              }
            }
          },
          {
            "5.1": {
              "batsman": "SK Raina",
              "bowler": "Y Venugopal Rao",
              "non_striker": "ML Hayden",
              "runs": {
                "batsman": 4,
                "extras": 0,
                "total": 4
              }
            }
          },
          {
            "5.2": {
              "batsman": "SK Raina",
              "bowler": "Y Venugopal Rao",
              "non_striker": "ML Hayden",
              "runs": {
                "batsman": 1,
                "extras": 0,
                "total": 1
              }
            }
          },
          {
            "5.3": {
              "batsman": "ML Hayden",
              "bowler": "Y Venugopal Rao",
              "non_striker": "SK Raina",
              "runs": {
                "batsman": 0,
                "extras": 0,
                "total": 0
              }
            }
          },
          {
            "5.4": {
              "batsman": "ML Hayden",
              "bowler": "Y Venugopal Rao",
              "non_striker": "SK Raina",
              "runs": {
                "batsman": 1,
                "extras": 0,
                "total": 1
              }
            }
          },
          {
            "5.5": {
              "batsman": "SK Raina",
              "bowler": "Y Venugopal Rao",
              "non_striker": "ML Hayden",
              "runs": {
                "batsman": 1,
                "extras": 0,
                "total": 1
              }
            }
          },
          {
            "5.6": {
              "batsman": "ML Hayden",
              "bowler": "Y Venugopal Rao",
              "non_striker": "SK Raina",
              "runs": {
                "batsman": 0,
                "extras": 0,
                "total": 0
              }
            }
          },
          {
            "6.1": {
              "batsman": "SK Raina",
              "bowler": "RG Sharma",
              "non_striker": "ML Hayden",
              "runs": {
                "batsman": 0,
                "extras": 0,
                "total": 0
              }
            }
          },
          {
            "6.2": {
              "batsman": "SK Raina",
              "bowler": "RG Sharma",
              "non_striker": "ML Hayden",
              "runs": {
                "batsman": 1,
                "extras": 0,
                "total": 1
              }
            }
          },
          {
            "6.3": {
              "batsman": "ML Hayden",
              "bowler": "RG Sharma",
              "non_striker": "SK Raina",
              "runs": {
                "batsman": 1,
                "extras": 0,
                "total": 1
              }
            }
          },
          {
            "6.4": {
              "batsman": "SK Raina",
              "bowler": "RG Sharma",
              "non_striker": "ML Hayden",
              "runs": {
                "batsman": 0,
                "extras": 0,
                "total": 0
              }
            }
          },
          {
            "6.5": {
              "batsman": "SK Raina",
              "bowler": "RG Sharma",
              "non_striker": "ML Hayden",
              "runs": {
                "batsman": 0,
                "extras": 0,
                "total": 0
              },
              "wicket": {
                "kind": "caught and bowled",
                "player_out": "SK Raina"
              }
            }
          },
          {
            "6.6": {
              "batsman": "MS Dhoni",
              "bowler": "RG Sharma",
              "non_striker": "ML Hayden",
              "runs": {
                "batsman": 1,
                "extras": 0,
                "total": 1
              }
            }
          },
          {
            "7.1": {
              "batsman": "MS Dhoni",
              "bowler": "Y Venugopal Rao",
              "non_striker": "ML Hayden",
              "runs": {
                "batsman": 0,
                "extras": 0,
                "total": 0
              }
            }
          },
          {
            "7.2": {
              "batsman": "MS Dhoni",
              "bowler": "Y Venugopal Rao",
              "non_striker": "ML Hayden",
              "runs": {
                "batsman": 1,
                "extras": 0,
                "total": 1
              }
            }
          },
          {
            "7.3": {
              "batsman": "ML Hayden",
              "bowler": "Y Venugopal Rao",
              "non_striker": "MS Dhoni",
              "runs": {
                "batsman": 1,
                "extras": 0,
                "total": 1
              }
            }
          },
          {
            "7.4": {
              "batsman": "MS Dhoni",
              "bowler": "Y Venugopal Rao",
              "non_striker": "ML Hayden",
              "runs": {
                "batsman": 1,
                "extras": 0,
                "total": 1
              }
            }
          },
          {
            "7.5": {
              "batsman": "ML Hayden",
              "bowler": "Y Venugopal Rao",
              "non_striker": "MS Dhoni",
              "runs": {
                "batsman": 1,
                "extras": 0,
                "total": 1
              }
            }
          },
          {
            "7.6": {
              "batsman": "MS Dhoni",
              "bowler": "Y Venugopal Rao",
              "non_striker": "ML Hayden",
              "runs": {
                "batsman": 0,
                "extras": 0,
                "total": 0
              }
            }
          },
          {
            "8.1": {
              "batsman": "ML Hayden",
              "bowler": "RG Sharma",
              "non_striker": "MS Dhoni",
              "runs": {
                "batsman": 1,
                "extras": 0,
                "total": 1
              }
            }
          },
          {
            "8.2": {
              "batsman": "MS Dhoni",
              "bowler": "RG Sharma",
              "non_striker": "ML Hayden",
              "runs": {
                "batsman": 1,
                "extras": 0,
                "total": 1
              }
            }
          },
          {
            "8.3": {
              "batsman": "ML Hayden",
              "bowler": "RG Sharma",
              "non_striker": "MS Dhoni",
              "runs": {
                "batsman": 4,
                "extras": 0,
                "total": 4
              }
            }
          },
          {
            "8.4": {
              "batsman": "ML Hayden",
              "bowler": "RG Sharma",
              "non_striker": "MS Dhoni",
              "runs": {
                "batsman": 1,
                "extras": 0,
                "total": 1
              }
            }
          },
          {
            "8.5": {
              "batsman": "MS Dhoni",
              "bowler": "RG Sharma",
              "non_striker": "ML Hayden",
              "runs": {
                "batsman": 1,
                "extras": 0,
                "total": 1
              }
            }
          },
          {
            "8.6": {
              "batsman": "ML Hayden",
              "bowler": "RG Sharma",
              "non_striker": "MS Dhoni",
              "runs": {
                "batsman": 0,
                "extras": 0,
                "total": 0
              }
            }
          },
          {
            "9.1": {
              "batsman": "MS Dhoni",
              "bowler": "Y Venugopal Rao",
              "non_striker": "ML Hayden",
              "runs": {
                "batsman": 1,
                "extras": 0,
                "total": 1
              }
            }
          },
          {
            "9.2": {
              "batsman": "ML Hayden",
              "bowler": "Y Venugopal Rao",
              "non_striker": "MS Dhoni",
              "runs": {
                "batsman": 1,
                "extras": 0,
                "total": 1
              }
            }
          },
          {
            "9.3": {
              "batsman": "MS Dhoni",
              "bowler": "Y Venugopal Rao",
              "extras": {
                "wides": 1
              },
              "non_striker": "ML Hayden",
              "runs": {
                "batsman": 0,
                "extras": 1,
                "total": 1
              }
            }
          },
          {
            "9.4": {
              "batsman": "MS Dhoni",
              "bowler": "Y Venugopal Rao",
              "non_striker": "ML Hayden",
              "runs": {
                "batsman": 6,
                "extras": 0,
                "total": 6
              }
            }
          },
          {
            "9.5": {
              "batsman": "MS Dhoni",
              "bowler": "Y Venugopal Rao",
              "non_striker": "ML Hayden",
              "runs": {
                "batsman": 0,
                "extras": 0,
                "total": 0
              }
            }
          },
          {
            "9.6": {
              "batsman": "MS Dhoni",
              "bowler": "Y Venugopal Rao",
              "non_striker": "ML Hayden",
              "runs": {
                "batsman": 1,
                "extras": 0,
                "total": 1
              }
            }
          },
          {
            "9.7": {
              "batsman": "ML Hayden",
              "bowler": "Y Venugopal Rao",
              "non_striker": "MS Dhoni",
              "runs": {
                "batsman": 1,
                "extras": 0,
                "total": 1
              }
            }
          },
          {
            "10.1": {
              "batsman": "ML Hayden",
              "bowler": "PP Ojha",
              "non_striker": "MS Dhoni",
              "runs": {
                "batsman": 1,
                "extras": 0,
                "total": 1
              }
            }
          },
          {
            "10.2": {
              "batsman": "MS Dhoni",
              "bowler": "PP Ojha",
              "non_striker": "ML Hayden",
              "runs": {
                "batsman": 1,
                "extras": 0,
                "total": 1
              }
            }
          },
          {
            "10.3": {
              "batsman": "ML Hayden",
              "bowler": "PP Ojha",
              "non_striker": "MS Dhoni",
              "runs": {
                "batsman": 1,
                "extras": 0,
                "total": 1
              }
            }
          },
          {
            "10.4": {
              "batsman": "MS Dhoni",
              "bowler": "PP Ojha",
              "non_striker": "ML Hayden",
              "runs": {
                "batsman": 0,
                "extras": 0,
                "total": 0
              }
            }
          },
          {
            "10.5": {
              "batsman": "MS Dhoni",
              "bowler": "PP Ojha",
              "non_striker": "ML Hayden",
              "runs": {
                "batsman": 4,
                "extras": 0,
                "total": 4
              }
            }
          },
          {
            "10.6": {
              "batsman": "MS Dhoni",
              "bowler": "PP Ojha",
              "non_striker": "ML Hayden",
              "runs": {
                "batsman": 1,
                "extras": 0,
                "total": 1
              }
            }
          },
          {
            "11.1": {
              "batsman": "MS Dhoni",
              "bowler": "Shoaib Ahmed",
              "extras": {
                "wides": 1
              },
              "non_striker": "ML Hayden",
              "runs": {
                "batsman": 0,
                "extras": 1,
                "total": 1
              }
            }
          },
          {
            "11.2": {
              "batsman": "MS Dhoni",
              "bowler": "Shoaib Ahmed",
              "non_striker": "ML Hayden",
              "runs": {
                "batsman": 0,
                "extras": 0,
                "total": 0
              }
            }
          },
          {
            "11.3": {
              "batsman": "MS Dhoni",
              "bowler": "Shoaib Ahmed",
              "non_striker": "ML Hayden",
              "runs": {
                "batsman": 1,
                "extras": 0,
                "total": 1
              }
            }
          },
          {
            "11.4": {
              "batsman": "ML Hayden",
              "bowler": "Shoaib Ahmed",
              "non_striker": "MS Dhoni",
              "runs": {
                "batsman": 1,
                "extras": 0,
                "total": 1
              }
            }
          },
          {
            "11.5": {
              "batsman": "MS Dhoni",
              "bowler": "Shoaib Ahmed",
              "non_striker": "ML Hayden",
              "runs": {
                "batsman": 0,
                "extras": 0,
                "total": 0
              }
            }
          },
          {
            "11.6": {
              "batsman": "MS Dhoni",
              "bowler": "Shoaib Ahmed",
              "non_striker": "ML Hayden",
              "runs": {
                "batsman": 0,
                "extras": 0,
                "total": 0
              }
            }
          },
          {
            "11.7": {
              "batsman": "MS Dhoni",
              "bowler": "Shoaib Ahmed",
              "non_striker": "ML Hayden",
              "runs": {
                "batsman": 1,
                "extras": 0,
                "total": 1
              }
            }
          },
          {
            "12.1": {
              "batsman": "MS Dhoni",
              "bowler": "PP Ojha",
              "non_striker": "ML Hayden",
              "runs": {
                "batsman": 1,
                "extras": 0,
                "total": 1
              }
            }
          },
          {
            "12.2": {
              "batsman": "ML Hayden",
              "bowler": "PP Ojha",
              "non_striker": "MS Dhoni",
              "runs": {
                "batsman": 1,
                "extras": 0,
                "total": 1
              }
            }
          },
          {
            "12.3": {
              "batsman": "MS Dhoni",
              "bowler": "PP Ojha",
              "non_striker": "ML Hayden",
              "runs": {
                "batsman": 0,
                "extras": 0,
                "total": 0
              },
              "wicket": {
                "fielders": [
                  "Shoaib Ahmed"
                ],
                "kind": "caught",
                "player_out": "MS Dhoni"
              }
            }
          },
          {
            "12.4": {
              "batsman": "JDP Oram",
              "bowler": "PP Ojha",
              "non_striker": "ML Hayden",
              "runs": {
                "batsman": 0,
                "extras": 0,
                "total": 0
              }
            }
          },
          {
            "12.5": {
              "batsman": "JDP Oram",
              "bowler": "PP Ojha",
              "non_striker": "ML Hayden",
              "runs": {
                "batsman": 1,
                "extras": 0,
                "total": 1
              }
            }
          },
          {
            "12.6": {
              "batsman": "ML Hayden",
              "bowler": "PP Ojha",
              "non_striker": "JDP Oram",
              "runs": {
                "batsman": 0,
                "extras": 0,
                "total": 0
              },
              "wicket": {
                "fielders": [
                  "RG Sharma"
                ],
                "kind": "caught",
                "player_out": "ML Hayden"
              }
            }
          },
          {
            "13.1": {
              "batsman": "JDP Oram",
              "bowler": "FH Edwards",
              "non_striker": "JA Morkel",
              "runs": {
                "batsman": 0,
                "extras": 0,
                "total": 0
              }
            }
          },
          {
            "13.2": {
              "batsman": "JDP Oram",
              "bowler": "FH Edwards",
              "non_striker": "JA Morkel",
              "runs": {
                "batsman": 0,
                "extras": 0,
                "total": 0
              }
            }
          },
          {
            "13.3": {
              "batsman": "JDP Oram",
              "bowler": "FH Edwards",
              "non_striker": "JA Morkel",
              "runs": {
                "batsman": 2,
                "extras": 0,
                "total": 2
              }
            }
          },
          {
            "13.4": {
              "batsman": "JDP Oram",
              "bowler": "FH Edwards",
              "non_striker": "JA Morkel",
              "runs": {
                "batsman": 0,
                "extras": 0,
                "total": 0
              }
            }
          },
          {
            "13.5": {
              "batsman": "JDP Oram",
              "bowler": "FH Edwards",
              "non_striker": "JA Morkel",
              "runs": {
                "batsman": 1,
                "extras": 0,
                "total": 1
              }
            }
          },
          {
            "13.6": {
              "batsman": "JA Morkel",
              "bowler": "FH Edwards",
              "non_striker": "JDP Oram",
              "runs": {
                "batsman": 0,
                "extras": 0,
                "total": 0
              }
            }
          },
          {
            "14.1": {
              "batsman": "JDP Oram",
              "bowler": "RG Sharma",
              "non_striker": "JA Morkel",
              "runs": {
                "batsman": 1,
                "extras": 0,
                "total": 1
              }
            }
          },
          {
            "14.2": {
              "batsman": "JA Morkel",
              "bowler": "RG Sharma",
              "non_striker": "JDP Oram",
              "runs": {
                "batsman": 1,
                "extras": 0,
                "total": 1
              }
            }
          },
          {
            "14.3": {
              "batsman": "JDP Oram",
              "bowler": "RG Sharma",
              "non_striker": "JA Morkel",
              "runs": {
                "batsman": 4,
                "extras": 0,
                "total": 4
              }
            }
          },
          {
            "14.4": {
              "batsman": "JDP Oram",
              "bowler": "RG Sharma",
              "non_striker": "JA Morkel",
              "runs": {
                "batsman": 0,
                "extras": 0,
                "total": 0
              }
            }
          },
          {
            "14.5": {
              "batsman": "JDP Oram",
              "bowler": "RG Sharma",
              "non_striker": "JA Morkel",
              "runs": {
                "batsman": 0,
                "extras": 0,
                "total": 0
              }
            }
          },
          {
            "14.6": {
              "batsman": "JDP Oram",
              "bowler": "RG Sharma",
              "non_striker": "JA Morkel",
              "runs": {
                "batsman": 1,
                "extras": 0,
                "total": 1
              }
            }
          },
          {
            "15.1": {
              "batsman": "JDP Oram",
              "bowler": "Shoaib Ahmed",
              "non_striker": "JA Morkel",
              "runs": {
                "batsman": 1,
                "extras": 0,
                "total": 1
              }
            }
          },
          {
            "15.2": {
              "batsman": "JA Morkel",
              "bowler": "Shoaib Ahmed",
              "non_striker": "JDP Oram",
              "runs": {
                "batsman": 1,
                "extras": 0,
                "total": 1
              }
            }
          },
          {
            "15.3": {
              "batsman": "JDP Oram",
              "bowler": "Shoaib Ahmed",
              "non_striker": "JA Morkel",
              "runs": {
                "batsman": 0,
                "extras": 0,
                "total": 0
              }
            }
          },
          {
            "15.4": {
              "batsman": "JDP Oram",
              "bowler": "Shoaib Ahmed",
              "non_striker": "JA Morkel",
              "runs": {
                "batsman": 0,
                "extras": 0,
                "total": 0
              }
            }
          },
          {
            "15.5": {
              "batsman": "JDP Oram",
              "bowler": "Shoaib Ahmed",
              "non_striker": "JA Morkel",
              "runs": {
                "batsman": 1,
                "extras": 0,
                "total": 1
              }
            }
          },
          {
            "15.6": {
              "batsman": "JA Morkel",
              "bowler": "Shoaib Ahmed",
              "non_striker": "JDP Oram",
              "runs": {
                "batsman": 4,
                "extras": 0,
                "total": 4
              }
            }
          },
          {
            "16.1": {
              "batsman": "JDP Oram",
              "bowler": "Y Venugopal Rao",
              "non_striker": "JA Morkel",
              "runs": {
                "batsman": 1,
                "extras": 0,
                "total": 1
              }
            }
          },
          {
            "16.2": {
              "batsman": "JA Morkel",
              "bowler": "Y Venugopal Rao",
              "non_striker": "JDP Oram",
              "runs": {
                "batsman": 1,
                "extras": 0,
                "total": 1
              }
            }
          },
          {
            "16.3": {
              "batsman": "JDP Oram",
              "bowler": "Y Venugopal Rao",
              "non_striker": "JA Morkel",
              "runs": {
                "batsman": 1,
                "extras": 0,
                "total": 1
              }
            }
          },
          {
            "16.4": {
              "batsman": "JA Morkel",
              "bowler": "Y Venugopal Rao",
              "non_striker": "JDP Oram",
              "runs": {
                "batsman": 6,
                "extras": 0,
                "total": 6
              }
            }
          },
          {
            "16.5": {
              "batsman": "JA Morkel",
              "bowler": "Y Venugopal Rao",
              "non_striker": "JDP Oram",
              "runs": {
                "batsman": 0,
                "extras": 0,
                "total": 0
              },
              "wicket": {
                "fielders": [
                  "RP Singh"
                ],
                "kind": "caught",
                "player_out": "JA Morkel"
              }
            }
          },
          {
            "16.6": {
              "batsman": "S Badrinath",
              "bowler": "Y Venugopal Rao",
              "non_striker": "JDP Oram",
              "runs": {
                "batsman": 4,
                "extras": 0,
                "total": 4
              }
            }
          },
          {
            "17.1": {
              "batsman": "JDP Oram",
              "bowler": "Shoaib Ahmed",
              "non_striker": "S Badrinath",
              "runs": {
                "batsman": 4,
                "extras": 0,
                "total": 4
              }
            }
          },
          {
            "17.2": {
              "batsman": "JDP Oram",
              "bowler": "Shoaib Ahmed",
              "non_striker": "S Badrinath",
              "runs": {
                "batsman": 6,
                "extras": 0,
                "total": 6
              }
            }
          },
          {
            "17.3": {
              "batsman": "JDP Oram",
              "bowler": "Shoaib Ahmed",
              "non_striker": "S Badrinath",
              "runs": {
                "batsman": 6,
                "extras": 0,
                "total": 6
              }
            }
          },
          {
            "17.4": {
              "batsman": "JDP Oram",
              "bowler": "Shoaib Ahmed",
              "non_striker": "S Badrinath",
              "runs": {
                "batsman": 1,
                "extras": 0,
                "total": 1
              }
            }
          },
          {
            "17.5": {
              "batsman": "S Badrinath",
              "bowler": "Shoaib Ahmed",
              "non_striker": "JDP Oram",
              "runs": {
                "batsman": 2,
                "extras": 0,
                "total": 2
              }
            }
          },
          {
            "17.6": {
              "batsman": "S Badrinath",
              "bowler": "Shoaib Ahmed",
              "non_striker": "JDP Oram",
              "runs": {
                "batsman": 1,
                "extras": 0,
                "total": 1
              }
            }
          },
          {
            "18.1": {
              "batsman": "S Badrinath",
              "bowler": "FH Edwards",
              "non_striker": "JDP Oram",
              "runs": {
                "batsman": 0,
                "extras": 0,
                "total": 0
              }
            }
          },
          {
            "18.2": {
              "batsman": "S Badrinath",
              "bowler": "FH Edwards",
              "non_striker": "JDP Oram",
              "runs": {
                "batsman": 0,
                "extras": 0,
                "total": 0
              }
            }
          },
          {
            "18.3": {
              "batsman": "S Badrinath",
              "bowler": "FH Edwards",
              "non_striker": "JDP Oram",
              "runs": {
                "batsman": 1,
                "extras": 0,
                "total": 1
              }
            }
          },
          {
            "18.4": {
              "batsman": "JDP Oram",
              "bowler": "FH Edwards",
              "non_striker": "S Badrinath",
              "runs": {
                "batsman": 4,
                "extras": 0,
                "total": 4
              }
            }
          },
          {
            "18.5": {
              "batsman": "JDP Oram",
              "bowler": "FH Edwards",
              "non_striker": "S Badrinath",
              "runs": {
                "batsman": 1,
                "extras": 0,
                "total": 1
              }
            }
          },
          {
            "18.6": {
              "batsman": "S Badrinath",
              "bowler": "FH Edwards",
              "non_striker": "JDP Oram",
              "runs": {
                "batsman": 0,
                "extras": 0,
                "total": 0
              }
            }
          },
          {
            "19.1": {
              "batsman": "JDP Oram",
              "bowler": "RP Singh",
              "non_striker": "S Badrinath",
              "runs": {
                "batsman": 4,
                "extras": 0,
                "total": 4
              }
            }
          },
          {
            "19.2": {
              "batsman": "JDP Oram",
              "bowler": "RP Singh",
              "non_striker": "S Badrinath",
              "runs": {
                "batsman": 0,
                "extras": 0,
                "total": 0
              }
            }
          },
          {
            "19.3": {
              "batsman": "JDP Oram",
              "bowler": "RP Singh",
              "extras": {
                "noballs": 1
              },
              "non_striker": "S Badrinath",
              "runs": {
                "batsman": 0,
                "extras": 1,
                "total": 1
              }
            }
          },
          {
            "19.4": {
              "batsman": "JDP Oram",
              "bowler": "RP Singh",
              "non_striker": "S Badrinath",
              "runs": {
                "batsman": 1,
                "extras": 0,
                "total": 1
              }
            }
          },
          {
            "19.5": {
              "batsman": "S Badrinath",
              "bowler": "RP Singh",
              "non_striker": "JDP Oram",
              "runs": {
                "batsman": 0,
                "extras": 0,
                "total": 0
              }
            }
          },
          {
            "19.6": {
              "batsman": "S Badrinath",
              "bowler": "RP Singh",
              "non_striker": "JDP Oram",
              "runs": {
                "batsman": 0,
                "extras": 0,
                "total": 0
              },
              "wicket": {
                "kind": "caught and bowled",
                "player_out": "S Badrinath"
              }
            }
          },
          {
            "19.7": {
              "batsman": "JDP Oram",
              "bowler": "RP Singh",
              "non_striker": "MS Gony",
              "runs": {
                "batsman": 0,
                "extras": 0,
                "total": 0
              }
            }
          }
        ]
      }
    },
    {
      "2nd innings": {
        "team": "Deccan Chargers",
        "deliveries": [
          {
            "0.1": {
              "batsman": "AC Gilchrist",
              "bowler": "L Balaji",
              "non_striker": "HH Gibbs",
              "runs": {
                "batsman": 0,
                "extras": 0,
                "total": 0
              }
            }
          },
          {
            "0.2": {
              "batsman": "AC Gilchrist",
              "bowler": "L Balaji",
              "non_striker": "HH Gibbs",
              "runs": {
                "batsman": 2,
                "extras": 0,
                "total": 2
              }
            }
          },
          {
            "0.3": {
              "batsman": "AC Gilchrist",
              "bowler": "L Balaji",
              "non_striker": "HH Gibbs",
              "runs": {
                "batsman": 4,
                "extras": 0,
                "total": 4
              }
            }
          },
          {
            "0.4": {
              "batsman": "AC Gilchrist",
              "bowler": "L Balaji",
              "non_striker": "HH Gibbs",
              "runs": {
                "batsman": 4,
                "extras": 0,
                "total": 4
              }
            }
          },
          {
            "0.5": {
              "batsman": "AC Gilchrist",
              "bowler": "L Balaji",
              "non_striker": "HH Gibbs",
              "runs": {
                "batsman": 1,
                "extras": 0,
                "total": 1
              }
            }
          },
          {
            "0.6": {
              "batsman": "HH Gibbs",
              "bowler": "L Balaji",
              "non_striker": "AC Gilchrist",
              "runs": {
                "batsman": 0,
                "extras": 0,
                "total": 0
              }
            }
          },
          {
            "1.1": {
              "batsman": "AC Gilchrist",
              "bowler": "MS Gony",
              "non_striker": "HH Gibbs",
              "runs": {
                "batsman": 1,
                "extras": 0,
                "total": 1
              }
            }
          },
          {
            "1.2": {
              "batsman": "HH Gibbs",
              "bowler": "MS Gony",
              "non_striker": "AC Gilchrist",
              "runs": {
                "batsman": 4,
                "extras": 0,
                "total": 4
              }
            }
          },
          {
            "1.3": {
              "batsman": "HH Gibbs",
              "bowler": "MS Gony",
              "non_striker": "AC Gilchrist",
              "runs": {
                "batsman": 0,
                "extras": 0,
                "total": 0
              }
            }
          },
          {
            "1.4": {
              "batsman": "HH Gibbs",
              "bowler": "MS Gony",
              "extras": {
                "wides": 1
              },
              "non_striker": "AC Gilchrist",
              "runs": {
                "batsman": 0,
                "extras": 1,
                "total": 1
              }
            }
          },
          {
            "1.5": {
              "batsman": "HH Gibbs",
              "bowler": "MS Gony",
              "non_striker": "AC Gilchrist",
              "runs": {
                "batsman": 6,
                "extras": 0,
                "total": 6
              }
            }
          },
          {
            "1.6": {
              "batsman": "HH Gibbs",
              "bowler": "MS Gony",
              "non_striker": "AC Gilchrist",
              "runs": {
                "batsman": 4,
                "extras": 0,
                "total": 4
              }
            }
          },
          {
            "1.7": {
              "batsman": "HH Gibbs",
              "bowler": "MS Gony",
              "non_striker": "AC Gilchrist",
              "runs": {
                "batsman": 4,
                "extras": 0,
                "total": 4
              }
            }
          },
          {
            "2.1": {
              "batsman": "AC Gilchrist",
              "bowler": "L Balaji",
              "non_striker": "HH Gibbs",
              "runs": {
                "batsman": 0,
                "extras": 0,
                "total": 0
              }
            }
          },
          {
            "2.2": {
              "batsman": "AC Gilchrist",
              "bowler": "L Balaji",
              "extras": {
                "wides": 1
              },
              "non_striker": "HH Gibbs",
              "runs": {
                "batsman": 0,
                "extras": 1,
                "total": 1
              }
            }
          },
          {
            "2.3": {
              "batsman": "AC Gilchrist",
              "bowler": "L Balaji",
              "non_striker": "HH Gibbs",
              "runs": {
                "batsman": 6,
                "extras": 0,
                "total": 6
              }
            }
          },
          {
            "2.4": {
              "batsman": "AC Gilchrist",
              "bowler": "L Balaji",
              "non_striker": "HH Gibbs",
              "runs": {
                "batsman": 4,
                "extras": 0,
                "total": 4
              }
            }
          },
          {
            "2.5": {
              "batsman": "AC Gilchrist",
              "bowler": "L Balaji",
              "non_striker": "HH Gibbs",
              "runs": {
                "batsman": 0,
                "extras": 0,
                "total": 0
              }
            }
          },
          {
            "2.6": {
              "batsman": "AC Gilchrist",
              "bowler": "L Balaji",
              "non_striker": "HH Gibbs",
              "runs": {
                "batsman": 6,
                "extras": 0,
                "total": 6
              }
            }
          },
          {
            "2.7": {
              "batsman": "AC Gilchrist",
              "bowler": "L Balaji",
              "non_striker": "HH Gibbs",
              "runs": {
                "batsman": 0,
                "extras": 0,
                "total": 0
              }
            }
          },
          {
            "3.1": {
              "batsman": "HH Gibbs",
              "bowler": "JA Morkel",
              "non_striker": "AC Gilchrist",
              "runs": {
                "batsman": 0,
                "extras": 0,
                "total": 0
              }
            }
          },
          {
            "3.2": {
              "batsman": "HH Gibbs",
              "bowler": "JA Morkel",
              "non_striker": "AC Gilchrist",
              "runs": {
                "batsman": 1,
                "extras": 0,
                "total": 1
              }
            }
          },
          {
            "3.3": {
              "batsman": "AC Gilchrist",
              "bowler": "JA Morkel",
              "non_striker": "HH Gibbs",
              "runs": {
                "batsman": 4,
                "extras": 0,
                "total": 4
              }
            }
          },
          {
            "3.4": {
              "batsman": "AC Gilchrist",
              "bowler": "JA Morkel",
              "non_striker": "HH Gibbs",
              "runs": {
                "batsman": 6,
                "extras": 0,
                "total": 6
              }
            }
          },
          {
            "3.5": {
              "batsman": "AC Gilchrist",
              "bowler": "JA Morkel",
              "non_striker": "HH Gibbs",
              "runs": {
                "batsman": 1,
                "extras": 0,
                "total": 1
              }
            }
          },
          {
            "3.6": {
              "batsman": "HH Gibbs",
              "bowler": "JA Morkel",
              "non_striker": "AC Gilchrist",
              "runs": {
                "batsman": 0,
                "extras": 0,
                "total": 0
              }
            }
          },
          {
            "4.1": {
              "batsman": "AC Gilchrist",
              "bowler": "M Muralitharan",
              "non_striker": "HH Gibbs",
              "runs": {
                "batsman": 1,
                "extras": 0,
                "total": 1
              }
            }
          },
          {
            "4.2": {
              "batsman": "HH Gibbs",
              "bowler": "M Muralitharan",
              "non_striker": "AC Gilchrist",
              "runs": {
                "batsman": 0,
                "extras": 0,
                "total": 0
              }
            }
          },
          {
            "4.3": {
              "batsman": "HH Gibbs",
              "bowler": "M Muralitharan",
              "non_striker": "AC Gilchrist",
              "runs": {
                "batsman": 0,
                "extras": 0,
                "total": 0
              }
            }
          },
          {
            "4.4": {
              "batsman": "HH Gibbs",
              "bowler": "M Muralitharan",
              "non_striker": "AC Gilchrist",
              "runs": {
                "batsman": 1,
                "extras": 0,
                "total": 1
              }
            }
          },
          {
            "4.5": {
              "batsman": "AC Gilchrist",
              "bowler": "M Muralitharan",
              "non_striker": "HH Gibbs",
              "runs": {
                "batsman": 0,
                "extras": 0,
                "total": 0
              }
            }
          },
          {
            "4.6": {
              "batsman": "AC Gilchrist",
              "bowler": "M Muralitharan",
              "non_striker": "HH Gibbs",
              "runs": {
                "batsman": 4,
                "extras": 0,
                "total": 4
              }
            }
          },
          {
            "5.1": {
              "batsman": "HH Gibbs",
              "bowler": "SK Raina",
              "non_striker": "AC Gilchrist",
              "runs": {
                "batsman": 0,
                "extras": 0,
                "total": 0
              }
            }
          },
          {
            "5.2": {
              "batsman": "HH Gibbs",
              "bowler": "SK Raina",
              "non_striker": "AC Gilchrist",
              "runs": {
                "batsman": 0,
                "extras": 0,
                "total": 0
              }
            }
          },
          {
            "5.3": {
              "batsman": "HH Gibbs",
              "bowler": "SK Raina",
              "non_striker": "AC Gilchrist",
              "runs": {
                "batsman": 1,
                "extras": 0,
                "total": 1
              }
            }
          },
          {
            "5.4": {
              "batsman": "AC Gilchrist",
              "bowler": "SK Raina",
              "non_striker": "HH Gibbs",
              "runs": {
                "batsman": 0,
                "extras": 0,
                "total": 0
              },
              "wicket": {
                "fielders": [
                  "M Muralitharan"
                ],
                "kind": "caught",
                "player_out": "AC Gilchrist"
              }
            }
          },
          {
            "5.5": {
              "batsman": "VVS Laxman",
              "bowler": "SK Raina",
              "non_striker": "HH Gibbs",
              "runs": {
                "batsman": 1,
                "extras": 0,
                "total": 1
              }
            }
          },
          {
            "5.6": {
              "batsman": "HH Gibbs",
              "bowler": "SK Raina",
              "non_striker": "VVS Laxman",
              "runs": {
                "batsman": 1,
                "extras": 0,
                "total": 1
              }
            }
          },
          {
            "6.1": {
              "batsman": "HH Gibbs",
              "bowler": "M Muralitharan",
              "non_striker": "VVS Laxman",
              "runs": {
                "batsman": 1,
                "extras": 0,
                "total": 1
              }
            }
          },
          {
            "6.2": {
              "batsman": "VVS Laxman",
              "bowler": "M Muralitharan",
              "non_striker": "HH Gibbs",
              "runs": {
                "batsman": 1,
                "extras": 0,
                "total": 1
              }
            }
          },
          {
            "6.3": {
              "batsman": "HH Gibbs",
              "bowler": "M Muralitharan",
              "non_striker": "VVS Laxman",
              "runs": {
                "batsman": 1,
                "extras": 0,
                "total": 1
              }
            }
          },
          {
            "6.4": {
              "batsman": "VVS Laxman",
              "bowler": "M Muralitharan",
              "non_striker": "HH Gibbs",
              "runs": {
                "batsman": 1,
                "extras": 0,
                "total": 1
              }
            }
          },
          {
            "6.5": {
              "batsman": "HH Gibbs",
              "bowler": "M Muralitharan",
              "non_striker": "VVS Laxman",
              "runs": {
                "batsman": 0,
                "extras": 0,
                "total": 0
              }
            }
          },
          {
            "6.6": {
              "batsman": "HH Gibbs",
              "bowler": "M Muralitharan",
              "non_striker": "VVS Laxman",
              "runs": {
                "batsman": 0,
                "extras": 0,
                "total": 0
              }
            }
          },
          {
            "7.1": {
              "batsman": "VVS Laxman",
              "bowler": "SK Raina",
              "non_striker": "HH Gibbs",
              "runs": {
                "batsman": 1,
                "extras": 0,
                "total": 1
              }
            }
          },
          {
            "7.2": {
              "batsman": "HH Gibbs",
              "bowler": "SK Raina",
              "non_striker": "VVS Laxman",
              "runs": {
                "batsman": 1,
                "extras": 0,
                "total": 1
              }
            }
          },
          {
            "7.3": {
              "batsman": "VVS Laxman",
              "bowler": "SK Raina",
              "non_striker": "HH Gibbs",
              "runs": {
                "batsman": 0,
                "extras": 0,
                "total": 0
              },
              "wicket": {
                "fielders": [
                  "JDP Oram"
                ],
                "kind": "caught",
                "player_out": "VVS Laxman"
              }
            }
          },
          {
            "7.4": {
              "batsman": "RG Sharma",
              "bowler": "SK Raina",
              "non_striker": "HH Gibbs",
              "runs": {
                "batsman": 0,
                "extras": 0,
                "total": 0
              }
            }
          },
          {
            "7.5": {
              "batsman": "RG Sharma",
              "bowler": "SK Raina",
              "non_striker": "HH Gibbs",
              "runs": {
                "batsman": 0,
                "extras": 0,
                "total": 0
              }
            }
          },
          {
            "7.6": {
              "batsman": "RG Sharma",
              "bowler": "SK Raina",
              "non_striker": "HH Gibbs",
              "runs": {
                "batsman": 0,
                "extras": 0,
                "total": 0
              }
            }
          },
          {
            "8.1": {
              "batsman": "HH Gibbs",
              "bowler": "M Muralitharan",
              "non_striker": "RG Sharma",
              "runs": {
                "batsman": 1,
                "extras": 0,
                "total": 1
              }
            }
          },
          {
            "8.2": {
              "batsman": "RG Sharma",
              "bowler": "M Muralitharan",
              "extras": {
                "wides": 1
              },
              "non_striker": "HH Gibbs",
              "runs": {
                "batsman": 0,
                "extras": 1,
                "total": 1
              }
            }
          },
          {
            "8.3": {
              "batsman": "RG Sharma",
              "bowler": "M Muralitharan",
              "non_striker": "HH Gibbs",
              "runs": {
                "batsman": 1,
                "extras": 0,
                "total": 1
              }
            }
          },
          {
            "8.4": {
              "batsman": "HH Gibbs",
              "bowler": "M Muralitharan",
              "non_striker": "RG Sharma",
              "runs": {
                "batsman": 0,
                "extras": 0,
                "total": 0
              }
            }
          },
          {
            "8.5": {
              "batsman": "HH Gibbs",
              "bowler": "M Muralitharan",
              "non_striker": "RG Sharma",
              "runs": {
                "batsman": 1,
                "extras": 0,
                "total": 1
              }
            }
          },
          {
            "8.6": {
              "batsman": "RG Sharma",
              "bowler": "M Muralitharan",
              "non_striker": "HH Gibbs",
              "runs": {
                "batsman": 1,
                "extras": 0,
                "total": 1
              }
            }
          },
          {
            "8.7": {
              "batsman": "HH Gibbs",
              "bowler": "M Muralitharan",
              "non_striker": "RG Sharma",
              "runs": {
                "batsman": 0,
                "extras": 0,
                "total": 0
              }
            }
          },
          {
            "9.1": {
              "batsman": "RG Sharma",
              "bowler": "SK Raina",
              "non_striker": "HH Gibbs",
              "runs": {
                "batsman": 1,
                "extras": 0,
                "total": 1
              }
            }
          },
          {
            "9.2": {
              "batsman": "HH Gibbs",
              "bowler": "SK Raina",
              "non_striker": "RG Sharma",
              "runs": {
                "batsman": 2,
                "extras": 0,
                "total": 2
              }
            }
          },
          {
            "9.3": {
              "batsman": "HH Gibbs",
              "bowler": "SK Raina",
              "non_striker": "RG Sharma",
              "runs": {
                "batsman": 0,
                "extras": 0,
                "total": 0
              }
            }
          },
          {
            "9.4": {
              "batsman": "HH Gibbs",
              "bowler": "SK Raina",
              "non_striker": "RG Sharma",
              "runs": {
                "batsman": 1,
                "extras": 0,
                "total": 1
              }
            }
          },
          {
            "9.5": {
              "batsman": "RG Sharma",
              "bowler": "SK Raina",
              "non_striker": "HH Gibbs",
              "runs": {
                "batsman": 0,
                "extras": 0,
                "total": 0
              }
            }
          },
          {
            "9.6": {
              "batsman": "RG Sharma",
              "bowler": "SK Raina",
              "non_striker": "HH Gibbs",
              "runs": {
                "batsman": 1,
                "extras": 0,
                "total": 1
              }
            }
          },
          {
            "10.1": {
              "batsman": "RG Sharma",
              "bowler": "Joginder Sharma",
              "non_striker": "HH Gibbs",
              "runs": {
                "batsman": 1,
                "extras": 0,
                "total": 1
              }
            }
          },
          {
            "10.2": {
              "batsman": "HH Gibbs",
              "bowler": "Joginder Sharma",
              "non_striker": "RG Sharma",
              "runs": {
                "batsman": 4,
                "extras": 0,
                "total": 4
              }
            }
          },
          {
            "10.3": {
              "batsman": "HH Gibbs",
              "bowler": "Joginder Sharma",
              "non_striker": "RG Sharma",
              "runs": {
                "batsman": 1,
                "extras": 0,
                "total": 1
              }
            }
          },
          {
            "10.4": {
              "batsman": "RG Sharma",
              "bowler": "Joginder Sharma",
              "non_striker": "HH Gibbs",
              "runs": {
                "batsman": 6,
                "extras": 0,
                "total": 6
              }
            }
          },
          {
            "10.5": {
              "batsman": "RG Sharma",
              "bowler": "Joginder Sharma",
              "non_striker": "HH Gibbs",
              "runs": {
                "batsman": 1,
                "extras": 0,
                "total": 1
              }
            }
          },
          {
            "10.6": {
              "batsman": "HH Gibbs",
              "bowler": "Joginder Sharma",
              "non_striker": "RG Sharma",
              "runs": {
                "batsman": 1,
                "extras": 0,
                "total": 1
              }
            }
          },
          {
            "11.1": {
              "batsman": "HH Gibbs",
              "bowler": "SK Raina",
              "non_striker": "RG Sharma",
              "runs": {
                "batsman": 0,
                "extras": 0,
                "total": 0
              }
            }
          },
          {
            "11.2": {
              "batsman": "HH Gibbs",
              "bowler": "SK Raina",
              "non_striker": "RG Sharma",
              "runs": {
                "batsman": 1,
                "extras": 0,
                "total": 1
              }
            }
          },
          {
            "11.3": {
              "batsman": "RG Sharma",
              "bowler": "SK Raina",
              "non_striker": "HH Gibbs",
              "runs": {
                "batsman": 1,
                "extras": 0,
                "total": 1
              }
            }
          },
          {
            "11.4": {
              "batsman": "HH Gibbs",
              "bowler": "SK Raina",
              "non_striker": "RG Sharma",
              "runs": {
                "batsman": 4,
                "extras": 0,
                "total": 4
              }
            }
          },
          {
            "11.5": {
              "batsman": "HH Gibbs",
              "bowler": "SK Raina",
              "non_striker": "RG Sharma",
              "runs": {
                "batsman": 1,
                "extras": 0,
                "total": 1
              }
            }
          },
          {
            "11.6": {
              "batsman": "RG Sharma",
              "bowler": "SK Raina",
              "non_striker": "HH Gibbs",
              "runs": {
                "batsman": 1,
                "extras": 0,
                "total": 1
              }
            }
          },
          {
            "12.1": {
              "batsman": "RG Sharma",
              "bowler": "JDP Oram",
              "non_striker": "HH Gibbs",
              "runs": {
                "batsman": 1,
                "extras": 0,
                "total": 1
              }
            }
          },
          {
            "12.2": {
              "batsman": "HH Gibbs",
              "bowler": "JDP Oram",
              "non_striker": "RG Sharma",
              "runs": {
                "batsman": 0,
                "extras": 0,
                "total": 0
              }
            }
          },
          {
            "12.3": {
              "batsman": "HH Gibbs",
              "bowler": "JDP Oram",
              "non_striker": "RG Sharma",
              "runs": {
                "batsman": 1,
                "extras": 0,
                "total": 1
              }
            }
          },
          {
            "12.4": {
              "batsman": "RG Sharma",
              "bowler": "JDP Oram",
              "non_striker": "HH Gibbs",
              "runs": {
                "batsman": 1,
                "extras": 0,
                "total": 1
              }
            }
          },
          {
            "12.5": {
              "batsman": "HH Gibbs",
              "bowler": "JDP Oram",
              "non_striker": "RG Sharma",
              "runs": {
                "batsman": 1,
                "extras": 0,
                "total": 1
              }
            }
          },
          {
            "12.6": {
              "batsman": "RG Sharma",
              "bowler": "JDP Oram",
              "non_striker": "HH Gibbs",
              "runs": {
                "batsman": 2,
                "extras": 0,
                "total": 2
              }
            }
          },
          {
            "13.1": {
              "batsman": "HH Gibbs",
              "bowler": "L Balaji",
              "non_striker": "RG Sharma",
              "runs": {
                "batsman": 1,
                "extras": 0,
                "total": 1
              }
            }
          },
          {
            "13.2": {
              "batsman": "RG Sharma",
              "bowler": "L Balaji",
              "non_striker": "HH Gibbs",
              "runs": {
                "batsman": 0,
                "extras": 0,
                "total": 0
              }
            }
          },
          {
            "13.3": {
              "batsman": "RG Sharma",
              "bowler": "L Balaji",
              "non_striker": "HH Gibbs",
              "runs": {
                "batsman": 0,
                "extras": 0,
                "total": 0
              }
            }
          },
          {
            "13.4": {
              "batsman": "RG Sharma",
              "bowler": "L Balaji",
              "non_striker": "HH Gibbs",
              "runs": {
                "batsman": 0,
                "extras": 0,
                "total": 0
              },
              "wicket": {
                "fielders": [
                  "MS Dhoni"
                ],
                "kind": "caught",
                "player_out": "RG Sharma"
              }
            }
          },
          {
            "13.5": {
              "batsman": "DR Smith",
              "bowler": "L Balaji",
              "non_striker": "HH Gibbs",
              "runs": {
                "batsman": 1,
                "extras": 0,
                "total": 1
              }
            }
          },
          {
            "13.6": {
              "batsman": "HH Gibbs",
              "bowler": "L Balaji",
              "non_striker": "DR Smith",
              "runs": {
                "batsman": 0,
                "extras": 0,
                "total": 0
              }
            }
          },
          {
            "14.1": {
              "batsman": "DR Smith",
              "bowler": "JDP Oram",
              "non_striker": "HH Gibbs",
              "runs": {
                "batsman": 4,
                "extras": 0,
                "total": 4
              }
            }
          },
          {
            "14.2": {
              "batsman": "DR Smith",
              "bowler": "JDP Oram",
              "non_striker": "HH Gibbs",
              "runs": {
                "batsman": 1,
                "extras": 0,
                "total": 1
              }
            }
          },
          {
            "14.3": {
              "batsman": "HH Gibbs",
              "bowler": "JDP Oram",
              "non_striker": "DR Smith",
              "runs": {
                "batsman": 2,
                "extras": 0,
                "total": 2
              }
            }
          },
          {
            "14.4": {
              "batsman": "HH Gibbs",
              "bowler": "JDP Oram",
              "non_striker": "DR Smith",
              "runs": {
                "batsman": 0,
                "extras": 0,
                "total": 0
              }
            }
          },
          {
            "14.5": {
              "batsman": "HH Gibbs",
              "bowler": "JDP Oram",
              "non_striker": "DR Smith",
              "runs": {
                "batsman": 1,
                "extras": 0,
                "total": 1
              }
            }
          },
          {
            "14.6": {
              "batsman": "DR Smith",
              "bowler": "JDP Oram",
              "non_striker": "HH Gibbs",
              "runs": {
                "batsman": 6,
                "extras": 0,
                "total": 6
              }
            }
          },
          {
            "15.1": {
              "batsman": "HH Gibbs",
              "bowler": "M Muralitharan",
              "non_striker": "DR Smith",
              "runs": {
                "batsman": 1,
                "extras": 0,
                "total": 1
              }
            }
          },
          {
            "15.2": {
              "batsman": "DR Smith",
              "bowler": "M Muralitharan",
              "non_striker": "HH Gibbs",
              "runs": {
                "batsman": 0,
                "extras": 0,
                "total": 0
              },
              "wicket": {
                "kind": "lbw",
                "player_out": "DR Smith"
              }
            }
          },
          {
            "15.3": {
              "batsman": "AA Bilakhia",
              "bowler": "M Muralitharan",
              "non_striker": "HH Gibbs",
              "runs": {
                "batsman": 0,
                "extras": 0,
                "total": 0
              }
            }
          },
          {
            "15.4": {
              "batsman": "AA Bilakhia",
              "bowler": "M Muralitharan",
              "non_striker": "HH Gibbs",
              "runs": {
                "batsman": 0,
                "extras": 0,
                "total": 0
              }
            }
          },
          {
            "15.5": {
              "batsman": "AA Bilakhia",
              "bowler": "M Muralitharan",
              "non_striker": "HH Gibbs",
              "runs": {
                "batsman": 0,
                "extras": 0,
                "total": 0
              }
            }
          },
          {
            "15.6": {
              "batsman": "AA Bilakhia",
              "bowler": "M Muralitharan",
              "non_striker": "HH Gibbs",
              "runs": {
                "batsman": 1,
                "extras": 0,
                "total": 1
              }
            }
          },
          {
            "16.1": {
              "batsman": "AA Bilakhia",
              "bowler": "JA Morkel",
              "non_striker": "HH Gibbs",
              "runs": {
                "batsman": 1,
                "extras": 0,
                "total": 1
              }
            }
          },
          {
            "16.2": {
              "batsman": "HH Gibbs",
              "bowler": "JA Morkel",
              "extras": {
                "noballs": 5
              },
              "non_striker": "AA Bilakhia",
              "runs": {
                "batsman": 0,
                "extras": 5,
                "total": 5
              }
            }
          },
          {
            "16.3": {
              "batsman": "HH Gibbs",
              "bowler": "JA Morkel",
              "non_striker": "AA Bilakhia",
              "runs": {
                "batsman": 1,
                "extras": 0,
                "total": 1
              }
            }
          },
          {
            "16.4": {
              "batsman": "AA Bilakhia",
              "bowler": "JA Morkel",
              "non_striker": "HH Gibbs",
              "runs": {
                "batsman": 1,
                "extras": 0,
                "total": 1
              }
            }
          },
          {
            "16.5": {
              "batsman": "HH Gibbs",
              "bowler": "JA Morkel",
              "non_striker": "AA Bilakhia",
              "runs": {
                "batsman": 1,
                "extras": 0,
                "total": 1
              }
            }
          },
          {
            "16.6": {
              "batsman": "AA Bilakhia",
              "bowler": "JA Morkel",
              "non_striker": "HH Gibbs",
              "runs": {
                "batsman": 0,
                "extras": 0,
                "total": 0
              }
            }
          },
          {
            "16.7": {
              "batsman": "AA Bilakhia",
              "bowler": "JA Morkel",
              "non_striker": "HH Gibbs",
              "runs": {
                "batsman": 1,
                "extras": 0,
                "total": 1
              }
            }
          },
          {
            "17.1": {
              "batsman": "AA Bilakhia",
              "bowler": "JDP Oram",
              "non_striker": "HH Gibbs",
              "runs": {
                "batsman": 1,
                "extras": 0,
                "total": 1
              }
            }
          },
          {
            "17.2": {
              "batsman": "HH Gibbs",
              "bowler": "JDP Oram",
              "non_striker": "AA Bilakhia",
              "runs": {
                "batsman": 4,
                "extras": 0,
                "total": 4
              }
            }
          },
          {
            "17.3": {
              "batsman": "HH Gibbs",
              "bowler": "JDP Oram",
              "non_striker": "AA Bilakhia",
              "runs": {
                "batsman": 0,
                "extras": 0,
                "total": 0
              }
            }
          },
          {
            "17.4": {
              "batsman": "HH Gibbs",
              "bowler": "JDP Oram",
              "non_striker": "AA Bilakhia",
              "runs": {
                "batsman": 2,
                "extras": 0,
                "total": 2
              }
            }
          },
          {
            "17.5": {
              "batsman": "HH Gibbs",
              "bowler": "JDP Oram",
              "non_striker": "AA Bilakhia",
              "runs": {
                "batsman": 1,
                "extras": 0,
                "total": 1
              }
            }
          },
          {
            "17.6": {
              "batsman": "AA Bilakhia",
              "bowler": "JDP Oram",
              "extras": {
                "legbyes": 1
              },
              "non_striker": "HH Gibbs",
              "runs": {
                "batsman": 0,
                "extras": 1,
                "total": 1
              }
            }
          },
          {
            "18.1": {
              "batsman": "AA Bilakhia",
              "bowler": "JA Morkel",
              "non_striker": "HH Gibbs",
              "runs": {
                "batsman": 2,
                "extras": 0,
                "total": 2
              }
            }
          },
          {
            "18.2": {
              "batsman": "AA Bilakhia",
              "bowler": "JA Morkel",
              "non_striker": "HH Gibbs",
              "runs": {
                "batsman": 1,
                "extras": 0,
                "total": 1
              }
            }
          },
          {
            "18.3": {
              "batsman": "HH Gibbs",
              "bowler": "JA Morkel",
              "non_striker": "AA Bilakhia",
              "runs": {
                "batsman": 2,
                "extras": 0,
                "total": 2
              }
            }
          },
          {
            "18.4": {
              "batsman": "HH Gibbs",
              "bowler": "JA Morkel",
              "non_striker": "AA Bilakhia",
              "runs": {
                "batsman": 1,
                "extras": 0,
                "total": 1
              }
            }
          },
          {
            "18.5": {
              "batsman": "AA Bilakhia",
              "bowler": "JA Morkel",
              "extras": {
                "legbyes": 1
              },
              "non_striker": "HH Gibbs",
              "runs": {
                "batsman": 0,
                "extras": 1,
                "total": 1
              }
            }
          },
          {
            "18.6": {
              "batsman": "HH Gibbs",
              "bowler": "JA Morkel",
              "non_striker": "AA Bilakhia",
              "runs": {
                "batsman": 1,
                "extras": 0,
                "total": 1
              }
            }
          },
          {
            "19.1": {
              "batsman": "HH Gibbs",
              "bowler": "L Balaji",
              "non_striker": "AA Bilakhia",
              "runs": {
                "batsman": 6,
                "extras": 0,
                "total": 6
              }
            }
          },
          {
            "19.2": {
              "batsman": "HH Gibbs",
              "bowler": "L Balaji",
              "non_striker": "AA Bilakhia",
              "runs": {
                "batsman": 1,
                "extras": 0,
                "total": 1
              }
            }
          },
          {
            "19.3": {
              "batsman": "AA Bilakhia",
              "bowler": "L Balaji",
              "non_striker": "HH Gibbs",
              "runs": {
                "batsman": 4,
                "extras": 0,
                "total": 4
              }
            }
          }
        ]
      }
    }
  ]
}