{
  "meta": {
    "data_version": 0.9,
    "created": "2011-05-01T00:00:00.000Z",
    "revision": 2
  },
  "info": {
    "city": "Durban",
    "competition": "IPL",
    "dates": [
      "2009-04-21T00:00:00.000Z"
    ],
    "gender": "male",
    "match_type": "T20",
    "neutral_venue": 1,
    "outcome": {
      "by": {
        "runs": 11
      },
      "method": "D/L",
      "winner": "Kolkata Knight Riders"
    },
    "overs": 20,
    "player_of_match": [
      "CH Gayle"
    ],
    "teams": [
      "Kings XI Punjab",
      "Kolkata Knight Riders"
    ],
    "toss": {
      "decision": "field",
      "winner": "Kolkata Knight Riders"
    },
    "umpires": [
      "DJ Harper",
      "SD Ranade"
    ],
    "venue": "Kingsmead"
  },
  "innings": [
    {
      "1st innings": {
        "team": "Kings XI Punjab",
        "deliveries": [
          {
            "0.1": {
              "batsman": "RS Bopara",
              "bowler": "I Sharma",
              "non_striker": "K Goel",
              "runs": {
                "batsman": 1,
                "extras": 0,
                "total": 1
              }
            }
          },
          {
            "0.2": {
              "batsman": "K Goel",
              "bowler": "I Sharma",
              "non_striker": "RS Bopara",
              "runs": {
                "batsman": 0,
                "extras": 0,
                "total": 0
              }
            }
          },
          {
            "0.3": {
              "batsman": "K Goel",
              "bowler": "I Sharma",
              "non_striker": "RS Bopara",
              "runs": {
                "batsman": 0,
                "extras": 0,
                "total": 0
              }
            }
          },
          {
            "0.4": {
              "batsman": "K Goel",
              "bowler": "I Sharma",
              "non_striker": "RS Bopara",
              "runs": {
                "batsman": 0,
                "extras": 0,
                "total": 0
              }
            }
          },
          {
            "0.5": {
              "batsman": "K Goel",
              "bowler": "I Sharma",
              "non_striker": "RS Bopara",
              "runs": {
                "batsman": 0,
                "extras": 0,
                "total": 0
              }
            }
          },
          {
            "0.6": {
              "batsman": "K Goel",
              "bowler": "I Sharma",
              "non_striker": "RS Bopara",
              "runs": {
                "batsman": 0,
                "extras": 0,
                "total": 0
              }
            }
          },
          {
            "1.1": {
              "batsman": "RS Bopara",
              "bowler": "AB Dinda",
              "non_striker": "K Goel",
              "runs": {
                "batsman": 0,
                "extras": 0,
                "total": 0
              }
            }
          },
          {
            "1.2": {
              "batsman": "RS Bopara",
              "bowler": "AB Dinda",
              "non_striker": "K Goel",
              "runs": {
                "batsman": 0,
                "extras": 0,
                "total": 0
              }
            }
          },
          {
            "1.3": {
              "batsman": "RS Bopara",
              "bowler": "AB Dinda",
              "non_striker": "K Goel",
              "runs": {
                "batsman": 0,
                "extras": 0,
                "total": 0
              }
            }
          },
          {
            "1.4": {
              "batsman": "RS Bopara",
              "bowler": "AB Dinda",
              "non_striker": "K Goel",
              "runs": {
                "batsman": 0,
                "extras": 0,
                "total": 0
              }
            }
          },
          {
            "1.5": {
              "batsman": "RS Bopara",
              "bowler": "AB Dinda",
              "non_striker": "K Goel",
              "runs": {
                "batsman": 4,
                "extras": 0,
                "total": 4
              }
            }
          },
          {
            "1.6": {
              "batsman": "RS Bopara",
              "bowler": "AB Dinda",
              "non_striker": "K Goel",
              "runs": {
                "batsman": 4,
                "extras": 0,
                "total": 4
              }
            }
          },
          {
            "2.1": {
              "batsman": "K Goel",
              "bowler": "I Sharma",
              "non_striker": "RS Bopara",
              "runs": {
                "batsman": 0,
                "extras": 0,
                "total": 0
              }
            }
          },
          {
            "2.2": {
              "batsman": "K Goel",
              "bowler": "I Sharma",
              "non_striker": "RS Bopara",
              "runs": {
                "batsman": 0,
                "extras": 0,
                "total": 0
              },
              "wicket": {
                "fielders": [
                  "CH Gayle"
                ],
                "kind": "caught",
                "player_out": "K Goel"
              }
            }
          },
          {
            "2.3": {
              "batsman": "IK Pathan",
              "bowler": "I Sharma",
              "non_striker": "RS Bopara",
              "runs": {
                "batsman": 4,
                "extras": 0,
                "total": 4
              }
            }
          },
          {
            "2.4": {
              "batsman": "IK Pathan",
              "bowler": "I Sharma",
              "non_striker": "RS Bopara",
              "runs": {
                "batsman": 0,
                "extras": 0,
                "total": 0
              }
            }
          },
          {
            "2.5": {
              "batsman": "IK Pathan",
              "bowler": "I Sharma",
              "non_striker": "RS Bopara",
              "runs": {
                "batsman": 1,
                "extras": 0,
                "total": 1
              }
            }
          },
          {
            "2.6": {
              "batsman": "RS Bopara",
              "bowler": "I Sharma",
              "non_striker": "IK Pathan",
              "runs": {
                "batsman": 1,
                "extras": 0,
                "total": 1
              }
            }
          },
          {
            "3.1": {
              "batsman": "RS Bopara",
              "bowler": "AB Dinda",
              "non_striker": "IK Pathan",
              "runs": {
                "batsman": 1,
                "extras": 0,
                "total": 1
              }
            }
          },
          {
            "3.2": {
              "batsman": "IK Pathan",
              "bowler": "AB Dinda",
              "non_striker": "RS Bopara",
              "runs": {
                "batsman": 0,
                "extras": 0,
                "total": 0
              }
            }
          },
          {
            "3.3": {
              "batsman": "IK Pathan",
              "bowler": "AB Dinda",
              "non_striker": "RS Bopara",
              "runs": {
                "batsman": 4,
                "extras": 0,
                "total": 4
              }
            }
          },
          {
            "3.4": {
              "batsman": "IK Pathan",
              "bowler": "AB Dinda",
              "non_striker": "RS Bopara",
              "runs": {
                "batsman": 1,
                "extras": 0,
                "total": 1
              }
            }
          },
          {
            "3.5": {
              "batsman": "RS Bopara",
              "bowler": "AB Dinda",
              "non_striker": "IK Pathan",
              "runs": {
                "batsman": 0,
                "extras": 0,
                "total": 0
              }
            }
          },
          {
            "3.6": {
              "batsman": "RS Bopara",
              "bowler": "AB Dinda",
              "non_striker": "IK Pathan",
              "runs": {
                "batsman": 1,
                "extras": 0,
                "total": 1
              }
            }
          },
          {
            "4.1": {
              "batsman": "RS Bopara",
              "bowler": "I Sharma",
              "non_striker": "IK Pathan",
              "runs": {
                "batsman": 1,
                "extras": 0,
                "total": 1
              }
            }
          },
          {
            "4.2": {
              "batsman": "IK Pathan",
              "bowler": "I Sharma",
              "non_striker": "RS Bopara",
              "runs": {
                "batsman": 6,
                "extras": 0,
                "total": 6
              }
            }
          },
          {
            "4.3": {
              "batsman": "IK Pathan",
              "bowler": "I Sharma",
              "non_striker": "RS Bopara",
              "runs": {
                "batsman": 0,
                "extras": 0,
                "total": 0
              }
            }
          },
          {
            "4.4": {
              "batsman": "IK Pathan",
              "bowler": "I Sharma",
              "non_striker": "RS Bopara",
              "runs": {
                "batsman": 4,
                "extras": 0,
                "total": 4
              }
            }
          },
          {
            "4.5": {
              "batsman": "IK Pathan",
              "bowler": "I Sharma",
              "non_striker": "RS Bopara",
              "runs": {
                "batsman": 2,
                "extras": 0,
                "total": 2
              }
            }
          },
          {
            "4.6": {
              "batsman": "IK Pathan",
              "bowler": "I Sharma",
              "non_striker": "RS Bopara",
              "runs": {
                "batsman": 1,
                "extras": 0,
                "total": 1
              }
            }
          },
          {
            "5.1": {
              "batsman": "IK Pathan",
              "bowler": "MC Henriques",
              "non_striker": "RS Bopara",
              "runs": {
                "batsman": 1,
                "extras": 0,
                "total": 1
              }
            }
          },
          {
            "5.2": {
              "batsman": "RS Bopara",
              "bowler": "MC Henriques",
              "non_striker": "IK Pathan",
              "runs": {
                "batsman": 1,
                "extras": 0,
                "total": 1
              }
            }
          },
          {
            "5.3": {
              "batsman": "IK Pathan",
              "bowler": "MC Henriques",
              "non_striker": "RS Bopara",
              "runs": {
                "batsman": 0,
                "extras": 0,
                "total": 0
              }
            }
          },
          {
            "5.4": {
              "batsman": "IK Pathan",
              "bowler": "MC Henriques",
              "non_striker": "RS Bopara",
              "runs": {
                "batsman": 4,
                "extras": 0,
                "total": 4
              }
            }
          },
          {
            "5.5": {
              "batsman": "IK Pathan",
              "bowler": "MC Henriques",
              "non_striker": "RS Bopara",
              "runs": {
                "batsman": 0,
                "extras": 0,
                "total": 0
              }
            }
          },
          {
            "5.6": {
              "batsman": "IK Pathan",
              "bowler": "MC Henriques",
              "non_striker": "RS Bopara",
              "runs": {
                "batsman": 4,
                "extras": 0,
                "total": 4
              }
            }
          },
          {
            "6.1": {
              "batsman": "RS Bopara",
              "bowler": "SC Ganguly",
              "non_striker": "IK Pathan",
              "runs": {
                "batsman": 1,
                "extras": 0,
                "total": 1
              }
            }
          },
          {
            "6.2": {
              "batsman": "IK Pathan",
              "bowler": "SC Ganguly",
              "non_striker": "RS Bopara",
              "runs": {
                "batsman": 0,
                "extras": 0,
                "total": 0
              },
              "wicket": {
                "fielders": [
                  "M Kartik"
                ],
                "kind": "caught",
                "player_out": "IK Pathan"
              }
            }
          },
          {
            "6.3": {
              "batsman": "KC Sangakkara",
              "bowler": "SC Ganguly",
              "non_striker": "RS Bopara",
              "runs": {
                "batsman": 1,
                "extras": 0,
                "total": 1
              }
            }
          },
          {
            "6.4": {
              "batsman": "RS Bopara",
              "bowler": "SC Ganguly",
              "non_striker": "KC Sangakkara",
              "runs": {
                "batsman": 0,
                "extras": 0,
                "total": 0
              },
              "wicket": {
                "fielders": [
                  "BB McCullum"
                ],
                "kind": "caught",
                "player_out": "RS Bopara"
              }
            }
          },
          {
            "6.5": {
              "batsman": "Yuvraj Singh",
              "bowler": "SC Ganguly",
              "non_striker": "KC Sangakkara",
              "runs": {
                "batsman": 0,
                "extras": 0,
                "total": 0
              }
            }
          },
          {
            "6.6": {
              "batsman": "Yuvraj Singh",
              "bowler": "SC Ganguly",
              "non_striker": "KC Sangakkara",
              "runs": {
                "batsman": 0,
                "extras": 0,
                "total": 0
              }
            }
          },
          {
            "7.1": {
              "batsman": "KC Sangakkara",
              "bowler": "MC Henriques",
              "non_striker": "Yuvraj Singh",
              "runs": {
                "batsman": 1,
                "extras": 0,
                "total": 1
              }
            }
          },
          {
            "7.2": {
              "batsman": "Yuvraj Singh",
              "bowler": "MC Henriques",
              "non_striker": "KC Sangakkara",
              "runs": {
                "batsman": 0,
                "extras": 0,
                "total": 0
              }
            }
          },
          {
            "7.3": {
              "batsman": "Yuvraj Singh",
              "bowler": "MC Henriques",
              "non_striker": "KC Sangakkara",
              "runs": {
                "batsman": 2,
                "extras": 0,
                "total": 2
              }
            }
          },
          {
            "7.4": {
              "batsman": "Yuvraj Singh",
              "bowler": "MC Henriques",
              "non_striker": "KC Sangakkara",
              "runs": {
                "batsman": 4,
                "extras": 0,
                "total": 4
              }
            }
          },
          {
            "7.5": {
              "batsman": "Yuvraj Singh",
              "bowler": "MC Henriques",
              "non_striker": "KC Sangakkara",
              "runs": {
                "batsman": 1,
                "extras": 0,
                "total": 1
              }
            }
          },
          {
            "7.6": {
              "batsman": "KC Sangakkara",
              "bowler": "MC Henriques",
              "non_striker": "Yuvraj Singh",
              "runs": {
                "batsman": 0,
                "extras": 0,
                "total": 0
              }
            }
          },
          {
            "8.1": {
              "batsman": "Yuvraj Singh",
              "bowler": "SC Ganguly",
              "non_striker": "KC Sangakkara",
              "runs": {
                "batsman": 0,
                "extras": 0,
                "total": 0
              }
            }
          },
          {
            "8.2": {
              "batsman": "Yuvraj Singh",
              "bowler": "SC Ganguly",
              "non_striker": "KC Sangakkara",
              "runs": {
                "batsman": 0,
                "extras": 0,
                "total": 0
              }
            }
          },
          {
            "8.3": {
              "batsman": "Yuvraj Singh",
              "bowler": "SC Ganguly",
              "non_striker": "KC Sangakkara",
              "runs": {
                "batsman": 0,
                "extras": 0,
                "total": 0
              }
            }
          },
          {
            "8.4": {
              "batsman": "Yuvraj Singh",
              "bowler": "SC Ganguly",
              "non_striker": "KC Sangakkara",
              "runs": {
                "batsman": 1,
                "extras": 0,
                "total": 1
              }
            }
          },
          {
            "8.5": {
              "batsman": "KC Sangakkara",
              "bowler": "SC Ganguly",
              "non_striker": "Yuvraj Singh",
              "runs": {
                "batsman": 1,
                "extras": 0,
                "total": 1
              }
            }
          },
          {
            "8.6": {
              "batsman": "Yuvraj Singh",
              "bowler": "SC Ganguly",
              "non_striker": "KC Sangakkara",
              "runs": {
                "batsman": 0,
                "extras": 0,
                "total": 0
              }
            }
          },
          {
            "9.1": {
              "batsman": "KC Sangakkara",
              "bowler": "LR Shukla",
              "non_striker": "Yuvraj Singh",
              "runs": {
                "batsman": 1,
                "extras": 0,
                "total": 1
              }
            }
          },
          {
            "9.2": {
              "batsman": "Yuvraj Singh",
              "bowler": "LR Shukla",
              "non_striker": "KC Sangakkara",
              "runs": {
                "batsman": 1,
                "extras": 0,
                "total": 1
              }
            }
          },
          {
            "9.3": {
              "batsman": "KC Sangakkara",
              "bowler": "LR Shukla",
              "non_striker": "Yuvraj Singh",
              "runs": {
                "batsman": 2,
                "extras": 0,
                "total": 2
              }
            }
          },
          {
            "9.4": {
              "batsman": "KC Sangakkara",
              "bowler": "LR Shukla",
              "non_striker": "Yuvraj Singh",
              "runs": {
                "batsman": 0,
                "extras": 0,
                "total": 0
              }
            }
          },
          {
            "9.5": {
              "batsman": "KC Sangakkara",
              "bowler": "LR Shukla",
              "non_striker": "Yuvraj Singh",
              "runs": {
                "batsman": 4,
                "extras": 0,
                "total": 4
              }
            }
          },
          {
            "9.6": {
              "batsman": "KC Sangakkara",
              "bowler": "LR Shukla",
              "non_striker": "Yuvraj Singh",
              "runs": {
                "batsman": 1,
                "extras": 0,
                "total": 1
              }
            }
          },
          {
            "10.1": {
              "batsman": "KC Sangakkara",
              "bowler": "SC Ganguly",
              "non_striker": "Yuvraj Singh",
              "runs": {
                "batsman": 4,
                "extras": 0,
                "total": 4
              }
            }
          },
          {
            "10.2": {
              "batsman": "KC Sangakkara",
              "bowler": "SC Ganguly",
              "non_striker": "Yuvraj Singh",
              "runs": {
                "batsman": 2,
                "extras": 0,
                "total": 2
              }
            }
          },
          {
            "10.3": {
              "batsman": "KC Sangakkara",
              "bowler": "SC Ganguly",
              "non_striker": "Yuvraj Singh",
              "runs": {
                "batsman": 1,
                "extras": 0,
                "total": 1
              }
            }
          },
          {
            "10.4": {
              "batsman": "Yuvraj Singh",
              "bowler": "SC Ganguly",
              "non_striker": "KC Sangakkara",
              "runs": {
                "batsman": 6,
                "extras": 0,
                "total": 6
              }
            }
          },
          {
            "10.5": {
              "batsman": "Yuvraj Singh",
              "bowler": "SC Ganguly",
              "non_striker": "KC Sangakkara",
              "runs": {
                "batsman": 0,
                "extras": 0,
                "total": 0
              }
            }
          },
          {
            "10.6": {
              "batsman": "Yuvraj Singh",
              "bowler": "SC Ganguly",
              "non_striker": "KC Sangakkara",
              "runs": {
                "batsman": 1,
                "extras": 0,
                "total": 1
              }
            }
          },
          {
            "11.1": {
              "batsman": "Yuvraj Singh",
              "bowler": "CH Gayle",
              "extras": {
                "wides": 5
              },
              "non_striker": "KC Sangakkara",
              "runs": {
                "batsman": 0,
                "extras": 5,
                "total": 5
              }
            }
          },
          {
            "11.2": {
              "batsman": "Yuvraj Singh",
              "bowler": "CH Gayle",
              "extras": {
                "wides": 1
              },
              "non_striker": "KC Sangakkara",
              "runs": {
                "batsman": 0,
                "extras": 1,
                "total": 1
              }
            }
          },
          {
            "11.3": {
              "batsman": "Yuvraj Singh",
              "bowler": "CH Gayle",
              "non_striker": "KC Sangakkara",
              "runs": {
                "batsman": 2,
                "extras": 0,
                "total": 2
              }
            }
          },
          {
            "11.4": {
              "batsman": "Yuvraj Singh",
              "bowler": "CH Gayle",
              "extras": {
                "wides": 1
              },
              "non_striker": "KC Sangakkara",
              "runs": {
                "batsman": 0,
                "extras": 1,
                "total": 1
              }
            }
          },
          {
            "11.5": {
              "batsman": "Yuvraj Singh",
              "bowler": "CH Gayle",
              "non_striker": "KC Sangakkara",
              "runs": {
                "batsman": 1,
                "extras": 0,
                "total": 1
              }
            }
          },
          {
            "11.6": {
              "batsman": "KC Sangakkara",
              "bowler": "CH Gayle",
              "non_striker": "Yuvraj Singh",
              "runs": {
                "batsman": 1,
                "extras": 0,
                "total": 1
              }
            }
          },
          {
            "11.7": {
              "batsman": "Yuvraj Singh",
              "bowler": "CH Gayle",
              "non_striker": "KC Sangakkara",
              "runs": {
                "batsman": 1,
                "extras": 0,
                "total": 1
              }
            }
          },
          {
            "11.8": {
              "batsman": "KC Sangakkara",
              "bowler": "CH Gayle",
              "non_striker": "Yuvraj Singh",
              "runs": {
                "batsman": 1,
                "extras": 0,
                "total": 1
              }
            }
          },
          {
            "11.9": {
              "batsman": "Yuvraj Singh",
              "bowler": "CH Gayle",
              "non_striker": "KC Sangakkara",
              "runs": {
                "batsman": 1,
                "extras": 0,
                "total": 1
              }
            }
          },
          {
            "12.1": {
              "batsman": "Yuvraj Singh",
              "bowler": "SC Ganguly",
              "non_striker": "KC Sangakkara",
              "runs": {
                "batsman": 1,
                "extras": 0,
                "total": 1
              }
            }
          },
          {
            "12.2": {
              "batsman": "KC Sangakkara",
              "bowler": "SC Ganguly",
              "non_striker": "Yuvraj Singh",
              "runs": {
                "batsman": 1,
                "extras": 0,
                "total": 1
              }
            }
          },
          {
            "12.3": {
              "batsman": "Yuvraj Singh",
              "bowler": "SC Ganguly",
              "non_striker": "KC Sangakkara",
              "runs": {
                "batsman": 1,
                "extras": 0,
                "total": 1
              }
            }
          },
          {
            "12.4": {
              "batsman": "KC Sangakkara",
              "bowler": "SC Ganguly",
              "non_striker": "Yuvraj Singh",
              "runs": {
                "batsman": 1,
                "extras": 0,
                "total": 1
              }
            }
          },
          {
            "12.5": {
              "batsman": "Yuvraj Singh",
              "bowler": "SC Ganguly",
              "non_striker": "KC Sangakkara",
              "runs": {
                "batsman": 1,
                "extras": 0,
                "total": 1
              }
            }
          },
          {
            "12.6": {
              "batsman": "KC Sangakkara",
              "bowler": "SC Ganguly",
              "non_striker": "Yuvraj Singh",
              "runs": {
                "batsman": 1,
                "extras": 0,
                "total": 1
              }
            }
          },
          {
            "13.1": {
              "batsman": "KC Sangakkara",
              "bowler": "I Sharma",
              "non_striker": "Yuvraj Singh",
              "runs": {
                "batsman": 2,
                "extras": 0,
                "total": 2
              }
            }
          },
          {
            "13.2": {
              "batsman": "KC Sangakkara",
              "bowler": "I Sharma",
              "non_striker": "Yuvraj Singh",
              "runs": {
                "batsman": 0,
                "extras": 0,
                "total": 0
              }
            }
          },
          {
            "13.3": {
              "batsman": "KC Sangakkara",
              "bowler": "I Sharma",
              "non_striker": "Yuvraj Singh",
              "runs": {
                "batsman": 0,
                "extras": 0,
                "total": 0
              }
            }
          },
          {
            "13.4": {
              "batsman": "KC Sangakkara",
              "bowler": "I Sharma",
              "non_striker": "Yuvraj Singh",
              "runs": {
                "batsman": 0,
                "extras": 0,
                "total": 0
              }
            }
          },
          {
            "13.5": {
              "batsman": "KC Sangakkara",
              "bowler": "I Sharma",
              "non_striker": "Yuvraj Singh",
              "runs": {
                "batsman": 0,
                "extras": 0,
                "total": 0
              }
            }
          },
          {
            "13.6": {
              "batsman": "KC Sangakkara",
              "bowler": "I Sharma",
              "non_striker": "Yuvraj Singh",
              "runs": {
                "batsman": 1,
                "extras": 0,
                "total": 1
              }
            }
          },
          {
            "14.1": {
              "batsman": "KC Sangakkara",
              "bowler": "LR Shukla",
              "non_striker": "Yuvraj Singh",
              "runs": {
                "batsman": 0,
                "extras": 0,
                "total": 0
              },
              "wicket": {
                "fielders": [
                  "A Chopra",
                  "BB McCullum"
                ],
                "kind": "run out",
                "player_out": "KC Sangakkara"
              }
            }
          },
          {
            "14.2": {
              "batsman": "DPMD Jayawardene",
              "bowler": "LR Shukla",
              "extras": {
                "wides": 1
              },
              "non_striker": "Yuvraj Singh",
              "runs": {
                "batsman": 0,
                "extras": 1,
                "total": 1
              }
            }
          },
          {
            "14.3": {
              "batsman": "DPMD Jayawardene",
              "bowler": "LR Shukla",
              "non_striker": "Yuvraj Singh",
              "runs": {
                "batsman": 1,
                "extras": 0,
                "total": 1
              }
            }
          },
          {
            "14.4": {
              "batsman": "Yuvraj Singh",
              "bowler": "LR Shukla",
              "non_striker": "DPMD Jayawardene",
              "runs": {
                "batsman": 0,
                "extras": 0,
                "total": 0
              }
            }
          },
          {
            "14.5": {
              "batsman": "Yuvraj Singh",
              "bowler": "LR Shukla",
              "non_striker": "DPMD Jayawardene",
              "runs": {
                "batsman": 4,
                "extras": 0,
                "total": 4
              }
            }
          },
          {
            "14.6": {
              "batsman": "Yuvraj Singh",
              "bowler": "LR Shukla",
              "non_striker": "DPMD Jayawardene",
              "runs": {
                "batsman": 6,
                "extras": 0,
                "total": 6
              }
            }
          },
          {
            "14.7": {
              "batsman": "Yuvraj Singh",
              "bowler": "LR Shukla",
              "extras": {
                "wides": 1
              },
              "non_striker": "DPMD Jayawardene",
              "runs": {
                "batsman": 0,
                "extras": 1,
                "total": 1
              }
            }
          },
          {
            "14.8": {
              "batsman": "Yuvraj Singh",
              "bowler": "LR Shukla",
              "non_striker": "DPMD Jayawardene",
              "runs": {
                "batsman": 0,
                "extras": 0,
                "total": 0
              }
            }
          },
          {
            "15.1": {
              "batsman": "DPMD Jayawardene",
              "bowler": "MC Henriques",
              "non_striker": "Yuvraj Singh",
              "runs": {
                "batsman": 0,
                "extras": 0,
                "total": 0
              }
            }
          },
          {
            "15.2": {
              "batsman": "DPMD Jayawardene",
              "bowler": "MC Henriques",
              "non_striker": "Yuvraj Singh",
              "runs": {
                "batsman": 1,
                "extras": 0,
                "total": 1
              }
            }
          },
          {
            "15.3": {
              "batsman": "Yuvraj Singh",
              "bowler": "MC Henriques",
              "non_striker": "DPMD Jayawardene",
              "runs": {
                "batsman": 4,
                "extras": 0,
                "total": 4
              }
            }
          },
          {
            "15.4": {
              "batsman": "Yuvraj Singh",
              "bowler": "MC Henriques",
              "non_striker": "DPMD Jayawardene",
              "runs": {
                "batsman": 0,
                "extras": 0,
                "total": 0
              },
              "wicket": {
                "fielders": [
                  "Yashpal Singh"
                ],
                "kind": "caught",
                "player_out": "Yuvraj Singh"
              }
            }
          },
          {
            "15.5": {
              "batsman": "DPMD Jayawardene",
              "bowler": "MC Henriques",
              "non_striker": "T Kohli",
              "runs": {
                "batsman": 1,
                "extras": 0,
                "total": 1
              }
            }
          },
          {
            "15.6": {
              "batsman": "T Kohli",
              "bowler": "MC Henriques",
              "non_striker": "DPMD Jayawardene",
              "runs": {
                "batsman": 0,
                "extras": 0,
                "total": 0
              }
            }
          },
          {
            "16.1": {
              "batsman": "DPMD Jayawardene",
              "bowler": "M Kartik",
              "non_striker": "T Kohli",
              "runs": {
                "batsman": 4,
                "extras": 0,
                "total": 4
              }
            }
          },
          {
            "16.2": {
              "batsman": "DPMD Jayawardene",
              "bowler": "M Kartik",
              "non_striker": "T Kohli",
              "runs": {
                "batsman": 0,
                "extras": 0,
                "total": 0
              }
            }
          },
          {
            "16.3": {
              "batsman": "DPMD Jayawardene",
              "bowler": "M Kartik",
              "non_striker": "T Kohli",
              "runs": {
                "batsman": 1,
                "extras": 0,
                "total": 1
              }
            }
          },
          {
            "16.4": {
              "batsman": "T Kohli",
              "bowler": "M Kartik",
              "non_striker": "DPMD Jayawardene",
              "runs": {
                "batsman": 0,
                "extras": 0,
                "total": 0
              }
            }
          },
          {
            "16.5": {
              "batsman": "T Kohli",
              "bowler": "M Kartik",
              "non_striker": "DPMD Jayawardene",
              "runs": {
                "batsman": 1,
                "extras": 0,
                "total": 1
              }
            }
          },
          {
            "16.6": {
              "batsman": "DPMD Jayawardene",
              "bowler": "M Kartik",
              "non_striker": "T Kohli",
              "runs": {
                "batsman": 1,
                "extras": 0,
                "total": 1
              }
            }
          },
          {
            "17.1": {
              "batsman": "DPMD Jayawardene",
              "bowler": "AB Dinda",
              "non_striker": "T Kohli",
              "runs": {
                "batsman": 1,
                "extras": 0,
                "total": 1
              }
            }
          },
          {
            "17.2": {
              "batsman": "T Kohli",
              "bowler": "AB Dinda",
              "non_striker": "DPMD Jayawardene",
              "runs": {
                "batsman": 0,
                "extras": 0,
                "total": 0
              },
              "wicket": {
                "fielders": [
                  "BB McCullum"
                ],
                "kind": "caught",
                "player_out": "T Kohli"
              }
            }
          },
          {
            "17.3": {
              "batsman": "DPMD Jayawardene",
              "bowler": "AB Dinda",
              "non_striker": "PP Chawla",
              "runs": {
                "batsman": 1,
                "extras": 0,
                "total": 1
              }
            }
          },
          {
            "17.4": {
              "batsman": "PP Chawla",
              "bowler": "AB Dinda",
              "non_striker": "DPMD Jayawardene",
              "runs": {
                "batsman": 2,
                "extras": 0,
                "total": 2
              }
            }
          },
          {
            "17.5": {
              "batsman": "PP Chawla",
              "bowler": "AB Dinda",
              "non_striker": "DPMD Jayawardene",
              "runs": {
                "batsman": 0,
                "extras": 0,
                "total": 0
              }
            }
          },
          {
            "17.6": {
              "batsman": "PP Chawla",
              "bowler": "AB Dinda",
              "non_striker": "DPMD Jayawardene",
              "runs": {
                "batsman": 0,
                "extras": 0,
                "total": 0
              }
            }
          },
          {
            "18.1": {
              "batsman": "DPMD Jayawardene",
              "bowler": "MC Henriques",
              "non_striker": "PP Chawla",
              "runs": {
                "batsman": 0,
                "extras": 0,
                "total": 0
              }
            }
          },
          {
            "18.2": {
              "batsman": "DPMD Jayawardene",
              "bowler": "MC Henriques",
              "non_striker": "PP Chawla",
              "runs": {
                "batsman": 4,
                "extras": 0,
                "total": 4
              }
            }
          },
          {
            "18.3": {
              "batsman": "DPMD Jayawardene",
              "bowler": "MC Henriques",
              "non_striker": "PP Chawla",
              "runs": {
                "batsman": 1,
                "extras": 0,
                "total": 1
              }
            }
          },
          {
            "18.4": {
              "batsman": "PP Chawla",
              "bowler": "MC Henriques",
              "extras": {
                "wides": 1
              },
              "non_striker": "DPMD Jayawardene",
              "runs": {
                "batsman": 0,
                "extras": 1,
                "total": 1
              }
            }
          },
          {
            "18.5": {
              "batsman": "PP Chawla",
              "bowler": "MC Henriques",
              "non_striker": "DPMD Jayawardene",
              "runs": {
                "batsman": 0,
                "extras": 0,
                "total": 0
              }
            }
          },
          {
            "18.6": {
              "batsman": "PP Chawla",
              "bowler": "MC Henriques",
              "non_striker": "DPMD Jayawardene",
              "runs": {
                "batsman": 1,
                "extras": 0,
                "total": 1
              }
            }
          },
          {
            "18.7": {
              "batsman": "DPMD Jayawardene",
              "bowler": "MC Henriques",
              "non_striker": "PP Chawla",
              "runs": {
                "batsman": 1,
                "extras": 0,
                "total": 1
              }
            }
          },
          {
            "19.1": {
              "batsman": "DPMD Jayawardene",
              "bowler": "AB Dinda",
              "non_striker": "PP Chawla",
              "runs": {
                "batsman": 4,
                "extras": 0,
                "total": 4
              }
            }
          },
          {
            "19.2": {
              "batsman": "DPMD Jayawardene",
              "bowler": "AB Dinda",
              "non_striker": "PP Chawla",
              "runs": {
                "batsman": 6,
                "extras": 0,
                "total": 6
              }
            }
          },
          {
            "19.3": {
              "batsman": "DPMD Jayawardene",
              "bowler": "AB Dinda",
              "non_striker": "PP Chawla",
              "runs": {
                "batsman": 2,
                "extras": 0,
                "total": 2
              }
            }
          },
          {
            "19.4": {
              "batsman": "DPMD Jayawardene",
              "bowler": "AB Dinda",
              "extras": {
                "wides": 1
              },
              "non_striker": "PP Chawla",
              "runs": {
                "batsman": 0,
                "extras": 1,
                "total": 1
              }
            }
          },
          {
            "19.5": {
              "batsman": "DPMD Jayawardene",
              "bowler": "AB Dinda",
              "non_striker": "PP Chawla",
              "runs": {
                "batsman": 1,
                "extras": 0,
                "total": 1
              }
            }
          },
          {
            "19.6": {
              "batsman": "PP Chawla",
              "bowler": "AB Dinda",
              "extras": {
                "byes": 1
              },
              "non_striker": "DPMD Jayawardene",
              "runs": {
                "batsman": 0,
                "extras": 1,
                "total": 1
              }
            }
          },
          {
            "19.7": {
              "batsman": "DPMD Jayawardene",
              "bowler": "AB Dinda",
              "non_striker": "PP Chawla",
              "runs": {
                "batsman": 1,
                "extras": 0,
                "total": 1
              }
            }
          }
        ]
      }
    },
    {
      "2nd innings": {
        "team": "Kolkata Knight Riders",
        "deliveries": [
          {
            "0.1": {
              "batsman": "BB McCullum",
              "bowler": "IK Pathan",
              "non_striker": "CH Gayle",
              "runs": {
                "batsman": 0,
                "extras": 0,
                "total": 0
              }
            }
          },
          {
            "0.2": {
              "batsman": "BB McCullum",
              "bowler": "IK Pathan",
              "non_striker": "CH Gayle",
              "runs": {
                "batsman": 0,
                "extras": 0,
                "total": 0
              }
            }
          },
          {
            "0.3": {
              "batsman": "BB McCullum",
              "bowler": "IK Pathan",
              "non_striker": "CH Gayle",
              "runs": {
                "batsman": 0,
                "extras": 0,
                "total": 0
              }
            }
          },
          {
            "0.4": {
              "batsman": "BB McCullum",
              "bowler": "IK Pathan",
              "non_striker": "CH Gayle",
              "runs": {
                "batsman": 1,
                "extras": 0,
                "total": 1
              }
            }
          },
          {
            "0.5": {
              "batsman": "CH Gayle",
              "bowler": "IK Pathan",
              "non_striker": "BB McCullum",
              "runs": {
                "batsman": 0,
                "extras": 0,
                "total": 0
              }
            }
          },
          {
            "0.6": {
              "batsman": "CH Gayle",
              "bowler": "IK Pathan",
              "extras": {
                "wides": 1
              },
              "non_striker": "BB McCullum",
              "runs": {
                "batsman": 0,
                "extras": 1,
                "total": 1
              }
            }
          },
          {
            "0.7": {
              "batsman": "CH Gayle",
              "bowler": "IK Pathan",
              "non_striker": "BB McCullum",
              "runs": {
                "batsman": 1,
                "extras": 0,
                "total": 1
              }
            }
          },
          {
            "1.1": {
              "batsman": "CH Gayle",
              "bowler": "YA Abdulla",
              "non_striker": "BB McCullum",
              "runs": {
                "batsman": 1,
                "extras": 0,
                "total": 1
              }
            }
          },
          {
            "1.2": {
              "batsman": "BB McCullum",
              "bowler": "YA Abdulla",
              "non_striker": "CH Gayle",
              "runs": {
                "batsman": 0,
                "extras": 0,
                "total": 0
              }
            }
          },
          {
            "1.3": {
              "batsman": "BB McCullum",
              "bowler": "YA Abdulla",
              "non_striker": "CH Gayle",
              "runs": {
                "batsman": 0,
                "extras": 0,
                "total": 0
              }
            }
          },
          {
            "1.4": {
              "batsman": "BB McCullum",
              "bowler": "YA Abdulla",
              "extras": {
                "wides": 1
              },
              "non_striker": "CH Gayle",
              "runs": {
                "batsman": 0,
                "extras": 1,
                "total": 1
              }
            }
          },
          {
            "1.5": {
              "batsman": "BB McCullum",
              "bowler": "YA Abdulla",
              "non_striker": "CH Gayle",
              "runs": {
                "batsman": 1,
                "extras": 0,
                "total": 1
              }
            }
          },
          {
            "1.6": {
              "batsman": "CH Gayle",
              "bowler": "YA Abdulla",
              "extras": {
                "wides": 1
              },
              "non_striker": "BB McCullum",
              "runs": {
                "batsman": 0,
                "extras": 1,
                "total": 1
              }
            }
          },
          {
            "1.7": {
              "batsman": "CH Gayle",
              "bowler": "YA Abdulla",
              "non_striker": "BB McCullum",
              "runs": {
                "batsman": 0,
                "extras": 0,
                "total": 0
              }
            }
          },
          {
            "1.8": {
              "batsman": "CH Gayle",
              "bowler": "YA Abdulla",
              "non_striker": "BB McCullum",
              "runs": {
                "batsman": 2,
                "extras": 0,
                "total": 2
              }
            }
          },
          {
            "2.1": {
              "batsman": "BB McCullum",
              "bowler": "IK Pathan",
              "non_striker": "CH Gayle",
              "runs": {
                "batsman": 1,
                "extras": 0,
                "total": 1
              }
            }
          },
          {
            "2.2": {
              "batsman": "CH Gayle",
              "bowler": "IK Pathan",
              "non_striker": "BB McCullum",
              "runs": {
                "batsman": 0,
                "extras": 0,
                "total": 0
              }
            }
          },
          {
            "2.3": {
              "batsman": "CH Gayle",
              "bowler": "IK Pathan",
              "non_striker": "BB McCullum",
              "runs": {
                "batsman": 0,
                "extras": 0,
                "total": 0
              }
            }
          },
          {
            "2.4": {
              "batsman": "CH Gayle",
              "bowler": "IK Pathan",
              "non_striker": "BB McCullum",
              "runs": {
                "batsman": 0,
                "extras": 0,
                "total": 0
              }
            }
          },
          {
            "2.5": {
              "batsman": "CH Gayle",
              "bowler": "IK Pathan",
              "non_striker": "BB McCullum",
              "runs": {
                "batsman": 6,
                "extras": 0,
                "total": 6
              }
            }
          },
          {
            "2.6": {
              "batsman": "CH Gayle",
              "bowler": "IK Pathan",
              "non_striker": "BB McCullum",
              "runs": {
                "batsman": 0,
                "extras": 0,
                "total": 0
              }
            }
          },
          {
            "3.1": {
              "batsman": "BB McCullum",
              "bowler": "YA Abdulla",
              "non_striker": "CH Gayle",
              "runs": {
                "batsman": 0,
                "extras": 0,
                "total": 0
              }
            }
          },
          {
            "3.2": {
              "batsman": "BB McCullum",
              "bowler": "YA Abdulla",
              "non_striker": "CH Gayle",
              "runs": {
                "batsman": 1,
                "extras": 0,
                "total": 1
              }
            }
          },
          {
            "3.3": {
              "batsman": "CH Gayle",
              "bowler": "YA Abdulla",
              "non_striker": "BB McCullum",
              "runs": {
                "batsman": 6,
                "extras": 0,
                "total": 6
              }
            }
          },
          {
            "3.4": {
              "batsman": "CH Gayle",
              "bowler": "YA Abdulla",
              "non_striker": "BB McCullum",
              "runs": {
                "batsman": 1,
                "extras": 0,
                "total": 1
              }
            }
          },
          {
            "3.5": {
              "batsman": "BB McCullum",
              "bowler": "YA Abdulla",
              "non_striker": "CH Gayle",
              "runs": {
                "batsman": 6,
                "extras": 0,
                "total": 6
              }
            }
          },
          {
            "3.6": {
              "batsman": "BB McCullum",
              "bowler": "YA Abdulla",
              "non_striker": "CH Gayle",
              "runs": {
                "batsman": 0,
                "extras": 0,
                "total": 0
              }
            }
          },
          {
            "4.1": {
              "batsman": "CH Gayle",
              "bowler": "IK Pathan",
              "non_striker": "BB McCullum",
              "runs": {
                "batsman": 4,
                "extras": 0,
                "total": 4
              }
            }
          },
          {
            "4.2": {
              "batsman": "CH Gayle",
              "bowler": "IK Pathan",
              "non_striker": "BB McCullum",
              "runs": {
                "batsman": 4,
                "extras": 0,
                "total": 4
              }
            }
          },
          {
            "4.3": {
              "batsman": "CH Gayle",
              "bowler": "IK Pathan",
              "non_striker": "BB McCullum",
              "runs": {
                "batsman": 6,
                "extras": 0,
                "total": 6
              }
            }
          },
          {
            "4.4": {
              "batsman": "CH Gayle",
              "bowler": "IK Pathan",
              "non_striker": "BB McCullum",
              "runs": {
                "batsman": 1,
                "extras": 0,
                "total": 1
              }
            }
          },
          {
            "4.5": {
              "batsman": "BB McCullum",
              "bowler": "IK Pathan",
              "non_striker": "CH Gayle",
              "runs": {
                "batsman": 1,
                "extras": 0,
                "total": 1
              }
            }
          },
          {
            "4.6": {
              "batsman": "CH Gayle",
              "bowler": "IK Pathan",
              "extras": {
                "wides": 1
              },
              "non_striker": "BB McCullum",
              "runs": {
                "batsman": 0,
                "extras": 1,
                "total": 1
              }
            }
          },
          {
            "4.7": {
              "batsman": "CH Gayle",
              "bowler": "IK Pathan",
              "non_striker": "BB McCullum",
              "runs": {
                "batsman": 0,
                "extras": 0,
                "total": 0
              }
            }
          },
          {
            "5.1": {
              "batsman": "BB McCullum",
              "bowler": "VS Malik",
              "non_striker": "CH Gayle",
              "runs": {
                "batsman": 4,
                "extras": 0,
                "total": 4
              }
            }
          },
          {
            "5.2": {
              "batsman": "BB McCullum",
              "bowler": "VS Malik",
              "non_striker": "CH Gayle",
              "runs": {
                "batsman": 6,
                "extras": 0,
                "total": 6
              }
            }
          },
          {
            "5.3": {
              "batsman": "BB McCullum",
              "bowler": "VS Malik",
              "non_striker": "CH Gayle",
              "runs": {
                "batsman": 0,
                "extras": 0,
                "total": 0
              },
              "wicket": {
                "fielders": [
                  "KC Sangakkara"
                ],
                "kind": "caught",
                "player_out": "BB McCullum"
              }
            }
          },
          {
            "5.4": {
              "batsman": "BJ Hodge",
              "bowler": "VS Malik",
              "non_striker": "CH Gayle",
              "runs": {
                "batsman": 2,
                "extras": 0,
                "total": 2
              }
            }
          },
          {
            "5.5": {
              "batsman": "BJ Hodge",
              "bowler": "VS Malik",
              "non_striker": "CH Gayle",
              "runs": {
                "batsman": 0,
                "extras": 0,
                "total": 0
              }
            }
          },
          {
            "5.6": {
              "batsman": "BJ Hodge",
              "bowler": "VS Malik",
              "non_striker": "CH Gayle",
              "runs": {
                "batsman": 1,
                "extras": 0,
                "total": 1
              }
            }
          },
          {
            "6.1": {
              "batsman": "BJ Hodge",
              "bowler": "PP Chawla",
              "non_striker": "CH Gayle",
              "runs": {
                "batsman": 1,
                "extras": 0,
                "total": 1
              }
            }
          },
          {
            "6.2": {
              "batsman": "CH Gayle",
              "bowler": "PP Chawla",
              "non_striker": "BJ Hodge",
              "runs": {
                "batsman": 0,
                "extras": 0,
                "total": 0
              }
            }
          },
          {
            "6.3": {
              "batsman": "CH Gayle",
              "bowler": "PP Chawla",
              "non_striker": "BJ Hodge",
              "runs": {
                "batsman": 2,
                "extras": 0,
                "total": 2
              }
            }
          },
          {
            "6.4": {
              "batsman": "CH Gayle",
              "bowler": "PP Chawla",
              "non_striker": "BJ Hodge",
              "runs": {
                "batsman": 1,
                "extras": 0,
                "total": 1
              }
            }
          },
          {
            "6.5": {
              "batsman": "BJ Hodge",
              "bowler": "PP Chawla",
              "non_striker": "CH Gayle",
              "runs": {
                "batsman": 1,
                "extras": 0,
                "total": 1
              }
            }
          },
          {
            "6.6": {
              "batsman": "CH Gayle",
              "bowler": "PP Chawla",
              "non_striker": "BJ Hodge",
              "runs": {
                "batsman": 1,
                "extras": 0,
                "total": 1
              }
            }
          },
          {
            "7.1": {
              "batsman": "CH Gayle",
              "bowler": "VS Malik",
              "non_striker": "BJ Hodge",
              "runs": {
                "batsman": 1,
                "extras": 0,
                "total": 1
              }
            }
          },
          {
            "7.2": {
              "batsman": "BJ Hodge",
              "bowler": "VS Malik",
              "non_striker": "CH Gayle",
              "runs": {
                "batsman": 0,
                "extras": 0,
                "total": 0
              }
            }
          },
          {
            "7.3": {
              "batsman": "BJ Hodge",
              "bowler": "VS Malik",
              "non_striker": "CH Gayle",
              "runs": {
                "batsman": 3,
                "extras": 0,
                "total": 3
              }
            }
          },
          {
            "7.4": {
              "batsman": "CH Gayle",
              "bowler": "VS Malik",
              "non_striker": "BJ Hodge",
              "runs": {
                "batsman": 0,
                "extras": 0,
                "total": 0
              }
            }
          },
          {
            "7.5": {
              "batsman": "CH Gayle",
              "bowler": "VS Malik",
              "non_striker": "BJ Hodge",
              "runs": {
                "batsman": 0,
                "extras": 0,
                "total": 0
              }
            }
          },
          {
            "7.6": {
              "batsman": "CH Gayle",
              "bowler": "VS Malik",
              "non_striker": "BJ Hodge",
              "runs": {
                "batsman": 6,
                "extras": 0,
                "total": 6
              }
            }
          },
          {
            "8.1": {
              "batsman": "BJ Hodge",
              "bowler": "PP Chawla",
              "non_striker": "CH Gayle",
              "runs": {
                "batsman": 0,
                "extras": 0,
                "total": 0
              }
            }
          },
          {
            "8.2": {
              "batsman": "BJ Hodge",
              "bowler": "PP Chawla",
              "non_striker": "CH Gayle",
              "runs": {
                "batsman": 0,
                "extras": 0,
                "total": 0
              }
            }
          },
          {
            "8.3": {
              "batsman": "BJ Hodge",
              "bowler": "PP Chawla",
              "non_striker": "CH Gayle",
              "runs": {
                "batsman": 0,
                "extras": 0,
                "total": 0
              }
            }
          },
          {
            "8.4": {
              "batsman": "BJ Hodge",
              "bowler": "PP Chawla",
              "non_striker": "CH Gayle",
              "runs": {
                "batsman": 0,
                "extras": 0,
                "total": 0
              }
            }
          },
          {
            "8.5": {
              "batsman": "BJ Hodge",
              "bowler": "PP Chawla",
              "non_striker": "CH Gayle",
              "runs": {
                "batsman": 2,
                "extras": 0,
                "total": 2
              }
            }
          },
          {
            "8.6": {
              "batsman": "BJ Hodge",
              "bowler": "PP Chawla",
              "non_striker": "CH Gayle",
              "runs": {
                "batsman": 0,
                "extras": 0,
                "total": 0
              }
            }
          },
          {
            "9.1": {
              "batsman": "CH Gayle",
              "bowler": "RS Bopara",
              "non_striker": "BJ Hodge",
              "runs": {
                "batsman": 1,
                "extras": 0,
                "total": 1
              }
            }
          },
          {
            "9.2": {
              "batsman": "BJ Hodge",
              "bowler": "RS Bopara",
              "non_striker": "CH Gayle",
              "runs": {
                "batsman": 0,
                "extras": 0,
                "total": 0
              }
            }
          }
        ]
      }
    }
  ]
}