{
  "meta": {
    "data_version": 0.9,
    "created": "2011-05-02T00:00:00.000Z",
    "revision": 2
  },
  "info": {
    "city": "Johannesburg",
    "competition": "IPL",
    "dates": [
      "2009-05-03T00:00:00.000Z"
    ],
    "gender": "male",
    "match_type": "T20",
    "neutral_venue": 1,
    "outcome": {
      "by": {
        "wickets": 9
      },
      "winner": "Royal Challengers Bangalore"
    },
    "overs": 20,
    "player_of_match": [
      "JH Kallis"
    ],
    "teams": [
      "Royal Challengers Bangalore",
      "Mumbai Indians"
    ],
    "toss": {
      "decision": "bat",
      "winner": "Mumbai Indians"
    },
    "umpires": [
      "RE Koertzen",
      "TH Wijewardene"
    ],
    "venue": "New Wanderers Stadium"
  },
  "innings": [
    {
      "1st innings": {
        "team": "Mumbai Indians",
        "deliveries": [
          {
            "0.1": {
              "batsman": "ST Jayasuriya",
              "bowler": "P Kumar",
              "non_striker": "SR Tendulkar",
              "runs": {
                "batsman": 0,
                "extras": 0,
                "total": 0
              }
            }
          },
          {
            "0.2": {
              "batsman": "ST Jayasuriya",
              "bowler": "P Kumar",
              "non_striker": "SR Tendulkar",
              "runs": {
                "batsman": 0,
                "extras": 0,
                "total": 0
              }
            }
          },
          {
            "0.3": {
              "batsman": "ST Jayasuriya",
              "bowler": "P Kumar",
              "non_striker": "SR Tendulkar",
              "runs": {
                "batsman": 0,
                "extras": 0,
                "total": 0
              }
            }
          },
          {
            "0.4": {
              "batsman": "ST Jayasuriya",
              "bowler": "P Kumar",
              "non_striker": "SR Tendulkar",
              "runs": {
                "batsman": 0,
                "extras": 0,
                "total": 0
              }
            }
          },
          {
            "0.5": {
              "batsman": "ST Jayasuriya",
              "bowler": "P Kumar",
              "non_striker": "SR Tendulkar",
              "runs": {
                "batsman": 0,
                "extras": 0,
                "total": 0
              }
            }
          },
          {
            "0.6": {
              "batsman": "ST Jayasuriya",
              "bowler": "P Kumar",
              "non_striker": "SR Tendulkar",
              "runs": {
                "batsman": 0,
                "extras": 0,
                "total": 0
              }
            }
          },
          {
            "1.1": {
              "batsman": "SR Tendulkar",
              "bowler": "JH Kallis",
              "non_striker": "ST Jayasuriya",
              "runs": {
                "batsman": 1,
                "extras": 0,
                "total": 1
              }
            }
          },
          {
            "1.2": {
              "batsman": "ST Jayasuriya",
              "bowler": "JH Kallis",
              "extras": {
                "wides": 3
              },
              "non_striker": "SR Tendulkar",
              "runs": {
                "batsman": 0,
                "extras": 3,
                "total": 3
              }
            }
          },
          {
            "1.3": {
              "batsman": "ST Jayasuriya",
              "bowler": "JH Kallis",
              "non_striker": "SR Tendulkar",
              "runs": {
                "batsman": 4,
                "extras": 0,
                "total": 4
              }
            }
          },
          {
            "1.4": {
              "batsman": "ST Jayasuriya",
              "bowler": "JH Kallis",
              "non_striker": "SR Tendulkar",
              "runs": {
                "batsman": 0,
                "extras": 0,
                "total": 0
              }
            }
          },
          {
            "1.5": {
              "batsman": "ST Jayasuriya",
              "bowler": "JH Kallis",
              "non_striker": "SR Tendulkar",
              "runs": {
                "batsman": 2,
                "extras": 0,
                "total": 2
              }
            }
          },
          {
            "1.6": {
              "batsman": "ST Jayasuriya",
              "bowler": "JH Kallis",
              "non_striker": "SR Tendulkar",
              "runs": {
                "batsman": 1,
                "extras": 0,
                "total": 1
              }
            }
          },
          {
            "1.7": {
              "batsman": "SR Tendulkar",
              "bowler": "JH Kallis",
              "non_striker": "ST Jayasuriya",
              "runs": {
                "batsman": 1,
                "extras": 0,
                "total": 1
              }
            }
          },
          {
            "2.1": {
              "batsman": "SR Tendulkar",
              "bowler": "P Kumar",
              "non_striker": "ST Jayasuriya",
              "runs": {
                "batsman": 4,
                "extras": 0,
                "total": 4
              }
            }
          },
          {
            "2.2": {
              "batsman": "SR Tendulkar",
              "bowler": "P Kumar",
              "non_striker": "ST Jayasuriya",
              "runs": {
                "batsman": 0,
                "extras": 0,
                "total": 0
              }
            }
          },
          {
            "2.3": {
              "batsman": "SR Tendulkar",
              "bowler": "P Kumar",
              "non_striker": "ST Jayasuriya",
              "runs": {
                "batsman": 0,
                "extras": 0,
                "total": 0
              }
            }
          },
          {
            "2.4": {
              "batsman": "SR Tendulkar",
              "bowler": "P Kumar",
              "non_striker": "ST Jayasuriya",
              "runs": {
                "batsman": 0,
                "extras": 0,
                "total": 0
              }
            }
          },
          {
            "2.5": {
              "batsman": "SR Tendulkar",
              "bowler": "P Kumar",
              "non_striker": "ST Jayasuriya",
              "runs": {
                "batsman": 4,
                "extras": 0,
                "total": 4
              }
            }
          },
          {
            "2.6": {
              "batsman": "SR Tendulkar",
              "bowler": "P Kumar",
              "non_striker": "ST Jayasuriya",
              "runs": {
                "batsman": 1,
                "extras": 0,
                "total": 1
              }
            }
          },
          {
            "3.1": {
              "batsman": "SR Tendulkar",
              "bowler": "D du Preez",
              "non_striker": "ST Jayasuriya",
              "runs": {
                "batsman": 0,
                "extras": 0,
                "total": 0
              }
            }
          },
          {
            "3.2": {
              "batsman": "SR Tendulkar",
              "bowler": "D du Preez",
              "non_striker": "ST Jayasuriya",
              "runs": {
                "batsman": 0,
                "extras": 0,
                "total": 0
              }
            }
          },
          {
            "3.3": {
              "batsman": "SR Tendulkar",
              "bowler": "D du Preez",
              "non_striker": "ST Jayasuriya",
              "runs": {
                "batsman": 0,
                "extras": 0,
                "total": 0
              },
              "wicket": {
                "fielders": [
                  "R Dravid"
                ],
                "kind": "caught",
                "player_out": "SR Tendulkar"
              }
            }
          },
          {
            "3.4": {
              "batsman": "AM Rahane",
              "bowler": "D du Preez",
              "non_striker": "ST Jayasuriya",
              "runs": {
                "batsman": 0,
                "extras": 0,
                "total": 0
              },
              "wicket": {
                "fielders": [
                  "RV Uthappa"
                ],
                "kind": "caught",
                "player_out": "AM Rahane"
              }
            }
          },
          {
            "3.5": {
              "batsman": "JP Duminy",
              "bowler": "D du Preez",
              "non_striker": "ST Jayasuriya",
              "runs": {
                "batsman": 0,
                "extras": 0,
                "total": 0
              }
            }
          },
          {
            "3.6": {
              "batsman": "JP Duminy",
              "bowler": "D du Preez",
              "non_striker": "ST Jayasuriya",
              "runs": {
                "batsman": 0,
                "extras": 0,
                "total": 0
              }
            }
          },
          {
            "4.1": {
              "batsman": "ST Jayasuriya",
              "bowler": "JH Kallis",
              "non_striker": "JP Duminy",
              "runs": {
                "batsman": 0,
                "extras": 0,
                "total": 0
              }
            }
          },
          {
            "4.2": {
              "batsman": "ST Jayasuriya",
              "bowler": "JH Kallis",
              "non_striker": "JP Duminy",
              "runs": {
                "batsman": 0,
                "extras": 0,
                "total": 0
              }
            }
          },
          {
            "4.3": {
              "batsman": "ST Jayasuriya",
              "bowler": "JH Kallis",
              "non_striker": "JP Duminy",
              "runs": {
                "batsman": 0,
                "extras": 0,
                "total": 0
              }
            }
          },
          {
            "4.4": {
              "batsman": "ST Jayasuriya",
              "bowler": "JH Kallis",
              "non_striker": "JP Duminy",
              "runs": {
                "batsman": 1,
                "extras": 0,
                "total": 1
              }
            }
          },
          {
            "4.5": {
              "batsman": "JP Duminy",
              "bowler": "JH Kallis",
              "non_striker": "ST Jayasuriya",
              "runs": {
                "batsman": 0,
                "extras": 0,
                "total": 0
              }
            }
          },
          {
            "4.6": {
              "batsman": "JP Duminy",
              "bowler": "JH Kallis",
              "non_striker": "ST Jayasuriya",
              "runs": {
                "batsman": 1,
                "extras": 0,
                "total": 1
              }
            }
          },
          {
            "5.1": {
              "batsman": "JP Duminy",
              "bowler": "D du Preez",
              "non_striker": "ST Jayasuriya",
              "runs": {
                "batsman": 0,
                "extras": 0,
                "total": 0
              }
            }
          },
          {
            "5.2": {
              "batsman": "JP Duminy",
              "bowler": "D du Preez",
              "non_striker": "ST Jayasuriya",
              "runs": {
                "batsman": 0,
                "extras": 0,
                "total": 0
              },
              "wicket": {
                "fielders": [
                  "MV Boucher"
                ],
                "kind": "caught",
                "player_out": "JP Duminy"
              }
            }
          },
          {
            "5.3": {
              "batsman": "DJ Bravo",
              "bowler": "D du Preez",
              "non_striker": "ST Jayasuriya",
              "runs": {
                "batsman": 1,
                "extras": 0,
                "total": 1
              }
            }
          },
          {
            "5.4": {
              "batsman": "ST Jayasuriya",
              "bowler": "D du Preez",
              "non_striker": "DJ Bravo",
              "runs": {
                "batsman": 0,
                "extras": 0,
                "total": 0
              }
            }
          },
          {
            "5.5": {
              "batsman": "ST Jayasuriya",
              "bowler": "D du Preez",
              "non_striker": "DJ Bravo",
              "runs": {
                "batsman": 0,
                "extras": 0,
                "total": 0
              }
            }
          },
          {
            "5.6": {
              "batsman": "ST Jayasuriya",
              "bowler": "D du Preez",
              "non_striker": "DJ Bravo",
              "runs": {
                "batsman": 1,
                "extras": 0,
                "total": 1
              }
            }
          },
          {
            "6.1": {
              "batsman": "ST Jayasuriya",
              "bowler": "JH Kallis",
              "non_striker": "DJ Bravo",
              "runs": {
                "batsman": 0,
                "extras": 0,
                "total": 0
              }
            }
          },
          {
            "6.2": {
              "batsman": "ST Jayasuriya",
              "bowler": "JH Kallis",
              "non_striker": "DJ Bravo",
              "runs": {
                "batsman": 1,
                "extras": 0,
                "total": 1
              }
            }
          },
          {
            "6.3": {
              "batsman": "DJ Bravo",
              "bowler": "JH Kallis",
              "non_striker": "ST Jayasuriya",
              "runs": {
                "batsman": 0,
                "extras": 0,
                "total": 0
              }
            }
          },
          {
            "6.4": {
              "batsman": "DJ Bravo",
              "bowler": "JH Kallis",
              "non_striker": "ST Jayasuriya",
              "runs": {
                "batsman": 1,
                "extras": 0,
                "total": 1
              }
            }
          },
          {
            "6.5": {
              "batsman": "ST Jayasuriya",
              "bowler": "JH Kallis",
              "non_striker": "DJ Bravo",
              "runs": {
                "batsman": 1,
                "extras": 0,
                "total": 1
              }
            }
          },
          {
            "6.6": {
              "batsman": "DJ Bravo",
              "bowler": "JH Kallis",
              "non_striker": "ST Jayasuriya",
              "runs": {
                "batsman": 0,
                "extras": 0,
                "total": 0
              }
            }
          },
          {
            "7.1": {
              "batsman": "ST Jayasuriya",
              "bowler": "D du Preez",
              "non_striker": "DJ Bravo",
              "runs": {
                "batsman": 3,
                "extras": 0,
                "total": 3
              }
            }
          },
          {
            "7.2": {
              "batsman": "DJ Bravo",
              "bowler": "D du Preez",
              "non_striker": "ST Jayasuriya",
              "runs": {
                "batsman": 0,
                "extras": 0,
                "total": 0
              }
            }
          },
          {
            "7.3": {
              "batsman": "DJ Bravo",
              "bowler": "D du Preez",
              "non_striker": "ST Jayasuriya",
              "runs": {
                "batsman": 0,
                "extras": 0,
                "total": 0
              }
            }
          },
          {
            "7.4": {
              "batsman": "DJ Bravo",
              "bowler": "D du Preez",
              "non_striker": "ST Jayasuriya",
              "runs": {
                "batsman": 1,
                "extras": 0,
                "total": 1
              }
            }
          },
          {
            "7.5": {
              "batsman": "ST Jayasuriya",
              "bowler": "D du Preez",
              "non_striker": "DJ Bravo",
              "runs": {
                "batsman": 4,
                "extras": 0,
                "total": 4
              }
            }
          },
          {
            "7.6": {
              "batsman": "ST Jayasuriya",
              "bowler": "D du Preez",
              "non_striker": "DJ Bravo",
              "runs": {
                "batsman": 6,
                "extras": 0,
                "total": 6
              }
            }
          },
          {
            "8.1": {
              "batsman": "DJ Bravo",
              "bowler": "JH Kallis",
              "non_striker": "ST Jayasuriya",
              "runs": {
                "batsman": 0,
                "extras": 0,
                "total": 0
              }
            }
          },
          {
            "8.2": {
              "batsman": "DJ Bravo",
              "bowler": "JH Kallis",
              "non_striker": "ST Jayasuriya",
              "runs": {
                "batsman": 0,
                "extras": 0,
                "total": 0
              }
            }
          },
          {
            "8.3": {
              "batsman": "DJ Bravo",
              "bowler": "JH Kallis",
              "non_striker": "ST Jayasuriya",
              "runs": {
                "batsman": 1,
                "extras": 0,
                "total": 1
              }
            }
          },
          {
            "8.4": {
              "batsman": "ST Jayasuriya",
              "bowler": "JH Kallis",
              "non_striker": "DJ Bravo",
              "runs": {
                "batsman": 4,
                "extras": 0,
                "total": 4
              }
            }
          },
          {
            "8.5": {
              "batsman": "ST Jayasuriya",
              "bowler": "JH Kallis",
              "non_striker": "DJ Bravo",
              "runs": {
                "batsman": 0,
                "extras": 0,
                "total": 0
              }
            }
          },
          {
            "8.6": {
              "batsman": "ST Jayasuriya",
              "bowler": "JH Kallis",
              "non_striker": "DJ Bravo",
              "runs": {
                "batsman": 1,
                "extras": 0,
                "total": 1
              }
            }
          },
          {
            "9.1": {
              "batsman": "ST Jayasuriya",
              "bowler": "R Vinay Kumar",
              "non_striker": "DJ Bravo",
              "runs": {
                "batsman": 0,
                "extras": 0,
                "total": 0
              }
            }
          },
          {
            "9.2": {
              "batsman": "ST Jayasuriya",
              "bowler": "R Vinay Kumar",
              "non_striker": "DJ Bravo",
              "runs": {
                "batsman": 4,
                "extras": 0,
                "total": 4
              }
            }
          },
          {
            "9.3": {
              "batsman": "ST Jayasuriya",
              "bowler": "R Vinay Kumar",
              "non_striker": "DJ Bravo",
              "runs": {
                "batsman": 1,
                "extras": 0,
                "total": 1
              }
            }
          },
          {
            "9.4": {
              "batsman": "DJ Bravo",
              "bowler": "R Vinay Kumar",
              "non_striker": "ST Jayasuriya",
              "runs": {
                "batsman": 0,
                "extras": 0,
                "total": 0
              }
            }
          },
          {
            "9.5": {
              "batsman": "DJ Bravo",
              "bowler": "R Vinay Kumar",
              "non_striker": "ST Jayasuriya",
              "runs": {
                "batsman": 0,
                "extras": 0,
                "total": 0
              }
            }
          },
          {
            "9.6": {
              "batsman": "DJ Bravo",
              "bowler": "R Vinay Kumar",
              "non_striker": "ST Jayasuriya",
              "runs": {
                "batsman": 0,
                "extras": 0,
                "total": 0
              }
            }
          },
          {
            "10.1": {
              "batsman": "ST Jayasuriya",
              "bowler": "A Kumble",
              "non_striker": "DJ Bravo",
              "runs": {
                "batsman": 3,
                "extras": 0,
                "total": 3
              }
            }
          },
          {
            "10.2": {
              "batsman": "DJ Bravo",
              "bowler": "A Kumble",
              "non_striker": "ST Jayasuriya",
              "runs": {
                "batsman": 2,
                "extras": 0,
                "total": 2
              }
            }
          },
          {
            "10.3": {
              "batsman": "DJ Bravo",
              "bowler": "A Kumble",
              "non_striker": "ST Jayasuriya",
              "runs": {
                "batsman": 1,
                "extras": 0,
                "total": 1
              }
            }
          },
          {
            "10.4": {
              "batsman": "ST Jayasuriya",
              "bowler": "A Kumble",
              "non_striker": "DJ Bravo",
              "runs": {
                "batsman": 1,
                "extras": 0,
                "total": 1
              }
            }
          },
          {
            "10.5": {
              "batsman": "DJ Bravo",
              "bowler": "A Kumble",
              "non_striker": "ST Jayasuriya",
              "runs": {
                "batsman": 0,
                "extras": 0,
                "total": 0
              }
            }
          },
          {
            "10.6": {
              "batsman": "DJ Bravo",
              "bowler": "A Kumble",
              "non_striker": "ST Jayasuriya",
              "runs": {
                "batsman": 1,
                "extras": 0,
                "total": 1
              }
            }
          },
          {
            "11.1": {
              "batsman": "DJ Bravo",
              "bowler": "R Vinay Kumar",
              "non_striker": "ST Jayasuriya",
              "runs": {
                "batsman": 1,
                "extras": 0,
                "total": 1
              }
            }
          },
          {
            "11.2": {
              "batsman": "ST Jayasuriya",
              "bowler": "R Vinay Kumar",
              "non_striker": "DJ Bravo",
              "runs": {
                "batsman": 1,
                "extras": 0,
                "total": 1
              }
            }
          },
          {
            "11.3": {
              "batsman": "DJ Bravo",
              "bowler": "R Vinay Kumar",
              "non_striker": "ST Jayasuriya",
              "runs": {
                "batsman": 1,
                "extras": 0,
                "total": 1
              }
            }
          },
          {
            "11.4": {
              "batsman": "ST Jayasuriya",
              "bowler": "R Vinay Kumar",
              "non_striker": "DJ Bravo",
              "runs": {
                "batsman": 1,
                "extras": 0,
                "total": 1
              }
            }
          },
          {
            "11.5": {
              "batsman": "DJ Bravo",
              "bowler": "R Vinay Kumar",
              "non_striker": "ST Jayasuriya",
              "runs": {
                "batsman": 1,
                "extras": 0,
                "total": 1
              }
            }
          },
          {
            "11.6": {
              "batsman": "ST Jayasuriya",
              "bowler": "R Vinay Kumar",
              "non_striker": "DJ Bravo",
              "runs": {
                "batsman": 1,
                "extras": 0,
                "total": 1
              }
            }
          },
          {
            "12.1": {
              "batsman": "ST Jayasuriya",
              "bowler": "A Kumble",
              "non_striker": "DJ Bravo",
              "runs": {
                "batsman": 4,
                "extras": 0,
                "total": 4
              }
            }
          },
          {
            "12.2": {
              "batsman": "ST Jayasuriya",
              "bowler": "A Kumble",
              "non_striker": "DJ Bravo",
              "runs": {
                "batsman": 0,
                "extras": 0,
                "total": 0
              }
            }
          },
          {
            "12.3": {
              "batsman": "ST Jayasuriya",
              "bowler": "A Kumble",
              "non_striker": "DJ Bravo",
              "runs": {
                "batsman": 0,
                "extras": 0,
                "total": 0
              }
            }
          },
          {
            "12.4": {
              "batsman": "ST Jayasuriya",
              "bowler": "A Kumble",
              "non_striker": "DJ Bravo",
              "runs": {
                "batsman": 1,
                "extras": 0,
                "total": 1
              }
            }
          },
          {
            "12.5": {
              "batsman": "DJ Bravo",
              "bowler": "A Kumble",
              "non_striker": "ST Jayasuriya",
              "runs": {
                "batsman": 1,
                "extras": 0,
                "total": 1
              }
            }
          },
          {
            "12.6": {
              "batsman": "ST Jayasuriya",
              "bowler": "A Kumble",
              "non_striker": "DJ Bravo",
              "runs": {
                "batsman": 4,
                "extras": 0,
                "total": 4
              }
            }
          },
          {
            "13.1": {
              "batsman": "DJ Bravo",
              "bowler": "P Kumar",
              "non_striker": "ST Jayasuriya",
              "runs": {
                "batsman": 1,
                "extras": 0,
                "total": 1
              }
            }
          },
          {
            "13.2": {
              "batsman": "ST Jayasuriya",
              "bowler": "P Kumar",
              "non_striker": "DJ Bravo",
              "runs": {
                "batsman": 1,
                "extras": 0,
                "total": 1
              }
            }
          },
          {
            "13.3": {
              "batsman": "DJ Bravo",
              "bowler": "P Kumar",
              "non_striker": "ST Jayasuriya",
              "runs": {
                "batsman": 2,
                "extras": 0,
                "total": 2
              }
            }
          },
          {
            "13.4": {
              "batsman": "DJ Bravo",
              "bowler": "P Kumar",
              "non_striker": "ST Jayasuriya",
              "runs": {
                "batsman": 1,
                "extras": 0,
                "total": 1
              }
            }
          },
          {
            "13.5": {
              "batsman": "ST Jayasuriya",
              "bowler": "P Kumar",
              "non_striker": "DJ Bravo",
              "runs": {
                "batsman": 0,
                "extras": 0,
                "total": 0
              }
            }
          },
          {
            "13.6": {
              "batsman": "ST Jayasuriya",
              "bowler": "P Kumar",
              "non_striker": "DJ Bravo",
              "runs": {
                "batsman": 1,
                "extras": 0,
                "total": 1
              }
            }
          },
          {
            "14.1": {
              "batsman": "ST Jayasuriya",
              "bowler": "RE van der Merwe",
              "non_striker": "DJ Bravo",
              "runs": {
                "batsman": 0,
                "extras": 0,
                "total": 0
              },
              "wicket": {
                "fielders": [
                  "R Vinay Kumar"
                ],
                "kind": "caught",
                "player_out": "ST Jayasuriya"
              }
            }
          },
          {
            "14.2": {
              "batsman": "DJ Bravo",
              "bowler": "RE van der Merwe",
              "non_striker": "AM Nayar",
              "runs": {
                "batsman": 1,
                "extras": 0,
                "total": 1
              }
            }
          },
          {
            "14.3": {
              "batsman": "AM Nayar",
              "bowler": "RE van der Merwe",
              "non_striker": "DJ Bravo",
              "runs": {
                "batsman": 0,
                "extras": 0,
                "total": 0
              }
            }
          },
          {
            "14.4": {
              "batsman": "AM Nayar",
              "bowler": "RE van der Merwe",
              "non_striker": "DJ Bravo",
              "runs": {
                "batsman": 2,
                "extras": 0,
                "total": 2
              }
            }
          },
          {
            "14.5": {
              "batsman": "AM Nayar",
              "bowler": "RE van der Merwe",
              "non_striker": "DJ Bravo",
              "runs": {
                "batsman": 0,
                "extras": 0,
                "total": 0
              }
            }
          },
          {
            "14.6": {
              "batsman": "AM Nayar",
              "bowler": "RE van der Merwe",
              "non_striker": "DJ Bravo",
              "runs": {
                "batsman": 0,
                "extras": 0,
                "total": 0
              }
            }
          },
          {
            "15.1": {
              "batsman": "DJ Bravo",
              "bowler": "R Vinay Kumar",
              "non_striker": "AM Nayar",
              "runs": {
                "batsman": 0,
                "extras": 0,
                "total": 0
              }
            }
          },
          {
            "15.2": {
              "batsman": "DJ Bravo",
              "bowler": "R Vinay Kumar",
              "non_striker": "AM Nayar",
              "runs": {
                "batsman": 1,
                "extras": 0,
                "total": 1
              }
            }
          },
          {
            "15.3": {
              "batsman": "AM Nayar",
              "bowler": "R Vinay Kumar",
              "non_striker": "DJ Bravo",
              "runs": {
                "batsman": 0,
                "extras": 0,
                "total": 0
              }
            }
          },
          {
            "15.4": {
              "batsman": "AM Nayar",
              "bowler": "R Vinay Kumar",
              "non_striker": "DJ Bravo",
              "runs": {
                "batsman": 4,
                "extras": 0,
                "total": 4
              }
            }
          },
          {
            "15.5": {
              "batsman": "AM Nayar",
              "bowler": "R Vinay Kumar",
              "non_striker": "DJ Bravo",
              "runs": {
                "batsman": 2,
                "extras": 0,
                "total": 2
              }
            }
          },
          {
            "15.6": {
              "batsman": "AM Nayar",
              "bowler": "R Vinay Kumar",
              "non_striker": "DJ Bravo",
              "runs": {
                "batsman": 1,
                "extras": 0,
                "total": 1
              }
            }
          },
          {
            "16.1": {
              "batsman": "AM Nayar",
              "bowler": "RE van der Merwe",
              "non_striker": "DJ Bravo",
              "runs": {
                "batsman": 0,
                "extras": 0,
                "total": 0
              }
            }
          },
          {
            "16.2": {
              "batsman": "AM Nayar",
              "bowler": "RE van der Merwe",
              "non_striker": "DJ Bravo",
              "runs": {
                "batsman": 1,
                "extras": 0,
                "total": 1
              }
            }
          },
          {
            "16.3": {
              "batsman": "DJ Bravo",
              "bowler": "RE van der Merwe",
              "non_striker": "AM Nayar",
              "runs": {
                "batsman": 1,
                "extras": 0,
                "total": 1
              }
            }
          },
          {
            "16.4": {
              "batsman": "AM Nayar",
              "bowler": "RE van der Merwe",
              "extras": {
                "legbyes": 1
              },
              "non_striker": "DJ Bravo",
              "runs": {
                "batsman": 0,
                "extras": 1,
                "total": 1
              }
            }
          },
          {
            "16.5": {
              "batsman": "DJ Bravo",
              "bowler": "RE van der Merwe",
              "non_striker": "AM Nayar",
              "runs": {
                "batsman": 2,
                "extras": 0,
                "total": 2
              }
            }
          },
          {
            "16.6": {
              "batsman": "DJ Bravo",
              "bowler": "RE van der Merwe",
              "non_striker": "AM Nayar",
              "runs": {
                "batsman": 2,
                "extras": 0,
                "total": 2
              }
            }
          },
          {
            "17.1": {
              "batsman": "AM Nayar",
              "bowler": "R Vinay Kumar",
              "extras": {
                "legbyes": 1
              },
              "non_striker": "DJ Bravo",
              "runs": {
                "batsman": 0,
                "extras": 1,
                "total": 1
              }
            }
          },
          {
            "17.2": {
              "batsman": "DJ Bravo",
              "bowler": "R Vinay Kumar",
              "non_striker": "AM Nayar",
              "runs": {
                "batsman": 4,
                "extras": 0,
                "total": 4
              }
            }
          },
          {
            "17.3": {
              "batsman": "DJ Bravo",
              "bowler": "R Vinay Kumar",
              "non_striker": "AM Nayar",
              "runs": {
                "batsman": 2,
                "extras": 0,
                "total": 2
              }
            }
          },
          {
            "17.4": {
              "batsman": "DJ Bravo",
              "bowler": "R Vinay Kumar",
              "non_striker": "AM Nayar",
              "runs": {
                "batsman": 1,
                "extras": 0,
                "total": 1
              }
            }
          },
          {
            "17.5": {
              "batsman": "AM Nayar",
              "bowler": "R Vinay Kumar",
              "non_striker": "DJ Bravo",
              "runs": {
                "batsman": 2,
                "extras": 0,
                "total": 2
              }
            }
          },
          {
            "17.6": {
              "batsman": "AM Nayar",
              "bowler": "R Vinay Kumar",
              "non_striker": "DJ Bravo",
              "runs": {
                "batsman": 4,
                "extras": 0,
                "total": 4
              }
            }
          },
          {
            "18.1": {
              "batsman": "DJ Bravo",
              "bowler": "RE van der Merwe",
              "non_striker": "AM Nayar",
              "runs": {
                "batsman": 2,
                "extras": 0,
                "total": 2
              }
            }
          },
          {
            "18.2": {
              "batsman": "DJ Bravo",
              "bowler": "RE van der Merwe",
              "non_striker": "AM Nayar",
              "runs": {
                "batsman": 2,
                "extras": 0,
                "total": 2
              }
            }
          },
          {
            "18.3": {
              "batsman": "DJ Bravo",
              "bowler": "RE van der Merwe",
              "non_striker": "AM Nayar",
              "runs": {
                "batsman": 1,
                "extras": 0,
                "total": 1
              }
            }
          },
          {
            "18.4": {
              "batsman": "AM Nayar",
              "bowler": "RE van der Merwe",
              "non_striker": "DJ Bravo",
              "runs": {
                "batsman": 1,
                "extras": 0,
                "total": 1
              }
            }
          },
          {
            "18.5": {
              "batsman": "DJ Bravo",
              "bowler": "RE van der Merwe",
              "non_striker": "AM Nayar",
              "runs": {
                "batsman": 6,
                "extras": 0,
                "total": 6
              }
            }
          },
          {
            "18.6": {
              "batsman": "DJ Bravo",
              "bowler": "RE van der Merwe",
              "non_striker": "AM Nayar",
              "runs": {
                "batsman": 6,
                "extras": 0,
                "total": 6
              }
            }
          },
          {
            "19.1": {
              "batsman": "AM Nayar",
              "bowler": "D du Preez",
              "non_striker": "DJ Bravo",
              "runs": {
                "batsman": 4,
                "extras": 0,
                "total": 4
              }
            }
          },
          {
            "19.2": {
              "batsman": "AM Nayar",
              "bowler": "D du Preez",
              "non_striker": "DJ Bravo",
              "runs": {
                "batsman": 4,
                "extras": 0,
                "total": 4
              }
            }
          },
          {
            "19.3": {
              "batsman": "AM Nayar",
              "bowler": "D du Preez",
              "non_striker": "DJ Bravo",
              "runs": {
                "batsman": 1,
                "extras": 0,
                "total": 1
              }
            }
          },
          {
            "19.4": {
              "batsman": "DJ Bravo",
              "bowler": "D du Preez",
              "non_striker": "AM Nayar",
              "runs": {
                "batsman": 2,
                "extras": 0,
                "total": 2
              }
            }
          },
          {
            "19.5": {
              "batsman": "DJ Bravo",
              "bowler": "D du Preez",
              "non_striker": "AM Nayar",
              "runs": {
                "batsman": 1,
                "extras": 0,
                "total": 1
              }
            }
          },
          {
            "19.6": {
              "batsman": "AM Nayar",
              "bowler": "D du Preez",
              "extras": {
                "noballs": 1
              },
              "non_striker": "DJ Bravo",
              "runs": {
                "batsman": 2,
                "extras": 1,
                "total": 3
              }
            }
          },
          {
            "19.7": {
              "batsman": "AM Nayar",
              "bowler": "D du Preez",
              "non_striker": "DJ Bravo",
              "runs": {
                "batsman": 1,
                "extras": 0,
                "total": 1
              }
            }
          }
        ]
      }
    },
    {
      "2nd innings": {
        "team": "Royal Challengers Bangalore",
        "deliveries": [
          {
            "0.1": {
              "batsman": "JH Kallis",
              "bowler": "Z Khan",
              "non_striker": "W Jaffer",
              "runs": {
                "batsman": 0,
                "extras": 0,
                "total": 0
              }
            }
          },
          {
            "0.2": {
              "batsman": "JH Kallis",
              "bowler": "Z Khan",
              "extras": {
                "wides": 1
              },
              "non_striker": "W Jaffer",
              "runs": {
                "batsman": 0,
                "extras": 1,
                "total": 1
              }
            }
          },
          {
            "0.3": {
              "batsman": "JH Kallis",
              "bowler": "Z Khan",
              "non_striker": "W Jaffer",
              "runs": {
                "batsman": 0,
                "extras": 0,
                "total": 0
              }
            }
          },
          {
            "0.4": {
              "batsman": "JH Kallis",
              "bowler": "Z Khan",
              "non_striker": "W Jaffer",
              "runs": {
                "batsman": 0,
                "extras": 0,
                "total": 0
              }
            }
          },
          {
            "0.5": {
              "batsman": "JH Kallis",
              "bowler": "Z Khan",
              "non_striker": "W Jaffer",
              "runs": {
                "batsman": 4,
                "extras": 0,
                "total": 4
              }
            }
          },
          {
            "0.6": {
              "batsman": "JH Kallis",
              "bowler": "Z Khan",
              "non_striker": "W Jaffer",
              "runs": {
                "batsman": 4,
                "extras": 0,
                "total": 4
              }
            }
          },
          {
            "0.7": {
              "batsman": "JH Kallis",
              "bowler": "Z Khan",
              "non_striker": "W Jaffer",
              "runs": {
                "batsman": 0,
                "extras": 0,
                "total": 0
              }
            }
          },
          {
            "1.1": {
              "batsman": "W Jaffer",
              "bowler": "DJ Bravo",
              "extras": {
                "wides": 1
              },
              "non_striker": "JH Kallis",
              "runs": {
                "batsman": 0,
                "extras": 1,
                "total": 1
              }
            }
          },
          {
            "1.2": {
              "batsman": "W Jaffer",
              "bowler": "DJ Bravo",
              "non_striker": "JH Kallis",
              "runs": {
                "batsman": 4,
                "extras": 0,
                "total": 4
              }
            }
          },
          {
            "1.3": {
              "batsman": "W Jaffer",
              "bowler": "DJ Bravo",
              "non_striker": "JH Kallis",
              "runs": {
                "batsman": 1,
                "extras": 0,
                "total": 1
              }
            }
          },
          {
            "1.4": {
              "batsman": "JH Kallis",
              "bowler": "DJ Bravo",
              "non_striker": "W Jaffer",
              "runs": {
                "batsman": 2,
                "extras": 0,
                "total": 2
              }
            }
          },
          {
            "1.5": {
              "batsman": "JH Kallis",
              "bowler": "DJ Bravo",
              "non_striker": "W Jaffer",
              "runs": {
                "batsman": 0,
                "extras": 0,
                "total": 0
              }
            }
          },
          {
            "1.6": {
              "batsman": "JH Kallis",
              "bowler": "DJ Bravo",
              "non_striker": "W Jaffer",
              "runs": {
                "batsman": 4,
                "extras": 0,
                "total": 4
              }
            }
          },
          {
            "1.7": {
              "batsman": "JH Kallis",
              "bowler": "DJ Bravo",
              "non_striker": "W Jaffer",
              "runs": {
                "batsman": 0,
                "extras": 0,
                "total": 0
              }
            }
          },
          {
            "2.1": {
              "batsman": "W Jaffer",
              "bowler": "Z Khan",
              "non_striker": "JH Kallis",
              "runs": {
                "batsman": 0,
                "extras": 0,
                "total": 0
              }
            }
          },
          {
            "2.2": {
              "batsman": "W Jaffer",
              "bowler": "Z Khan",
              "extras": {
                "wides": 1
              },
              "non_striker": "JH Kallis",
              "runs": {
                "batsman": 0,
                "extras": 1,
                "total": 1
              }
            }
          },
          {
            "2.3": {
              "batsman": "W Jaffer",
              "bowler": "Z Khan",
              "non_striker": "JH Kallis",
              "runs": {
                "batsman": 0,
                "extras": 0,
                "total": 0
              }
            }
          },
          {
            "2.4": {
              "batsman": "W Jaffer",
              "bowler": "Z Khan",
              "non_striker": "JH Kallis",
              "runs": {
                "batsman": 0,
                "extras": 0,
                "total": 0
              }
            }
          },
          {
            "2.5": {
              "batsman": "W Jaffer",
              "bowler": "Z Khan",
              "non_striker": "JH Kallis",
              "runs": {
                "batsman": 0,
                "extras": 0,
                "total": 0
              }
            }
          },
          {
            "2.6": {
              "batsman": "W Jaffer",
              "bowler": "Z Khan",
              "non_striker": "JH Kallis",
              "runs": {
                "batsman": 2,
                "extras": 0,
                "total": 2
              }
            }
          },
          {
            "2.7": {
              "batsman": "W Jaffer",
              "bowler": "Z Khan",
              "non_striker": "JH Kallis",
              "runs": {
                "batsman": 0,
                "extras": 0,
                "total": 0
              },
              "wicket": {
                "fielders": [
                  "AM Nayar"
                ],
                "kind": "caught",
                "player_out": "W Jaffer"
              }
            }
          },
          {
            "3.1": {
              "batsman": "JH Kallis",
              "bowler": "SL Malinga",
              "non_striker": "RV Uthappa",
              "runs": {
                "batsman": 6,
                "extras": 0,
                "total": 6
              }
            }
          },
          {
            "3.2": {
              "batsman": "JH Kallis",
              "bowler": "SL Malinga",
              "non_striker": "RV Uthappa",
              "runs": {
                "batsman": 0,
                "extras": 0,
                "total": 0
              }
            }
          },
          {
            "3.3": {
              "batsman": "JH Kallis",
              "bowler": "SL Malinga",
              "non_striker": "RV Uthappa",
              "runs": {
                "batsman": 6,
                "extras": 0,
                "total": 6
              }
            }
          },
          {
            "3.4": {
              "batsman": "JH Kallis",
              "bowler": "SL Malinga",
              "non_striker": "RV Uthappa",
              "runs": {
                "batsman": 1,
                "extras": 0,
                "total": 1
              }
            }
          },
          {
            "3.5": {
              "batsman": "RV Uthappa",
              "bowler": "SL Malinga",
              "non_striker": "JH Kallis",
              "runs": {
                "batsman": 0,
                "extras": 0,
                "total": 0
              }
            }
          },
          {
            "3.6": {
              "batsman": "RV Uthappa",
              "bowler": "SL Malinga",
              "non_striker": "JH Kallis",
              "runs": {
                "batsman": 4,
                "extras": 0,
                "total": 4
              }
            }
          },
          {
            "4.1": {
              "batsman": "JH Kallis",
              "bowler": "AM Nayar",
              "non_striker": "RV Uthappa",
              "runs": {
                "batsman": 0,
                "extras": 0,
                "total": 0
              }
            }
          },
          {
            "4.2": {
              "batsman": "JH Kallis",
              "bowler": "AM Nayar",
              "non_striker": "RV Uthappa",
              "runs": {
                "batsman": 2,
                "extras": 0,
                "total": 2
              }
            }
          },
          {
            "4.3": {
              "batsman": "JH Kallis",
              "bowler": "AM Nayar",
              "non_striker": "RV Uthappa",
              "runs": {
                "batsman": 4,
                "extras": 0,
                "total": 4
              }
            }
          },
          {
            "4.4": {
              "batsman": "JH Kallis",
              "bowler": "AM Nayar",
              "non_striker": "RV Uthappa",
              "runs": {
                "batsman": 4,
                "extras": 0,
                "total": 4
              }
            }
          },
          {
            "4.5": {
              "batsman": "JH Kallis",
              "bowler": "AM Nayar",
              "non_striker": "RV Uthappa",
              "runs": {
                "batsman": 0,
                "extras": 0,
                "total": 0
              }
            }
          },
          {
            "4.6": {
              "batsman": "JH Kallis",
              "bowler": "AM Nayar",
              "non_striker": "RV Uthappa",
              "runs": {
                "batsman": 0,
                "extras": 0,
                "total": 0
              }
            }
          },
          {
            "5.1": {
              "batsman": "RV Uthappa",
              "bowler": "SL Malinga",
              "non_striker": "JH Kallis",
              "runs": {
                "batsman": 0,
                "extras": 0,
                "total": 0
              }
            }
          },
          {
            "5.2": {
              "batsman": "RV Uthappa",
              "bowler": "SL Malinga",
              "non_striker": "JH Kallis",
              "runs": {
                "batsman": 0,
                "extras": 0,
                "total": 0
              }
            }
          },
          {
            "5.3": {
              "batsman": "RV Uthappa",
              "bowler": "SL Malinga",
              "non_striker": "JH Kallis",
              "runs": {
                "batsman": 0,
                "extras": 0,
                "total": 0
              }
            }
          },
          {
            "5.4": {
              "batsman": "RV Uthappa",
              "bowler": "SL Malinga",
              "non_striker": "JH Kallis",
              "runs": {
                "batsman": 0,
                "extras": 0,
                "total": 0
              }
            }
          },
          {
            "5.5": {
              "batsman": "RV Uthappa",
              "bowler": "SL Malinga",
              "non_striker": "JH Kallis",
              "runs": {
                "batsman": 0,
                "extras": 0,
                "total": 0
              }
            }
          },
          {
            "5.6": {
              "batsman": "RV Uthappa",
              "bowler": "SL Malinga",
              "non_striker": "JH Kallis",
              "runs": {
                "batsman": 0,
                "extras": 0,
                "total": 0
              }
            }
          },
          {
            "6.1": {
              "batsman": "JH Kallis",
              "bowler": "AM Nayar",
              "non_striker": "RV Uthappa",
              "runs": {
                "batsman": 1,
                "extras": 0,
                "total": 1
              }
            }
          },
          {
            "6.2": {
              "batsman": "RV Uthappa",
              "bowler": "AM Nayar",
              "non_striker": "JH Kallis",
              "runs": {
                "batsman": 0,
                "extras": 0,
                "total": 0
              }
            }
          },
          {
            "6.3": {
              "batsman": "RV Uthappa",
              "bowler": "AM Nayar",
              "extras": {
                "wides": 1
              },
              "non_striker": "JH Kallis",
              "runs": {
                "batsman": 0,
                "extras": 1,
                "total": 1
              }
            }
          },
          {
            "6.4": {
              "batsman": "RV Uthappa",
              "bowler": "AM Nayar",
              "non_striker": "JH Kallis",
              "runs": {
                "batsman": 1,
                "extras": 0,
                "total": 1
              }
            }
          },
          {
            "6.5": {
              "batsman": "JH Kallis",
              "bowler": "AM Nayar",
              "non_striker": "RV Uthappa",
              "runs": {
                "batsman": 0,
                "extras": 0,
                "total": 0
              }
            }
          },
          {
            "6.6": {
              "batsman": "JH Kallis",
              "bowler": "AM Nayar",
              "non_striker": "RV Uthappa",
              "runs": {
                "batsman": 0,
                "extras": 0,
                "total": 0
              }
            }
          },
          {
            "6.7": {
              "batsman": "JH Kallis",
              "bowler": "AM Nayar",
              "non_striker": "RV Uthappa",
              "runs": {
                "batsman": 0,
                "extras": 0,
                "total": 0
              }
            }
          },
          {
            "7.1": {
              "batsman": "RV Uthappa",
              "bowler": "Harbhajan Singh",
              "non_striker": "JH Kallis",
              "runs": {
                "batsman": 0,
                "extras": 0,
                "total": 0
              }
            }
          },
          {
            "7.2": {
              "batsman": "RV Uthappa",
              "bowler": "Harbhajan Singh",
              "non_striker": "JH Kallis",
              "runs": {
                "batsman": 4,
                "extras": 0,
                "total": 4
              }
            }
          },
          {
            "7.3": {
              "batsman": "RV Uthappa",
              "bowler": "Harbhajan Singh",
              "non_striker": "JH Kallis",
              "runs": {
                "batsman": 1,
                "extras": 0,
                "total": 1
              }
            }
          },
          {
            "7.4": {
              "batsman": "JH Kallis",
              "bowler": "Harbhajan Singh",
              "non_striker": "RV Uthappa",
              "runs": {
                "batsman": 2,
                "extras": 0,
                "total": 2
              }
            }
          },
          {
            "7.5": {
              "batsman": "JH Kallis",
              "bowler": "Harbhajan Singh",
              "non_striker": "RV Uthappa",
              "runs": {
                "batsman": 0,
                "extras": 0,
                "total": 0
              }
            }
          },
          {
            "7.6": {
              "batsman": "JH Kallis",
              "bowler": "Harbhajan Singh",
              "non_striker": "RV Uthappa",
              "runs": {
                "batsman": 1,
                "extras": 0,
                "total": 1
              }
            }
          },
          {
            "8.1": {
              "batsman": "JH Kallis",
              "bowler": "AM Nayar",
              "non_striker": "RV Uthappa",
              "runs": {
                "batsman": 1,
                "extras": 0,
                "total": 1
              }
            }
          },
          {
            "8.2": {
              "batsman": "RV Uthappa",
              "bowler": "AM Nayar",
              "non_striker": "JH Kallis",
              "runs": {
                "batsman": 1,
                "extras": 0,
                "total": 1
              }
            }
          },
          {
            "8.3": {
              "batsman": "JH Kallis",
              "bowler": "AM Nayar",
              "extras": {
                "wides": 1
              },
              "non_striker": "RV Uthappa",
              "runs": {
                "batsman": 0,
                "extras": 1,
                "total": 1
              }
            }
          },
          {
            "8.4": {
              "batsman": "JH Kallis",
              "bowler": "AM Nayar",
              "extras": {
                "wides": 1
              },
              "non_striker": "RV Uthappa",
              "runs": {
                "batsman": 0,
                "extras": 1,
                "total": 1
              }
            }
          },
          {
            "8.5": {
              "batsman": "JH Kallis",
              "bowler": "AM Nayar",
              "non_striker": "RV Uthappa",
              "runs": {
                "batsman": 1,
                "extras": 0,
                "total": 1
              }
            }
          },
          {
            "8.6": {
              "batsman": "RV Uthappa",
              "bowler": "AM Nayar",
              "non_striker": "JH Kallis",
              "runs": {
                "batsman": 1,
                "extras": 0,
                "total": 1
              }
            }
          },
          {
            "8.7": {
              "batsman": "JH Kallis",
              "bowler": "AM Nayar",
              "non_striker": "RV Uthappa",
              "runs": {
                "batsman": 0,
                "extras": 0,
                "total": 0
              }
            }
          },
          {
            "8.8": {
              "batsman": "JH Kallis",
              "bowler": "AM Nayar",
              "non_striker": "RV Uthappa",
              "runs": {
                "batsman": 0,
                "extras": 0,
                "total": 0
              }
            }
          },
          {
            "9.1": {
              "batsman": "RV Uthappa",
              "bowler": "Harbhajan Singh",
              "non_striker": "JH Kallis",
              "runs": {
                "batsman": 0,
                "extras": 0,
                "total": 0
              }
            }
          },
          {
            "9.2": {
              "batsman": "RV Uthappa",
              "bowler": "Harbhajan Singh",
              "non_striker": "JH Kallis",
              "runs": {
                "batsman": 0,
                "extras": 0,
                "total": 0
              }
            }
          },
          {
            "9.3": {
              "batsman": "RV Uthappa",
              "bowler": "Harbhajan Singh",
              "non_striker": "JH Kallis",
              "runs": {
                "batsman": 4,
                "extras": 0,
                "total": 4
              }
            }
          },
          {
            "9.4": {
              "batsman": "RV Uthappa",
              "bowler": "Harbhajan Singh",
              "non_striker": "JH Kallis",
              "runs": {
                "batsman": 1,
                "extras": 0,
                "total": 1
              }
            }
          },
          {
            "9.5": {
              "batsman": "JH Kallis",
              "bowler": "Harbhajan Singh",
              "non_striker": "RV Uthappa",
              "runs": {
                "batsman": 0,
                "extras": 0,
                "total": 0
              }
            }
          },
          {
            "9.6": {
              "batsman": "JH Kallis",
              "bowler": "Harbhajan Singh",
              "non_striker": "RV Uthappa",
              "runs": {
                "batsman": 1,
                "extras": 0,
                "total": 1
              }
            }
          },
          {
            "10.1": {
              "batsman": "JH Kallis",
              "bowler": "AM Nayar",
              "extras": {
                "wides": 1
              },
              "non_striker": "RV Uthappa",
              "runs": {
                "batsman": 0,
                "extras": 1,
                "total": 1
              }
            }
          },
          {
            "10.2": {
              "batsman": "JH Kallis",
              "bowler": "AM Nayar",
              "non_striker": "RV Uthappa",
              "runs": {
                "batsman": 2,
                "extras": 0,
                "total": 2
              }
            }
          },
          {
            "10.3": {
              "batsman": "JH Kallis",
              "bowler": "AM Nayar",
              "non_striker": "RV Uthappa",
              "runs": {
                "batsman": 0,
                "extras": 0,
                "total": 0
              }
            }
          },
          {
            "10.4": {
              "batsman": "JH Kallis",
              "bowler": "AM Nayar",
              "non_striker": "RV Uthappa",
              "runs": {
                "batsman": 1,
                "extras": 0,
                "total": 1
              }
            }
          },
          {
            "10.5": {
              "batsman": "RV Uthappa",
              "bowler": "AM Nayar",
              "non_striker": "JH Kallis",
              "runs": {
                "batsman": 2,
                "extras": 0,
                "total": 2
              }
            }
          },
          {
            "10.6": {
              "batsman": "RV Uthappa",
              "bowler": "AM Nayar",
              "non_striker": "JH Kallis",
              "runs": {
                "batsman": 0,
                "extras": 0,
                "total": 0
              }
            }
          },
          {
            "10.7": {
              "batsman": "RV Uthappa",
              "bowler": "AM Nayar",
              "non_striker": "JH Kallis",
              "runs": {
                "batsman": 1,
                "extras": 0,
                "total": 1
              }
            }
          },
          {
            "11.1": {
              "batsman": "RV Uthappa",
              "bowler": "SR Tendulkar",
              "non_striker": "JH Kallis",
              "runs": {
                "batsman": 2,
                "extras": 0,
                "total": 2
              }
            }
          },
          {
            "11.2": {
              "batsman": "RV Uthappa",
              "bowler": "SR Tendulkar",
              "non_striker": "JH Kallis",
              "runs": {
                "batsman": 0,
                "extras": 0,
                "total": 0
              }
            }
          },
          {
            "11.3": {
              "batsman": "RV Uthappa",
              "bowler": "SR Tendulkar",
              "non_striker": "JH Kallis",
              "runs": {
                "batsman": 0,
                "extras": 0,
                "total": 0
              }
            }
          },
          {
            "11.4": {
              "batsman": "RV Uthappa",
              "bowler": "SR Tendulkar",
              "non_striker": "JH Kallis",
              "runs": {
                "batsman": 2,
                "extras": 0,
                "total": 2
              }
            }
          },
          {
            "11.5": {
              "batsman": "RV Uthappa",
              "bowler": "SR Tendulkar",
              "non_striker": "JH Kallis",
              "runs": {
                "batsman": 1,
                "extras": 0,
                "total": 1
              }
            }
          },
          {
            "11.6": {
              "batsman": "JH Kallis",
              "bowler": "SR Tendulkar",
              "non_striker": "RV Uthappa",
              "runs": {
                "batsman": 1,
                "extras": 0,
                "total": 1
              }
            }
          },
          {
            "12.1": {
              "batsman": "JH Kallis",
              "bowler": "DJ Bravo",
              "non_striker": "RV Uthappa",
              "runs": {
                "batsman": 1,
                "extras": 0,
                "total": 1
              }
            }
          },
          {
            "12.2": {
              "batsman": "RV Uthappa",
              "bowler": "DJ Bravo",
              "non_striker": "JH Kallis",
              "runs": {
                "batsman": 1,
                "extras": 0,
                "total": 1
              }
            }
          },
          {
            "12.3": {
              "batsman": "JH Kallis",
              "bowler": "DJ Bravo",
              "non_striker": "RV Uthappa",
              "runs": {
                "batsman": 2,
                "extras": 0,
                "total": 2
              }
            }
          },
          {
            "12.4": {
              "batsman": "JH Kallis",
              "bowler": "DJ Bravo",
              "non_striker": "RV Uthappa",
              "runs": {
                "batsman": 0,
                "extras": 0,
                "total": 0
              }
            }
          },
          {
            "12.5": {
              "batsman": "JH Kallis",
              "bowler": "DJ Bravo",
              "non_striker": "RV Uthappa",
              "runs": {
                "batsman": 0,
                "extras": 0,
                "total": 0
              }
            }
          },
          {
            "12.6": {
              "batsman": "JH Kallis",
              "bowler": "DJ Bravo",
              "non_striker": "RV Uthappa",
              "runs": {
                "batsman": 1,
                "extras": 0,
                "total": 1
              }
            }
          },
          {
            "13.1": {
              "batsman": "JH Kallis",
              "bowler": "SR Tendulkar",
              "non_striker": "RV Uthappa",
              "runs": {
                "batsman": 1,
                "extras": 0,
                "total": 1
              }
            }
          },
          {
            "13.2": {
              "batsman": "RV Uthappa",
              "bowler": "SR Tendulkar",
              "non_striker": "JH Kallis",
              "runs": {
                "batsman": 4,
                "extras": 0,
                "total": 4
              }
            }
          },
          {
            "13.3": {
              "batsman": "RV Uthappa",
              "bowler": "SR Tendulkar",
              "non_striker": "JH Kallis",
              "runs": {
                "batsman": 1,
                "extras": 0,
                "total": 1
              }
            }
          },
          {
            "13.4": {
              "batsman": "JH Kallis",
              "bowler": "SR Tendulkar",
              "non_striker": "RV Uthappa",
              "runs": {
                "batsman": 1,
                "extras": 0,
                "total": 1
              }
            }
          },
          {
            "13.5": {
              "batsman": "RV Uthappa",
              "bowler": "SR Tendulkar",
              "non_striker": "JH Kallis",
              "runs": {
                "batsman": 4,
                "extras": 0,
                "total": 4
              }
            }
          },
          {
            "13.6": {
              "batsman": "RV Uthappa",
              "bowler": "SR Tendulkar",
              "non_striker": "JH Kallis",
              "runs": {
                "batsman": 4,
                "extras": 0,
                "total": 4
              }
            }
          },
          {
            "14.1": {
              "batsman": "JH Kallis",
              "bowler": "DJ Bravo",
              "non_striker": "RV Uthappa",
              "runs": {
                "batsman": 1,
                "extras": 0,
                "total": 1
              }
            }
          },
          {
            "14.2": {
              "batsman": "RV Uthappa",
              "bowler": "DJ Bravo",
              "non_striker": "JH Kallis",
              "runs": {
                "batsman": 6,
                "extras": 0,
                "total": 6
              }
            }
          },
          {
            "14.3": {
              "batsman": "RV Uthappa",
              "bowler": "DJ Bravo",
              "non_striker": "JH Kallis",
              "runs": {
                "batsman": 1,
                "extras": 0,
                "total": 1
              }
            }
          },
          {
            "14.4": {
              "batsman": "JH Kallis",
              "bowler": "DJ Bravo",
              "non_striker": "RV Uthappa",
              "runs": {
                "batsman": 1,
                "extras": 0,
                "total": 1
              }
            }
          },
          {
            "14.5": {
              "batsman": "RV Uthappa",
              "bowler": "DJ Bravo",
              "non_striker": "JH Kallis",
              "runs": {
                "batsman": 2,
                "extras": 0,
                "total": 2
              }
            }
          },
          {
            "14.6": {
              "batsman": "RV Uthappa",
              "bowler": "DJ Bravo",
              "non_striker": "JH Kallis",
              "runs": {
                "batsman": 4,
                "extras": 0,
                "total": 4
              }
            }
          },
          {
            "15.1": {
              "batsman": "JH Kallis",
              "bowler": "ST Jayasuriya",
              "non_striker": "RV Uthappa",
              "runs": {
                "batsman": 2,
                "extras": 0,
                "total": 2
              }
            }
          },
          {
            "15.2": {
              "batsman": "JH Kallis",
              "bowler": "ST Jayasuriya",
              "non_striker": "RV Uthappa",
              "runs": {
                "batsman": 0,
                "extras": 0,
                "total": 0
              }
            }
          },
          {
            "15.3": {
              "batsman": "JH Kallis",
              "bowler": "ST Jayasuriya",
              "non_striker": "RV Uthappa",
              "runs": {
                "batsman": 1,
                "extras": 0,
                "total": 1
              }
            }
          },
          {
            "15.4": {
              "batsman": "RV Uthappa",
              "bowler": "ST Jayasuriya",
              "non_striker": "JH Kallis",
              "runs": {
                "batsman": 1,
                "extras": 0,
                "total": 1
              }
            }
          },
          {
            "15.5": {
              "batsman": "JH Kallis",
              "bowler": "ST Jayasuriya",
              "non_striker": "RV Uthappa",
              "runs": {
                "batsman": 0,
                "extras": 0,
                "total": 0
              }
            }
          },
          {
            "15.6": {
              "batsman": "JH Kallis",
              "bowler": "ST Jayasuriya",
              "non_striker": "RV Uthappa",
              "runs": {
                "batsman": 1,
                "extras": 0,
                "total": 1
              }
            }
          },
          {
            "16.1": {
              "batsman": "JH Kallis",
              "bowler": "SL Malinga",
              "non_striker": "RV Uthappa",
              "runs": {
                "batsman": 1,
                "extras": 0,
                "total": 1
              }
            }
          },
          {
            "16.2": {
              "batsman": "RV Uthappa",
              "bowler": "SL Malinga",
              "extras": {
                "legbyes": 1
              },
              "non_striker": "JH Kallis",
              "runs": {
                "batsman": 0,
                "extras": 1,
                "total": 1
              }
            }
          },
          {
            "16.3": {
              "batsman": "JH Kallis",
              "bowler": "SL Malinga",
              "non_striker": "RV Uthappa",
              "runs": {
                "batsman": 3,
                "extras": 0,
                "total": 3
              }
            }
          },
          {
            "16.4": {
              "batsman": "RV Uthappa",
              "bowler": "SL Malinga",
              "non_striker": "JH Kallis",
              "runs": {
                "batsman": 1,
                "extras": 0,
                "total": 1
              }
            }
          },
          {
            "16.5": {
              "batsman": "JH Kallis",
              "bowler": "SL Malinga",
              "non_striker": "RV Uthappa",
              "runs": {
                "batsman": 0,
                "extras": 0,
                "total": 0
              }
            }
          },
          {
            "16.6": {
              "batsman": "JH Kallis",
              "bowler": "SL Malinga",
              "non_striker": "RV Uthappa",
              "runs": {
                "batsman": 1,
                "extras": 0,
                "total": 1
              }
            }
          },
          {
            "17.1": {
              "batsman": "JH Kallis",
              "bowler": "ST Jayasuriya",
              "non_striker": "RV Uthappa",
              "runs": {
                "batsman": 2,
                "extras": 0,
                "total": 2
              }
            }
          },
          {
            "17.2": {
              "batsman": "JH Kallis",
              "bowler": "ST Jayasuriya",
              "non_striker": "RV Uthappa",
              "runs": {
                "batsman": 0,
                "extras": 0,
                "total": 0
              }
            }
          },
          {
            "17.3": {
              "batsman": "JH Kallis",
              "bowler": "ST Jayasuriya",
              "non_striker": "RV Uthappa",
              "runs": {
                "batsman": 1,
                "extras": 0,
                "total": 1
              }
            }
          },
          {
            "17.4": {
              "batsman": "RV Uthappa",
              "bowler": "ST Jayasuriya",
              "non_striker": "JH Kallis",
              "runs": {
                "batsman": 2,
                "extras": 0,
                "total": 2
              }
            }
          },
          {
            "17.5": {
              "batsman": "RV Uthappa",
              "bowler": "ST Jayasuriya",
              "non_striker": "JH Kallis",
              "runs": {
                "batsman": 4,
                "extras": 0,
                "total": 4
              }
            }
          },
          {
            "17.6": {
              "batsman": "RV Uthappa",
              "bowler": "ST Jayasuriya",
              "non_striker": "JH Kallis",
              "runs": {
                "batsman": 6,
                "extras": 0,
                "total": 6
              }
            }
          },
          {
            "18.1": {
              "batsman": "JH Kallis",
              "bowler": "SL Malinga",
              "non_striker": "RV Uthappa",
              "runs": {
                "batsman": 1,
                "extras": 0,
                "total": 1
              }
            }
          }
        ]
      }
    }
  ]
}