{
  "meta": {
    "data_version": 0.9,
    "created": "2011-05-02T00:00:00.000Z",
    "revision": 2
  },
  "info": {
    "city": "East London",
    "competition": "IPL",
    "dates": [
      "2009-05-01T00:00:00.000Z"
    ],
    "gender": "male",
    "match_type": "T20",
    "neutral_venue": 1,
    "outcome": {
      "by": {
        "runs": 9
      },
      "winner": "Mumbai Indians"
    },
    "overs": 20,
    "player_of_match": [
      "JP Duminy"
    ],
    "teams": [
      "Kolkata Knight Riders",
      "Mumbai Indians"
    ],
    "toss": {
      "decision": "bat",
      "winner": "Mumbai Indians"
    },
    "umpires": [
      "M Erasmus",
      "SK Tarapore"
    ],
    "venue": "Buffalo Park"
  },
  "innings": [
    {
      "1st innings": {
        "team": "Mumbai Indians",
        "deliveries": [
          {
            "0.1": {
              "batsman": "ST Jayasuriya",
              "bowler": "I Sharma",
              "extras": {
                "wides": 1
              },
              "non_striker": "SR Tendulkar",
              "runs": {
                "batsman": 0,
                "extras": 1,
                "total": 1
              }
            }
          },
          {
            "0.2": {
              "batsman": "ST Jayasuriya",
              "bowler": "I Sharma",
              "non_striker": "SR Tendulkar",
              "runs": {
                "batsman": 1,
                "extras": 0,
                "total": 1
              }
            }
          },
          {
            "0.3": {
              "batsman": "SR Tendulkar",
              "bowler": "I Sharma",
              "extras": {
                "wides": 1
              },
              "non_striker": "ST Jayasuriya",
              "runs": {
                "batsman": 0,
                "extras": 1,
                "total": 1
              }
            }
          },
          {
            "0.4": {
              "batsman": "SR Tendulkar",
              "bowler": "I Sharma",
              "non_striker": "ST Jayasuriya",
              "runs": {
                "batsman": 0,
                "extras": 0,
                "total": 0
              }
            }
          },
          {
            "0.5": {
              "batsman": "SR Tendulkar",
              "bowler": "I Sharma",
              "non_striker": "ST Jayasuriya",
              "runs": {
                "batsman": 2,
                "extras": 0,
                "total": 2
              }
            }
          },
          {
            "0.6": {
              "batsman": "SR Tendulkar",
              "bowler": "I Sharma",
              "non_striker": "ST Jayasuriya",
              "runs": {
                "batsman": 0,
                "extras": 0,
                "total": 0
              }
            }
          },
          {
            "0.7": {
              "batsman": "SR Tendulkar",
              "bowler": "I Sharma",
              "non_striker": "ST Jayasuriya",
              "runs": {
                "batsman": 0,
                "extras": 0,
                "total": 0
              }
            }
          },
          {
            "0.8": {
              "batsman": "SR Tendulkar",
              "bowler": "I Sharma",
              "non_striker": "ST Jayasuriya",
              "runs": {
                "batsman": 4,
                "extras": 0,
                "total": 4
              }
            }
          },
          {
            "1.1": {
              "batsman": "ST Jayasuriya",
              "bowler": "AB Dinda",
              "non_striker": "SR Tendulkar",
              "runs": {
                "batsman": 4,
                "extras": 0,
                "total": 4
              }
            }
          },
          {
            "1.2": {
              "batsman": "ST Jayasuriya",
              "bowler": "AB Dinda",
              "non_striker": "SR Tendulkar",
              "runs": {
                "batsman": 0,
                "extras": 0,
                "total": 0
              }
            }
          },
          {
            "1.3": {
              "batsman": "ST Jayasuriya",
              "bowler": "AB Dinda",
              "non_striker": "SR Tendulkar",
              "runs": {
                "batsman": 1,
                "extras": 0,
                "total": 1
              }
            }
          },
          {
            "1.4": {
              "batsman": "SR Tendulkar",
              "bowler": "AB Dinda",
              "non_striker": "ST Jayasuriya",
              "runs": {
                "batsman": 0,
                "extras": 0,
                "total": 0
              }
            }
          },
          {
            "1.5": {
              "batsman": "SR Tendulkar",
              "bowler": "AB Dinda",
              "non_striker": "ST Jayasuriya",
              "runs": {
                "batsman": 0,
                "extras": 0,
                "total": 0
              }
            }
          },
          {
            "1.6": {
              "batsman": "SR Tendulkar",
              "bowler": "AB Dinda",
              "non_striker": "ST Jayasuriya",
              "runs": {
                "batsman": 1,
                "extras": 0,
                "total": 1
              }
            }
          },
          {
            "2.1": {
              "batsman": "SR Tendulkar",
              "bowler": "I Sharma",
              "non_striker": "ST Jayasuriya",
              "runs": {
                "batsman": 0,
                "extras": 0,
                "total": 0
              }
            }
          },
          {
            "2.2": {
              "batsman": "SR Tendulkar",
              "bowler": "I Sharma",
              "non_striker": "ST Jayasuriya",
              "runs": {
                "batsman": 0,
                "extras": 0,
                "total": 0
              }
            }
          },
          {
            "2.3": {
              "batsman": "SR Tendulkar",
              "bowler": "I Sharma",
              "non_striker": "ST Jayasuriya",
              "runs": {
                "batsman": 1,
                "extras": 0,
                "total": 1
              }
            }
          },
          {
            "2.4": {
              "batsman": "ST Jayasuriya",
              "bowler": "I Sharma",
              "extras": {
                "byes": 2
              },
              "non_striker": "SR Tendulkar",
              "runs": {
                "batsman": 0,
                "extras": 2,
                "total": 2
              }
            }
          },
          {
            "2.5": {
              "batsman": "ST Jayasuriya",
              "bowler": "I Sharma",
              "non_striker": "SR Tendulkar",
              "runs": {
                "batsman": 0,
                "extras": 0,
                "total": 0
              }
            }
          },
          {
            "2.6": {
              "batsman": "ST Jayasuriya",
              "bowler": "I Sharma",
              "non_striker": "SR Tendulkar",
              "runs": {
                "batsman": 0,
                "extras": 0,
                "total": 0
              }
            }
          },
          {
            "3.1": {
              "batsman": "SR Tendulkar",
              "bowler": "AB Dinda",
              "extras": {
                "legbyes": 1
              },
              "non_striker": "ST Jayasuriya",
              "runs": {
                "batsman": 0,
                "extras": 1,
                "total": 1
              }
            }
          },
          {
            "3.2": {
              "batsman": "ST Jayasuriya",
              "bowler": "AB Dinda",
              "non_striker": "SR Tendulkar",
              "runs": {
                "batsman": 0,
                "extras": 0,
                "total": 0
              },
              "wicket": {
                "fielders": [
                  "MN van Wyk"
                ],
                "kind": "caught",
                "player_out": "ST Jayasuriya"
              }
            }
          },
          {
            "3.3": {
              "batsman": "Harbhajan Singh",
              "bowler": "AB Dinda",
              "extras": {
                "wides": 1
              },
              "non_striker": "SR Tendulkar",
              "runs": {
                "batsman": 0,
                "extras": 1,
                "total": 1
              }
            }
          },
          {
            "3.4": {
              "batsman": "Harbhajan Singh",
              "bowler": "AB Dinda",
              "non_striker": "SR Tendulkar",
              "runs": {
                "batsman": 0,
                "extras": 0,
                "total": 0
              }
            }
          },
          {
            "3.5": {
              "batsman": "Harbhajan Singh",
              "bowler": "AB Dinda",
              "non_striker": "SR Tendulkar",
              "runs": {
                "batsman": 2,
                "extras": 0,
                "total": 2
              }
            }
          },
          {
            "3.6": {
              "batsman": "Harbhajan Singh",
              "bowler": "AB Dinda",
              "non_striker": "SR Tendulkar",
              "runs": {
                "batsman": 1,
                "extras": 0,
                "total": 1
              }
            }
          },
          {
            "3.7": {
              "batsman": "SR Tendulkar",
              "bowler": "AB Dinda",
              "non_striker": "Harbhajan Singh",
              "runs": {
                "batsman": 1,
                "extras": 0,
                "total": 1
              }
            }
          },
          {
            "4.1": {
              "batsman": "SR Tendulkar",
              "bowler": "LR Shukla",
              "non_striker": "Harbhajan Singh",
              "runs": {
                "batsman": 0,
                "extras": 0,
                "total": 0
              }
            }
          },
          {
            "4.2": {
              "batsman": "SR Tendulkar",
              "bowler": "LR Shukla",
              "non_striker": "Harbhajan Singh",
              "runs": {
                "batsman": 1,
                "extras": 0,
                "total": 1
              }
            }
          },
          {
            "4.3": {
              "batsman": "Harbhajan Singh",
              "bowler": "LR Shukla",
              "non_striker": "SR Tendulkar",
              "runs": {
                "batsman": 1,
                "extras": 0,
                "total": 1
              }
            }
          },
          {
            "4.4": {
              "batsman": "SR Tendulkar",
              "bowler": "LR Shukla",
              "non_striker": "Harbhajan Singh",
              "runs": {
                "batsman": 4,
                "extras": 0,
                "total": 4
              }
            }
          },
          {
            "4.5": {
              "batsman": "SR Tendulkar",
              "bowler": "LR Shukla",
              "non_striker": "Harbhajan Singh",
              "runs": {
                "batsman": 0,
                "extras": 0,
                "total": 0
              }
            }
          },
          {
            "4.6": {
              "batsman": "SR Tendulkar",
              "bowler": "LR Shukla",
              "non_striker": "Harbhajan Singh",
              "runs": {
                "batsman": 1,
                "extras": 0,
                "total": 1
              }
            }
          },
          {
            "5.1": {
              "batsman": "SR Tendulkar",
              "bowler": "M Kartik",
              "non_striker": "Harbhajan Singh",
              "runs": {
                "batsman": 6,
                "extras": 0,
                "total": 6
              }
            }
          },
          {
            "5.2": {
              "batsman": "SR Tendulkar",
              "bowler": "M Kartik",
              "non_striker": "Harbhajan Singh",
              "runs": {
                "batsman": 1,
                "extras": 0,
                "total": 1
              }
            }
          },
          {
            "5.3": {
              "batsman": "Harbhajan Singh",
              "bowler": "M Kartik",
              "non_striker": "SR Tendulkar",
              "runs": {
                "batsman": 2,
                "extras": 0,
                "total": 2
              }
            }
          },
          {
            "5.4": {
              "batsman": "Harbhajan Singh",
              "bowler": "M Kartik",
              "non_striker": "SR Tendulkar",
              "runs": {
                "batsman": 0,
                "extras": 0,
                "total": 0
              }
            }
          },
          {
            "5.5": {
              "batsman": "Harbhajan Singh",
              "bowler": "M Kartik",
              "non_striker": "SR Tendulkar",
              "runs": {
                "batsman": 0,
                "extras": 0,
                "total": 0
              },
              "wicket": {
                "fielders": [
                  "AB Dinda"
                ],
                "kind": "caught",
                "player_out": "Harbhajan Singh"
              }
            }
          },
          {
            "5.6": {
              "batsman": "AM Nayar",
              "bowler": "M Kartik",
              "non_striker": "SR Tendulkar",
              "runs": {
                "batsman": 0,
                "extras": 0,
                "total": 0
              }
            }
          },
          {
            "6.1": {
              "batsman": "SR Tendulkar",
              "bowler": "LR Shukla",
              "non_striker": "AM Nayar",
              "runs": {
                "batsman": 0,
                "extras": 0,
                "total": 0
              }
            }
          },
          {
            "6.2": {
              "batsman": "SR Tendulkar",
              "bowler": "LR Shukla",
              "non_striker": "AM Nayar",
              "runs": {
                "batsman": 2,
                "extras": 0,
                "total": 2
              }
            }
          },
          {
            "6.3": {
              "batsman": "SR Tendulkar",
              "bowler": "LR Shukla",
              "non_striker": "AM Nayar",
              "runs": {
                "batsman": 0,
                "extras": 0,
                "total": 0
              }
            }
          },
          {
            "6.4": {
              "batsman": "SR Tendulkar",
              "bowler": "LR Shukla",
              "non_striker": "AM Nayar",
              "runs": {
                "batsman": 0,
                "extras": 0,
                "total": 0
              }
            }
          },
          {
            "6.5": {
              "batsman": "SR Tendulkar",
              "bowler": "LR Shukla",
              "non_striker": "AM Nayar",
              "runs": {
                "batsman": 0,
                "extras": 0,
                "total": 0
              }
            }
          },
          {
            "6.6": {
              "batsman": "SR Tendulkar",
              "bowler": "LR Shukla",
              "non_striker": "AM Nayar",
              "runs": {
                "batsman": 0,
                "extras": 0,
                "total": 0
              }
            }
          },
          {
            "7.1": {
              "batsman": "AM Nayar",
              "bowler": "AB Agarkar",
              "non_striker": "SR Tendulkar",
              "runs": {
                "batsman": 1,
                "extras": 0,
                "total": 1
              }
            }
          },
          {
            "7.2": {
              "batsman": "SR Tendulkar",
              "bowler": "AB Agarkar",
              "non_striker": "AM Nayar",
              "runs": {
                "batsman": 0,
                "extras": 0,
                "total": 0
              }
            }
          },
          {
            "7.3": {
              "batsman": "SR Tendulkar",
              "bowler": "AB Agarkar",
              "non_striker": "AM Nayar",
              "runs": {
                "batsman": 6,
                "extras": 0,
                "total": 6
              }
            }
          },
          {
            "7.4": {
              "batsman": "SR Tendulkar",
              "bowler": "AB Agarkar",
              "non_striker": "AM Nayar",
              "runs": {
                "batsman": 4,
                "extras": 0,
                "total": 4
              }
            }
          },
          {
            "7.5": {
              "batsman": "SR Tendulkar",
              "bowler": "AB Agarkar",
              "extras": {
                "wides": 1
              },
              "non_striker": "AM Nayar",
              "runs": {
                "batsman": 0,
                "extras": 1,
                "total": 1
              }
            }
          },
          {
            "7.6": {
              "batsman": "SR Tendulkar",
              "bowler": "AB Agarkar",
              "non_striker": "AM Nayar",
              "runs": {
                "batsman": 0,
                "extras": 0,
                "total": 0
              },
              "wicket": {
                "fielders": [
                  "BB McCullum"
                ],
                "kind": "caught",
                "player_out": "SR Tendulkar"
              }
            }
          },
          {
            "7.7": {
              "batsman": "JP Duminy",
              "bowler": "AB Agarkar",
              "non_striker": "AM Nayar",
              "runs": {
                "batsman": 0,
                "extras": 0,
                "total": 0
              }
            }
          },
          {
            "8.1": {
              "batsman": "AM Nayar",
              "bowler": "CH Gayle",
              "non_striker": "JP Duminy",
              "runs": {
                "batsman": 0,
                "extras": 0,
                "total": 0
              }
            }
          },
          {
            "8.2": {
              "batsman": "AM Nayar",
              "bowler": "CH Gayle",
              "non_striker": "JP Duminy",
              "runs": {
                "batsman": 0,
                "extras": 0,
                "total": 0
              }
            }
          },
          {
            "8.3": {
              "batsman": "AM Nayar",
              "bowler": "CH Gayle",
              "non_striker": "JP Duminy",
              "runs": {
                "batsman": 0,
                "extras": 0,
                "total": 0
              }
            }
          },
          {
            "8.4": {
              "batsman": "AM Nayar",
              "bowler": "CH Gayle",
              "non_striker": "JP Duminy",
              "runs": {
                "batsman": 1,
                "extras": 0,
                "total": 1
              }
            }
          },
          {
            "8.5": {
              "batsman": "JP Duminy",
              "bowler": "CH Gayle",
              "non_striker": "AM Nayar",
              "runs": {
                "batsman": 0,
                "extras": 0,
                "total": 0
              }
            }
          },
          {
            "8.6": {
              "batsman": "JP Duminy",
              "bowler": "CH Gayle",
              "non_striker": "AM Nayar",
              "runs": {
                "batsman": 1,
                "extras": 0,
                "total": 1
              }
            }
          },
          {
            "9.1": {
              "batsman": "JP Duminy",
              "bowler": "BJ Hodge",
              "non_striker": "AM Nayar",
              "runs": {
                "batsman": 0,
                "extras": 0,
                "total": 0
              }
            }
          },
          {
            "9.2": {
              "batsman": "JP Duminy",
              "bowler": "BJ Hodge",
              "non_striker": "AM Nayar",
              "runs": {
                "batsman": 1,
                "extras": 0,
                "total": 1
              }
            }
          },
          {
            "9.3": {
              "batsman": "AM Nayar",
              "bowler": "BJ Hodge",
              "non_striker": "JP Duminy",
              "runs": {
                "batsman": 1,
                "extras": 0,
                "total": 1
              }
            }
          },
          {
            "9.4": {
              "batsman": "JP Duminy",
              "bowler": "BJ Hodge",
              "non_striker": "AM Nayar",
              "runs": {
                "batsman": 1,
                "extras": 0,
                "total": 1
              }
            }
          },
          {
            "9.5": {
              "batsman": "AM Nayar",
              "bowler": "BJ Hodge",
              "non_striker": "JP Duminy",
              "runs": {
                "batsman": 1,
                "extras": 0,
                "total": 1
              }
            }
          },
          {
            "9.6": {
              "batsman": "JP Duminy",
              "bowler": "BJ Hodge",
              "non_striker": "AM Nayar",
              "runs": {
                "batsman": 1,
                "extras": 0,
                "total": 1
              }
            }
          },
          {
            "10.1": {
              "batsman": "JP Duminy",
              "bowler": "CH Gayle",
              "non_striker": "AM Nayar",
              "runs": {
                "batsman": 1,
                "extras": 0,
                "total": 1
              }
            }
          },
          {
            "10.2": {
              "batsman": "AM Nayar",
              "bowler": "CH Gayle",
              "non_striker": "JP Duminy",
              "runs": {
                "batsman": 1,
                "extras": 0,
                "total": 1
              }
            }
          },
          {
            "10.3": {
              "batsman": "JP Duminy",
              "bowler": "CH Gayle",
              "non_striker": "AM Nayar",
              "runs": {
                "batsman": 0,
                "extras": 0,
                "total": 0
              }
            }
          },
          {
            "10.4": {
              "batsman": "JP Duminy",
              "bowler": "CH Gayle",
              "non_striker": "AM Nayar",
              "runs": {
                "batsman": 0,
                "extras": 0,
                "total": 0
              }
            }
          },
          {
            "10.5": {
              "batsman": "JP Duminy",
              "bowler": "CH Gayle",
              "non_striker": "AM Nayar",
              "runs": {
                "batsman": 1,
                "extras": 0,
                "total": 1
              }
            }
          },
          {
            "10.6": {
              "batsman": "AM Nayar",
              "bowler": "CH Gayle",
              "extras": {
                "legbyes": 1
              },
              "non_striker": "JP Duminy",
              "runs": {
                "batsman": 0,
                "extras": 1,
                "total": 1
              }
            }
          },
          {
            "11.1": {
              "batsman": "AM Nayar",
              "bowler": "BJ Hodge",
              "non_striker": "JP Duminy",
              "runs": {
                "batsman": 4,
                "extras": 0,
                "total": 4
              }
            }
          },
          {
            "11.2": {
              "batsman": "AM Nayar",
              "bowler": "BJ Hodge",
              "non_striker": "JP Duminy",
              "runs": {
                "batsman": 1,
                "extras": 0,
                "total": 1
              }
            }
          },
          {
            "11.3": {
              "batsman": "JP Duminy",
              "bowler": "BJ Hodge",
              "non_striker": "AM Nayar",
              "runs": {
                "batsman": 1,
                "extras": 0,
                "total": 1
              }
            }
          },
          {
            "11.4": {
              "batsman": "AM Nayar",
              "bowler": "BJ Hodge",
              "non_striker": "JP Duminy",
              "runs": {
                "batsman": 0,
                "extras": 0,
                "total": 0
              },
              "wicket": {
                "kind": "bowled",
                "player_out": "AM Nayar"
              }
            }
          },
          {
            "11.5": {
              "batsman": "GR Napier",
              "bowler": "BJ Hodge",
              "non_striker": "JP Duminy",
              "runs": {
                "batsman": 1,
                "extras": 0,
                "total": 1
              }
            }
          },
          {
            "11.6": {
              "batsman": "JP Duminy",
              "bowler": "BJ Hodge",
              "non_striker": "GR Napier",
              "runs": {
                "batsman": 1,
                "extras": 0,
                "total": 1
              }
            }
          },
          {
            "12.1": {
              "batsman": "JP Duminy",
              "bowler": "M Kartik",
              "non_striker": "GR Napier",
              "runs": {
                "batsman": 1,
                "extras": 0,
                "total": 1
              }
            }
          },
          {
            "12.2": {
              "batsman": "GR Napier",
              "bowler": "M Kartik",
              "non_striker": "JP Duminy",
              "runs": {
                "batsman": 0,
                "extras": 0,
                "total": 0
              }
            }
          },
          {
            "12.3": {
              "batsman": "GR Napier",
              "bowler": "M Kartik",
              "non_striker": "JP Duminy",
              "runs": {
                "batsman": 2,
                "extras": 0,
                "total": 2
              }
            }
          },
          {
            "12.4": {
              "batsman": "GR Napier",
              "bowler": "M Kartik",
              "non_striker": "JP Duminy",
              "runs": {
                "batsman": 0,
                "extras": 0,
                "total": 0
              }
            }
          },
          {
            "12.5": {
              "batsman": "GR Napier",
              "bowler": "M Kartik",
              "non_striker": "JP Duminy",
              "runs": {
                "batsman": 0,
                "extras": 0,
                "total": 0
              }
            }
          },
          {
            "12.6": {
              "batsman": "GR Napier",
              "bowler": "M Kartik",
              "non_striker": "JP Duminy",
              "runs": {
                "batsman": 0,
                "extras": 0,
                "total": 0
              }
            }
          },
          {
            "13.1": {
              "batsman": "JP Duminy",
              "bowler": "CH Gayle",
              "non_striker": "GR Napier",
              "runs": {
                "batsman": 1,
                "extras": 0,
                "total": 1
              }
            }
          },
          {
            "13.2": {
              "batsman": "GR Napier",
              "bowler": "CH Gayle",
              "non_striker": "JP Duminy",
              "runs": {
                "batsman": 1,
                "extras": 0,
                "total": 1
              }
            }
          },
          {
            "13.3": {
              "batsman": "JP Duminy",
              "bowler": "CH Gayle",
              "non_striker": "GR Napier",
              "runs": {
                "batsman": 1,
                "extras": 0,
                "total": 1
              }
            }
          },
          {
            "13.4": {
              "batsman": "GR Napier",
              "bowler": "CH Gayle",
              "non_striker": "JP Duminy",
              "runs": {
                "batsman": 2,
                "extras": 0,
                "total": 2
              }
            }
          },
          {
            "13.5": {
              "batsman": "GR Napier",
              "bowler": "CH Gayle",
              "non_striker": "JP Duminy",
              "runs": {
                "batsman": 0,
                "extras": 0,
                "total": 0
              }
            }
          },
          {
            "13.6": {
              "batsman": "GR Napier",
              "bowler": "CH Gayle",
              "non_striker": "JP Duminy",
              "runs": {
                "batsman": 2,
                "extras": 0,
                "total": 2
              }
            }
          },
          {
            "14.1": {
              "batsman": "JP Duminy",
              "bowler": "I Sharma",
              "non_striker": "GR Napier",
              "runs": {
                "batsman": 0,
                "extras": 0,
                "total": 0
              }
            }
          },
          {
            "14.2": {
              "batsman": "JP Duminy",
              "bowler": "I Sharma",
              "non_striker": "GR Napier",
              "runs": {
                "batsman": 1,
                "extras": 0,
                "total": 1
              }
            }
          },
          {
            "14.3": {
              "batsman": "GR Napier",
              "bowler": "I Sharma",
              "non_striker": "JP Duminy",
              "runs": {
                "batsman": 1,
                "extras": 0,
                "total": 1
              }
            }
          },
          {
            "14.4": {
              "batsman": "JP Duminy",
              "bowler": "I Sharma",
              "non_striker": "GR Napier",
              "runs": {
                "batsman": 1,
                "extras": 0,
                "total": 1
              }
            }
          },
          {
            "14.5": {
              "batsman": "GR Napier",
              "bowler": "I Sharma",
              "non_striker": "JP Duminy",
              "runs": {
                "batsman": 1,
                "extras": 0,
                "total": 1
              }
            }
          },
          {
            "14.6": {
              "batsman": "JP Duminy",
              "bowler": "I Sharma",
              "non_striker": "GR Napier",
              "runs": {
                "batsman": 1,
                "extras": 0,
                "total": 1
              }
            }
          },
          {
            "15.1": {
              "batsman": "JP Duminy",
              "bowler": "CH Gayle",
              "non_striker": "GR Napier",
              "runs": {
                "batsman": 1,
                "extras": 0,
                "total": 1
              }
            }
          },
          {
            "15.2": {
              "batsman": "GR Napier",
              "bowler": "CH Gayle",
              "non_striker": "JP Duminy",
              "runs": {
                "batsman": 0,
                "extras": 0,
                "total": 0
              }
            }
          },
          {
            "15.3": {
              "batsman": "GR Napier",
              "bowler": "CH Gayle",
              "non_striker": "JP Duminy",
              "runs": {
                "batsman": 1,
                "extras": 0,
                "total": 1
              }
            }
          },
          {
            "15.4": {
              "batsman": "JP Duminy",
              "bowler": "CH Gayle",
              "extras": {
                "wides": 2
              },
              "non_striker": "GR Napier",
              "runs": {
                "batsman": 0,
                "extras": 2,
                "total": 2
              }
            }
          },
          {
            "15.5": {
              "batsman": "GR Napier",
              "bowler": "CH Gayle",
              "non_striker": "JP Duminy",
              "runs": {
                "batsman": 4,
                "extras": 0,
                "total": 4
              }
            }
          },
          {
            "15.6": {
              "batsman": "GR Napier",
              "bowler": "CH Gayle",
              "non_striker": "JP Duminy",
              "runs": {
                "batsman": 0,
                "extras": 0,
                "total": 0
              },
              "wicket": {
                "fielders": [
                  "BB McCullum"
                ],
                "kind": "caught",
                "player_out": "GR Napier"
              }
            }
          },
          {
            "15.7": {
              "batsman": "JP Duminy",
              "bowler": "CH Gayle",
              "non_striker": "AM Rahane",
              "runs": {
                "batsman": 1,
                "extras": 0,
                "total": 1
              }
            }
          },
          {
            "16.1": {
              "batsman": "JP Duminy",
              "bowler": "M Kartik",
              "non_striker": "AM Rahane",
              "runs": {
                "batsman": 1,
                "extras": 0,
                "total": 1
              }
            }
          },
          {
            "16.2": {
              "batsman": "AM Rahane",
              "bowler": "M Kartik",
              "non_striker": "JP Duminy",
              "runs": {
                "batsman": 1,
                "extras": 0,
                "total": 1
              }
            }
          },
          {
            "16.3": {
              "batsman": "JP Duminy",
              "bowler": "M Kartik",
              "non_striker": "AM Rahane",
              "runs": {
                "batsman": 4,
                "extras": 0,
                "total": 4
              }
            }
          },
          {
            "16.4": {
              "batsman": "JP Duminy",
              "bowler": "M Kartik",
              "extras": {
                "legbyes": 1
              },
              "non_striker": "AM Rahane",
              "runs": {
                "batsman": 0,
                "extras": 1,
                "total": 1
              }
            }
          },
          {
            "16.5": {
              "batsman": "AM Rahane",
              "bowler": "M Kartik",
              "non_striker": "JP Duminy",
              "runs": {
                "batsman": 1,
                "extras": 0,
                "total": 1
              }
            }
          },
          {
            "16.6": {
              "batsman": "JP Duminy",
              "bowler": "M Kartik",
              "non_striker": "AM Rahane",
              "runs": {
                "batsman": 1,
                "extras": 0,
                "total": 1
              }
            }
          },
          {
            "17.1": {
              "batsman": "JP Duminy",
              "bowler": "LR Shukla",
              "non_striker": "AM Rahane",
              "runs": {
                "batsman": 6,
                "extras": 0,
                "total": 6
              }
            }
          },
          {
            "17.2": {
              "batsman": "JP Duminy",
              "bowler": "LR Shukla",
              "non_striker": "AM Rahane",
              "runs": {
                "batsman": 1,
                "extras": 0,
                "total": 1
              }
            }
          },
          {
            "17.3": {
              "batsman": "AM Rahane",
              "bowler": "LR Shukla",
              "non_striker": "JP Duminy",
              "runs": {
                "batsman": 1,
                "extras": 0,
                "total": 1
              }
            }
          },
          {
            "17.4": {
              "batsman": "JP Duminy",
              "bowler": "LR Shukla",
              "non_striker": "AM Rahane",
              "runs": {
                "batsman": 6,
                "extras": 0,
                "total": 6
              }
            }
          },
          {
            "17.5": {
              "batsman": "JP Duminy",
              "bowler": "LR Shukla",
              "non_striker": "AM Rahane",
              "runs": {
                "batsman": 1,
                "extras": 0,
                "total": 1
              }
            }
          },
          {
            "17.6": {
              "batsman": "AM Rahane",
              "bowler": "LR Shukla",
              "non_striker": "JP Duminy",
              "runs": {
                "batsman": 1,
                "extras": 0,
                "total": 1
              }
            }
          },
          {
            "18.1": {
              "batsman": "AM Rahane",
              "bowler": "I Sharma",
              "non_striker": "JP Duminy",
              "runs": {
                "batsman": 4,
                "extras": 0,
                "total": 4
              }
            }
          },
          {
            "18.2": {
              "batsman": "AM Rahane",
              "bowler": "I Sharma",
              "extras": {
                "noballs": 1
              },
              "non_striker": "JP Duminy",
              "runs": {
                "batsman": 1,
                "extras": 1,
                "total": 2
              }
            }
          },
          {
            "18.3": {
              "batsman": "JP Duminy",
              "bowler": "I Sharma",
              "extras": {
                "byes": 1
              },
              "non_striker": "AM Rahane",
              "runs": {
                "batsman": 0,
                "extras": 1,
                "total": 1
              }
            }
          },
          {
            "18.4": {
              "batsman": "AM Rahane",
              "bowler": "I Sharma",
              "non_striker": "JP Duminy",
              "runs": {
                "batsman": 1,
                "extras": 0,
                "total": 1
              }
            }
          },
          {
            "18.5": {
              "batsman": "JP Duminy",
              "bowler": "I Sharma",
              "non_striker": "AM Rahane",
              "runs": {
                "batsman": 1,
                "extras": 0,
                "total": 1
              }
            }
          },
          {
            "18.6": {
              "batsman": "AM Rahane",
              "bowler": "I Sharma",
              "non_striker": "JP Duminy",
              "runs": {
                "batsman": 0,
                "extras": 0,
                "total": 0
              },
              "wicket": {
                "fielders": [
                  "CH Gayle"
                ],
                "kind": "caught",
                "player_out": "AM Rahane"
              }
            }
          },
          {
            "18.7": {
              "batsman": "JP Duminy",
              "bowler": "I Sharma",
              "non_striker": "Z Khan",
              "runs": {
                "batsman": 1,
                "extras": 0,
                "total": 1
              }
            }
          },
          {
            "19.1": {
              "batsman": "JP Duminy",
              "bowler": "AB Dinda",
              "non_striker": "Z Khan",
              "runs": {
                "batsman": 1,
                "extras": 0,
                "total": 1
              }
            }
          },
          {
            "19.2": {
              "batsman": "Z Khan",
              "bowler": "AB Dinda",
              "non_striker": "JP Duminy",
              "runs": {
                "batsman": 1,
                "extras": 0,
                "total": 1
              }
            }
          },
          {
            "19.3": {
              "batsman": "JP Duminy",
              "bowler": "AB Dinda",
              "non_striker": "Z Khan",
              "runs": {
                "batsman": 6,
                "extras": 0,
                "total": 6
              }
            }
          },
          {
            "19.4": {
              "batsman": "JP Duminy",
              "bowler": "AB Dinda",
              "non_striker": "Z Khan",
              "runs": {
                "batsman": 1,
                "extras": 0,
                "total": 1
              }
            }
          },
          {
            "19.5": {
              "batsman": "Z Khan",
              "bowler": "AB Dinda",
              "non_striker": "JP Duminy",
              "runs": {
                "batsman": 1,
                "extras": 0,
                "total": 1
              }
            }
          },
          {
            "19.6": {
              "batsman": "JP Duminy",
              "bowler": "AB Dinda",
              "non_striker": "Z Khan",
              "runs": {
                "batsman": 6,
                "extras": 0,
                "total": 6
              }
            }
          }
        ]
      }
    },
    {
      "2nd innings": {
        "team": "Kolkata Knight Riders",
        "deliveries": [
          {
            "0.1": {
              "batsman": "CH Gayle",
              "bowler": "Z Khan",
              "non_striker": "SC Ganguly",
              "runs": {
                "batsman": 0,
                "extras": 0,
                "total": 0
              }
            }
          },
          {
            "0.2": {
              "batsman": "CH Gayle",
              "bowler": "Z Khan",
              "non_striker": "SC Ganguly",
              "runs": {
                "batsman": 0,
                "extras": 0,
                "total": 0
              }
            }
          },
          {
            "0.3": {
              "batsman": "CH Gayle",
              "bowler": "Z Khan",
              "non_striker": "SC Ganguly",
              "runs": {
                "batsman": 1,
                "extras": 0,
                "total": 1
              }
            }
          },
          {
            "0.4": {
              "batsman": "SC Ganguly",
              "bowler": "Z Khan",
              "non_striker": "CH Gayle",
              "runs": {
                "batsman": 0,
                "extras": 0,
                "total": 0
              },
              "wicket": {
                "kind": "bowled",
                "player_out": "SC Ganguly"
              }
            }
          },
          {
            "0.5": {
              "batsman": "BJ Hodge",
              "bowler": "Z Khan",
              "non_striker": "CH Gayle",
              "runs": {
                "batsman": 0,
                "extras": 0,
                "total": 0
              }
            }
          },
          {
            "0.6": {
              "batsman": "BJ Hodge",
              "bowler": "Z Khan",
              "non_striker": "CH Gayle",
              "runs": {
                "batsman": 0,
                "extras": 0,
                "total": 0
              }
            }
          },
          {
            "1.1": {
              "batsman": "CH Gayle",
              "bowler": "GR Napier",
              "non_striker": "BJ Hodge",
              "runs": {
                "batsman": 1,
                "extras": 0,
                "total": 1
              }
            }
          },
          {
            "1.2": {
              "batsman": "BJ Hodge",
              "bowler": "GR Napier",
              "non_striker": "CH Gayle",
              "runs": {
                "batsman": 0,
                "extras": 0,
                "total": 0
              }
            }
          },
          {
            "1.3": {
              "batsman": "BJ Hodge",
              "bowler": "GR Napier",
              "non_striker": "CH Gayle",
              "runs": {
                "batsman": 1,
                "extras": 0,
                "total": 1
              }
            }
          },
          {
            "1.4": {
              "batsman": "CH Gayle",
              "bowler": "GR Napier",
              "non_striker": "BJ Hodge",
              "runs": {
                "batsman": 1,
                "extras": 0,
                "total": 1
              }
            }
          },
          {
            "1.5": {
              "batsman": "BJ Hodge",
              "bowler": "GR Napier",
              "non_striker": "CH Gayle",
              "runs": {
                "batsman": 0,
                "extras": 0,
                "total": 0
              }
            }
          },
          {
            "1.6": {
              "batsman": "BJ Hodge",
              "bowler": "GR Napier",
              "non_striker": "CH Gayle",
              "runs": {
                "batsman": 0,
                "extras": 0,
                "total": 0
              }
            }
          },
          {
            "2.1": {
              "batsman": "CH Gayle",
              "bowler": "Z Khan",
              "non_striker": "BJ Hodge",
              "runs": {
                "batsman": 4,
                "extras": 0,
                "total": 4
              }
            }
          },
          {
            "2.2": {
              "batsman": "CH Gayle",
              "bowler": "Z Khan",
              "non_striker": "BJ Hodge",
              "runs": {
                "batsman": 0,
                "extras": 0,
                "total": 0
              },
              "wicket": {
                "kind": "bowled",
                "player_out": "CH Gayle"
              }
            }
          },
          {
            "2.3": {
              "batsman": "MN van Wyk",
              "bowler": "Z Khan",
              "non_striker": "BJ Hodge",
              "runs": {
                "batsman": 0,
                "extras": 0,
                "total": 0
              }
            }
          },
          {
            "2.4": {
              "batsman": "MN van Wyk",
              "bowler": "Z Khan",
              "extras": {
                "wides": 1
              },
              "non_striker": "BJ Hodge",
              "runs": {
                "batsman": 0,
                "extras": 1,
                "total": 1
              }
            }
          },
          {
            "2.5": {
              "batsman": "MN van Wyk",
              "bowler": "Z Khan",
              "non_striker": "BJ Hodge",
              "runs": {
                "batsman": 0,
                "extras": 0,
                "total": 0
              }
            }
          },
          {
            "2.6": {
              "batsman": "MN van Wyk",
              "bowler": "Z Khan",
              "non_striker": "BJ Hodge",
              "runs": {
                "batsman": 0,
                "extras": 0,
                "total": 0
              }
            }
          },
          {
            "2.7": {
              "batsman": "MN van Wyk",
              "bowler": "Z Khan",
              "non_striker": "BJ Hodge",
              "runs": {
                "batsman": 4,
                "extras": 0,
                "total": 4
              }
            }
          },
          {
            "3.1": {
              "batsman": "BJ Hodge",
              "bowler": "Harbhajan Singh",
              "non_striker": "MN van Wyk",
              "runs": {
                "batsman": 0,
                "extras": 0,
                "total": 0
              }
            }
          },
          {
            "3.2": {
              "batsman": "BJ Hodge",
              "bowler": "Harbhajan Singh",
              "non_striker": "MN van Wyk",
              "runs": {
                "batsman": 1,
                "extras": 0,
                "total": 1
              }
            }
          },
          {
            "3.3": {
              "batsman": "MN van Wyk",
              "bowler": "Harbhajan Singh",
              "non_striker": "BJ Hodge",
              "runs": {
                "batsman": 0,
                "extras": 0,
                "total": 0
              }
            }
          },
          {
            "3.4": {
              "batsman": "MN van Wyk",
              "bowler": "Harbhajan Singh",
              "non_striker": "BJ Hodge",
              "runs": {
                "batsman": 0,
                "extras": 0,
                "total": 0
              }
            }
          },
          {
            "3.5": {
              "batsman": "MN van Wyk",
              "bowler": "Harbhajan Singh",
              "non_striker": "BJ Hodge",
              "runs": {
                "batsman": 1,
                "extras": 0,
                "total": 1
              }
            }
          },
          {
            "3.6": {
              "batsman": "BJ Hodge",
              "bowler": "Harbhajan Singh",
              "non_striker": "MN van Wyk",
              "runs": {
                "batsman": 0,
                "extras": 0,
                "total": 0
              }
            }
          },
          {
            "4.1": {
              "batsman": "MN van Wyk",
              "bowler": "SL Malinga",
              "non_striker": "BJ Hodge",
              "runs": {
                "batsman": 0,
                "extras": 0,
                "total": 0
              }
            }
          },
          {
            "4.2": {
              "batsman": "MN van Wyk",
              "bowler": "SL Malinga",
              "non_striker": "BJ Hodge",
              "runs": {
                "batsman": 4,
                "extras": 0,
                "total": 4
              }
            }
          },
          {
            "4.3": {
              "batsman": "MN van Wyk",
              "bowler": "SL Malinga",
              "non_striker": "BJ Hodge",
              "runs": {
                "batsman": 0,
                "extras": 0,
                "total": 0
              }
            }
          },
          {
            "4.4": {
              "batsman": "MN van Wyk",
              "bowler": "SL Malinga",
              "non_striker": "BJ Hodge",
              "runs": {
                "batsman": 1,
                "extras": 0,
                "total": 1
              }
            }
          },
          {
            "4.5": {
              "batsman": "BJ Hodge",
              "bowler": "SL Malinga",
              "non_striker": "MN van Wyk",
              "runs": {
                "batsman": 1,
                "extras": 0,
                "total": 1
              }
            }
          },
          {
            "4.6": {
              "batsman": "MN van Wyk",
              "bowler": "SL Malinga",
              "non_striker": "BJ Hodge",
              "runs": {
                "batsman": 0,
                "extras": 0,
                "total": 0
              }
            }
          },
          {
            "5.1": {
              "batsman": "BJ Hodge",
              "bowler": "Harbhajan Singh",
              "non_striker": "MN van Wyk",
              "runs": {
                "batsman": 0,
                "extras": 0,
                "total": 0
              }
            }
          },
          {
            "5.2": {
              "batsman": "BJ Hodge",
              "bowler": "Harbhajan Singh",
              "non_striker": "MN van Wyk",
              "runs": {
                "batsman": 0,
                "extras": 0,
                "total": 0
              }
            }
          },
          {
            "5.3": {
              "batsman": "BJ Hodge",
              "bowler": "Harbhajan Singh",
              "non_striker": "MN van Wyk",
              "runs": {
                "batsman": 0,
                "extras": 0,
                "total": 0
              }
            }
          },
          {
            "5.4": {
              "batsman": "BJ Hodge",
              "bowler": "Harbhajan Singh",
              "non_striker": "MN van Wyk",
              "runs": {
                "batsman": 0,
                "extras": 0,
                "total": 0
              }
            }
          },
          {
            "5.5": {
              "batsman": "BJ Hodge",
              "bowler": "Harbhajan Singh",
              "non_striker": "MN van Wyk",
              "runs": {
                "batsman": 4,
                "extras": 0,
                "total": 4
              }
            }
          },
          {
            "5.6": {
              "batsman": "BJ Hodge",
              "bowler": "Harbhajan Singh",
              "non_striker": "MN van Wyk",
              "runs": {
                "batsman": 1,
                "extras": 0,
                "total": 1
              }
            }
          },
          {
            "6.1": {
              "batsman": "BJ Hodge",
              "bowler": "ST Jayasuriya",
              "non_striker": "MN van Wyk",
              "runs": {
                "batsman": 1,
                "extras": 0,
                "total": 1
              }
            }
          },
          {
            "6.2": {
              "batsman": "MN van Wyk",
              "bowler": "ST Jayasuriya",
              "non_striker": "BJ Hodge",
              "runs": {
                "batsman": 1,
                "extras": 0,
                "total": 1
              }
            }
          },
          {
            "6.3": {
              "batsman": "BJ Hodge",
              "bowler": "ST Jayasuriya",
              "non_striker": "MN van Wyk",
              "runs": {
                "batsman": 6,
                "extras": 0,
                "total": 6
              }
            }
          },
          {
            "6.4": {
              "batsman": "BJ Hodge",
              "bowler": "ST Jayasuriya",
              "extras": {
                "wides": 1
              },
              "non_striker": "MN van Wyk",
              "runs": {
                "batsman": 0,
                "extras": 1,
                "total": 1
              }
            }
          },
          {
            "6.5": {
              "batsman": "BJ Hodge",
              "bowler": "ST Jayasuriya",
              "extras": {
                "wides": 1
              },
              "non_striker": "MN van Wyk",
              "runs": {
                "batsman": 0,
                "extras": 1,
                "total": 1
              }
            }
          },
          {
            "6.6": {
              "batsman": "BJ Hodge",
              "bowler": "ST Jayasuriya",
              "non_striker": "MN van Wyk",
              "runs": {
                "batsman": 1,
                "extras": 0,
                "total": 1
              }
            }
          },
          {
            "6.7": {
              "batsman": "MN van Wyk",
              "bowler": "ST Jayasuriya",
              "non_striker": "BJ Hodge",
              "runs": {
                "batsman": 1,
                "extras": 0,
                "total": 1
              }
            }
          },
          {
            "6.8": {
              "batsman": "BJ Hodge",
              "bowler": "ST Jayasuriya",
              "non_striker": "MN van Wyk",
              "runs": {
                "batsman": 1,
                "extras": 0,
                "total": 1
              }
            }
          },
          {
            "7.1": {
              "batsman": "BJ Hodge",
              "bowler": "AM Nayar",
              "non_striker": "MN van Wyk",
              "runs": {
                "batsman": 0,
                "extras": 0,
                "total": 0
              }
            }
          },
          {
            "7.2": {
              "batsman": "BJ Hodge",
              "bowler": "AM Nayar",
              "non_striker": "MN van Wyk",
              "runs": {
                "batsman": 0,
                "extras": 0,
                "total": 0
              }
            }
          },
          {
            "7.3": {
              "batsman": "BJ Hodge",
              "bowler": "AM Nayar",
              "non_striker": "MN van Wyk",
              "runs": {
                "batsman": 2,
                "extras": 0,
                "total": 2
              }
            }
          },
          {
            "7.4": {
              "batsman": "BJ Hodge",
              "bowler": "AM Nayar",
              "non_striker": "MN van Wyk",
              "runs": {
                "batsman": 2,
                "extras": 0,
                "total": 2
              }
            }
          },
          {
            "7.5": {
              "batsman": "BJ Hodge",
              "bowler": "AM Nayar",
              "non_striker": "MN van Wyk",
              "runs": {
                "batsman": 1,
                "extras": 0,
                "total": 1
              }
            }
          },
          {
            "7.6": {
              "batsman": "MN van Wyk",
              "bowler": "AM Nayar",
              "non_striker": "BJ Hodge",
              "runs": {
                "batsman": 0,
                "extras": 0,
                "total": 0
              }
            }
          },
          {
            "8.1": {
              "batsman": "BJ Hodge",
              "bowler": "GR Napier",
              "non_striker": "MN van Wyk",
              "runs": {
                "batsman": 0,
                "extras": 0,
                "total": 0
              }
            }
          },
          {
            "8.2": {
              "batsman": "BJ Hodge",
              "bowler": "GR Napier",
              "non_striker": "MN van Wyk",
              "runs": {
                "batsman": 0,
                "extras": 0,
                "total": 0
              }
            }
          },
          {
            "8.3": {
              "batsman": "BJ Hodge",
              "bowler": "GR Napier",
              "non_striker": "MN van Wyk",
              "runs": {
                "batsman": 6,
                "extras": 0,
                "total": 6
              }
            }
          },
          {
            "8.4": {
              "batsman": "BJ Hodge",
              "bowler": "GR Napier",
              "non_striker": "MN van Wyk",
              "runs": {
                "batsman": 1,
                "extras": 0,
                "total": 1
              }
            }
          },
          {
            "8.5": {
              "batsman": "MN van Wyk",
              "bowler": "GR Napier",
              "non_striker": "BJ Hodge",
              "runs": {
                "batsman": 1,
                "extras": 0,
                "total": 1
              }
            }
          },
          {
            "8.6": {
              "batsman": "BJ Hodge",
              "bowler": "GR Napier",
              "non_striker": "MN van Wyk",
              "runs": {
                "batsman": 2,
                "extras": 0,
                "total": 2
              }
            }
          },
          {
            "9.1": {
              "batsman": "MN van Wyk",
              "bowler": "AM Nayar",
              "non_striker": "BJ Hodge",
              "runs": {
                "batsman": 1,
                "extras": 0,
                "total": 1
              }
            }
          },
          {
            "9.2": {
              "batsman": "BJ Hodge",
              "bowler": "AM Nayar",
              "non_striker": "MN van Wyk",
              "runs": {
                "batsman": 1,
                "extras": 0,
                "total": 1
              }
            }
          },
          {
            "9.3": {
              "batsman": "MN van Wyk",
              "bowler": "AM Nayar",
              "extras": {
                "wides": 1
              },
              "non_striker": "BJ Hodge",
              "runs": {
                "batsman": 0,
                "extras": 1,
                "total": 1
              }
            }
          },
          {
            "9.4": {
              "batsman": "MN van Wyk",
              "bowler": "AM Nayar",
              "non_striker": "BJ Hodge",
              "runs": {
                "batsman": 1,
                "extras": 0,
                "total": 1
              }
            }
          },
          {
            "9.5": {
              "batsman": "BJ Hodge",
              "bowler": "AM Nayar",
              "non_striker": "MN van Wyk",
              "runs": {
                "batsman": 1,
                "extras": 0,
                "total": 1
              }
            }
          },
          {
            "9.6": {
              "batsman": "MN van Wyk",
              "bowler": "AM Nayar",
              "non_striker": "BJ Hodge",
              "runs": {
                "batsman": 1,
                "extras": 0,
                "total": 1
              }
            }
          },
          {
            "9.7": {
              "batsman": "BJ Hodge",
              "bowler": "AM Nayar",
              "non_striker": "MN van Wyk",
              "runs": {
                "batsman": 0,
                "extras": 0,
                "total": 0
              }
            }
          },
          {
            "10.1": {
              "batsman": "MN van Wyk",
              "bowler": "GR Napier",
              "non_striker": "BJ Hodge",
              "runs": {
                "batsman": 1,
                "extras": 0,
                "total": 1
              }
            }
          },
          {
            "10.2": {
              "batsman": "BJ Hodge",
              "bowler": "GR Napier",
              "non_striker": "MN van Wyk",
              "runs": {
                "batsman": 1,
                "extras": 0,
                "total": 1
              }
            }
          },
          {
            "10.3": {
              "batsman": "MN van Wyk",
              "bowler": "GR Napier",
              "non_striker": "BJ Hodge",
              "runs": {
                "batsman": 1,
                "extras": 0,
                "total": 1
              }
            }
          },
          {
            "10.4": {
              "batsman": "BJ Hodge",
              "bowler": "GR Napier",
              "non_striker": "MN van Wyk",
              "runs": {
                "batsman": 1,
                "extras": 0,
                "total": 1
              }
            }
          },
          {
            "10.5": {
              "batsman": "MN van Wyk",
              "bowler": "GR Napier",
              "non_striker": "BJ Hodge",
              "runs": {
                "batsman": 0,
                "extras": 0,
                "total": 0
              }
            }
          },
          {
            "10.6": {
              "batsman": "MN van Wyk",
              "bowler": "GR Napier",
              "extras": {
                "legbyes": 1
              },
              "non_striker": "BJ Hodge",
              "runs": {
                "batsman": 0,
                "extras": 1,
                "total": 1
              }
            }
          },
          {
            "11.1": {
              "batsman": "MN van Wyk",
              "bowler": "Harbhajan Singh",
              "non_striker": "BJ Hodge",
              "runs": {
                "batsman": 0,
                "extras": 0,
                "total": 0
              }
            }
          },
          {
            "11.2": {
              "batsman": "MN van Wyk",
              "bowler": "Harbhajan Singh",
              "non_striker": "BJ Hodge",
              "runs": {
                "batsman": 4,
                "extras": 0,
                "total": 4
              }
            }
          },
          {
            "11.3": {
              "batsman": "MN van Wyk",
              "bowler": "Harbhajan Singh",
              "non_striker": "BJ Hodge",
              "runs": {
                "batsman": 2,
                "extras": 0,
                "total": 2
              }
            }
          },
          {
            "11.4": {
              "batsman": "MN van Wyk",
              "bowler": "Harbhajan Singh",
              "non_striker": "BJ Hodge",
              "runs": {
                "batsman": 2,
                "extras": 0,
                "total": 2
              }
            }
          },
          {
            "11.5": {
              "batsman": "MN van Wyk",
              "bowler": "Harbhajan Singh",
              "non_striker": "BJ Hodge",
              "runs": {
                "batsman": 0,
                "extras": 0,
                "total": 0
              }
            }
          },
          {
            "11.6": {
              "batsman": "MN van Wyk",
              "bowler": "Harbhajan Singh",
              "non_striker": "BJ Hodge",
              "runs": {
                "batsman": 2,
                "extras": 0,
                "total": 2
              }
            }
          },
          {
            "12.1": {
              "batsman": "BJ Hodge",
              "bowler": "SL Malinga",
              "extras": {
                "wides": 1
              },
              "non_striker": "MN van Wyk",
              "runs": {
                "batsman": 0,
                "extras": 1,
                "total": 1
              }
            }
          },
          {
            "12.2": {
              "batsman": "BJ Hodge",
              "bowler": "SL Malinga",
              "non_striker": "MN van Wyk",
              "runs": {
                "batsman": 1,
                "extras": 0,
                "total": 1
              }
            }
          },
          {
            "12.3": {
              "batsman": "MN van Wyk",
              "bowler": "SL Malinga",
              "non_striker": "BJ Hodge",
              "runs": {
                "batsman": 0,
                "extras": 0,
                "total": 0
              }
            }
          },
          {
            "12.4": {
              "batsman": "MN van Wyk",
              "bowler": "SL Malinga",
              "non_striker": "BJ Hodge",
              "runs": {
                "batsman": 2,
                "extras": 0,
                "total": 2
              }
            }
          },
          {
            "12.5": {
              "batsman": "MN van Wyk",
              "bowler": "SL Malinga",
              "non_striker": "BJ Hodge",
              "runs": {
                "batsman": 1,
                "extras": 0,
                "total": 1
              }
            }
          },
          {
            "12.6": {
              "batsman": "BJ Hodge",
              "bowler": "SL Malinga",
              "non_striker": "MN van Wyk",
              "runs": {
                "batsman": 0,
                "extras": 0,
                "total": 0
              }
            }
          },
          {
            "12.7": {
              "batsman": "BJ Hodge",
              "bowler": "SL Malinga",
              "non_striker": "MN van Wyk",
              "runs": {
                "batsman": 1,
                "extras": 0,
                "total": 1
              }
            }
          },
          {
            "13.1": {
              "batsman": "BJ Hodge",
              "bowler": "Harbhajan Singh",
              "non_striker": "MN van Wyk",
              "runs": {
                "batsman": 0,
                "extras": 0,
                "total": 0
              }
            }
          },
          {
            "13.2": {
              "batsman": "BJ Hodge",
              "bowler": "Harbhajan Singh",
              "non_striker": "MN van Wyk",
              "runs": {
                "batsman": 4,
                "extras": 0,
                "total": 4
              }
            }
          },
          {
            "13.3": {
              "batsman": "BJ Hodge",
              "bowler": "Harbhajan Singh",
              "non_striker": "MN van Wyk",
              "runs": {
                "batsman": 1,
                "extras": 0,
                "total": 1
              }
            }
          },
          {
            "13.4": {
              "batsman": "MN van Wyk",
              "bowler": "Harbhajan Singh",
              "non_striker": "BJ Hodge",
              "runs": {
                "batsman": 0,
                "extras": 0,
                "total": 0
              }
            }
          },
          {
            "13.5": {
              "batsman": "MN van Wyk",
              "bowler": "Harbhajan Singh",
              "non_striker": "BJ Hodge",
              "runs": {
                "batsman": 1,
                "extras": 0,
                "total": 1
              }
            }
          },
          {
            "13.6": {
              "batsman": "BJ Hodge",
              "bowler": "Harbhajan Singh",
              "non_striker": "MN van Wyk",
              "runs": {
                "batsman": 1,
                "extras": 0,
                "total": 1
              }
            }
          },
          {
            "14.1": {
              "batsman": "BJ Hodge",
              "bowler": "GR Napier",
              "non_striker": "MN van Wyk",
              "runs": {
                "batsman": 4,
                "extras": 0,
                "total": 4
              }
            }
          },
          {
            "14.2": {
              "batsman": "BJ Hodge",
              "bowler": "GR Napier",
              "non_striker": "MN van Wyk",
              "runs": {
                "batsman": 4,
                "extras": 0,
                "total": 4
              }
            }
          },
          {
            "14.3": {
              "batsman": "BJ Hodge",
              "bowler": "GR Napier",
              "non_striker": "MN van Wyk",
              "runs": {
                "batsman": 0,
                "extras": 0,
                "total": 0
              }
            }
          },
          {
            "14.4": {
              "batsman": "BJ Hodge",
              "bowler": "GR Napier",
              "non_striker": "MN van Wyk",
              "runs": {
                "batsman": 1,
                "extras": 0,
                "total": 1
              }
            }
          },
          {
            "14.5": {
              "batsman": "MN van Wyk",
              "bowler": "GR Napier",
              "non_striker": "BJ Hodge",
              "runs": {
                "batsman": 0,
                "extras": 0,
                "total": 0
              },
              "wicket": {
                "fielders": [
                  "JP Duminy"
                ],
                "kind": "caught",
                "player_out": "MN van Wyk"
              }
            }
          },
          {
            "14.6": {
              "batsman": "BJ Hodge",
              "bowler": "GR Napier",
              "non_striker": "LR Shukla",
              "runs": {
                "batsman": 1,
                "extras": 0,
                "total": 1
              }
            }
          },
          {
            "15.1": {
              "batsman": "BJ Hodge",
              "bowler": "Z Khan",
              "non_striker": "LR Shukla",
              "runs": {
                "batsman": 1,
                "extras": 0,
                "total": 1
              }
            }
          },
          {
            "15.2": {
              "batsman": "LR Shukla",
              "bowler": "Z Khan",
              "non_striker": "BJ Hodge",
              "runs": {
                "batsman": 1,
                "extras": 0,
                "total": 1
              }
            }
          },
          {
            "15.3": {
              "batsman": "BJ Hodge",
              "bowler": "Z Khan",
              "extras": {
                "noballs": 1
              },
              "non_striker": "LR Shukla",
              "runs": {
                "batsman": 0,
                "extras": 1,
                "total": 1
              }
            }
          },
          {
            "15.4": {
              "batsman": "BJ Hodge",
              "bowler": "Z Khan",
              "non_striker": "LR Shukla",
              "runs": {
                "batsman": 6,
                "extras": 0,
                "total": 6
              }
            }
          },
          {
            "15.5": {
              "batsman": "BJ Hodge",
              "bowler": "Z Khan",
              "non_striker": "LR Shukla",
              "runs": {
                "batsman": 1,
                "extras": 0,
                "total": 1
              }
            }
          },
          {
            "15.6": {
              "batsman": "LR Shukla",
              "bowler": "Z Khan",
              "non_striker": "BJ Hodge",
              "runs": {
                "batsman": 1,
                "extras": 0,
                "total": 1
              }
            }
          },
          {
            "15.7": {
              "batsman": "BJ Hodge",
              "bowler": "Z Khan",
              "non_striker": "LR Shukla",
              "runs": {
                "batsman": 2,
                "extras": 0,
                "total": 2
              }
            }
          },
          {
            "16.1": {
              "batsman": "LR Shukla",
              "bowler": "SL Malinga",
              "non_striker": "BJ Hodge",
              "runs": {
                "batsman": 1,
                "extras": 0,
                "total": 1
              }
            }
          },
          {
            "16.2": {
              "batsman": "BJ Hodge",
              "bowler": "SL Malinga",
              "non_striker": "LR Shukla",
              "runs": {
                "batsman": 1,
                "extras": 0,
                "total": 1
              }
            }
          },
          {
            "16.3": {
              "batsman": "LR Shukla",
              "bowler": "SL Malinga",
              "non_striker": "BJ Hodge",
              "runs": {
                "batsman": 0,
                "extras": 0,
                "total": 0
              }
            }
          },
          {
            "16.4": {
              "batsman": "LR Shukla",
              "bowler": "SL Malinga",
              "non_striker": "BJ Hodge",
              "runs": {
                "batsman": 1,
                "extras": 0,
                "total": 1
              }
            }
          },
          {
            "16.5": {
              "batsman": "BJ Hodge",
              "bowler": "SL Malinga",
              "extras": {
                "wides": 1
              },
              "non_striker": "LR Shukla",
              "runs": {
                "batsman": 0,
                "extras": 1,
                "total": 1
              }
            }
          },
          {
            "16.6": {
              "batsman": "BJ Hodge",
              "bowler": "SL Malinga",
              "non_striker": "LR Shukla",
              "runs": {
                "batsman": 1,
                "extras": 0,
                "total": 1
              }
            }
          },
          {
            "16.7": {
              "batsman": "LR Shukla",
              "bowler": "SL Malinga",
              "non_striker": "BJ Hodge",
              "runs": {
                "batsman": 2,
                "extras": 0,
                "total": 2
              }
            }
          },
          {
            "17.1": {
              "batsman": "BJ Hodge",
              "bowler": "Z Khan",
              "non_striker": "LR Shukla",
              "runs": {
                "batsman": 1,
                "extras": 0,
                "total": 1
              }
            }
          },
          {
            "17.2": {
              "batsman": "LR Shukla",
              "bowler": "Z Khan",
              "non_striker": "BJ Hodge",
              "runs": {
                "batsman": 0,
                "extras": 0,
                "total": 0
              },
              "wicket": {
                "kind": "bowled",
                "player_out": "LR Shukla"
              }
            }
          },
          {
            "17.3": {
              "batsman": "BB McCullum",
              "bowler": "Z Khan",
              "non_striker": "BJ Hodge",
              "runs": {
                "batsman": 1,
                "extras": 0,
                "total": 1
              }
            }
          },
          {
            "17.4": {
              "batsman": "BJ Hodge",
              "bowler": "Z Khan",
              "non_striker": "BB McCullum",
              "runs": {
                "batsman": 4,
                "extras": 0,
                "total": 4
              }
            }
          },
          {
            "17.5": {
              "batsman": "BJ Hodge",
              "bowler": "Z Khan",
              "non_striker": "BB McCullum",
              "runs": {
                "batsman": 1,
                "extras": 0,
                "total": 1
              }
            }
          },
          {
            "17.6": {
              "batsman": "BB McCullum",
              "bowler": "Z Khan",
              "non_striker": "BJ Hodge",
              "runs": {
                "batsman": 1,
                "extras": 0,
                "total": 1
              }
            }
          },
          {
            "18.1": {
              "batsman": "BB McCullum",
              "bowler": "SL Malinga",
              "non_striker": "BJ Hodge",
              "runs": {
                "batsman": 1,
                "extras": 0,
                "total": 1
              }
            }
          },
          {
            "18.2": {
              "batsman": "BJ Hodge",
              "bowler": "SL Malinga",
              "non_striker": "BB McCullum",
              "runs": {
                "batsman": 1,
                "extras": 0,
                "total": 1
              }
            }
          },
          {
            "18.3": {
              "batsman": "BB McCullum",
              "bowler": "SL Malinga",
              "non_striker": "BJ Hodge",
              "runs": {
                "batsman": 0,
                "extras": 0,
                "total": 0
              }
            }
          },
          {
            "18.4": {
              "batsman": "BB McCullum",
              "bowler": "SL Malinga",
              "non_striker": "BJ Hodge",
              "runs": {
                "batsman": 1,
                "extras": 0,
                "total": 1
              }
            }
          },
          {
            "18.5": {
              "batsman": "BJ Hodge",
              "bowler": "SL Malinga",
              "non_striker": "BB McCullum",
              "runs": {
                "batsman": 0,
                "extras": 0,
                "total": 0
              }
            }
          },
          {
            "18.6": {
              "batsman": "BJ Hodge",
              "bowler": "SL Malinga",
              "non_striker": "BB McCullum",
              "runs": {
                "batsman": 1,
                "extras": 0,
                "total": 1
              },
              "wicket": {
                "fielders": [
                  "JP Duminy",
                  "PR Shah"
                ],
                "kind": "run out",
                "player_out": "BJ Hodge"
              }
            }
          },
          {
            "19.1": {
              "batsman": "BB McCullum",
              "bowler": "AM Nayar",
              "non_striker": "WP Saha",
              "runs": {
                "batsman": 1,
                "extras": 0,
                "total": 1
              }
            }
          },
          {
            "19.2": {
              "batsman": "WP Saha",
              "bowler": "AM Nayar",
              "non_striker": "BB McCullum",
              "runs": {
                "batsman": 1,
                "extras": 0,
                "total": 1
              }
            }
          },
          {
            "19.3": {
              "batsman": "BB McCullum",
              "bowler": "AM Nayar",
              "non_striker": "WP Saha",
              "runs": {
                "batsman": 0,
                "extras": 0,
                "total": 0
              },
              "wicket": {
                "fielders": [
                  "SL Malinga"
                ],
                "kind": "caught",
                "player_out": "BB McCullum"
              }
            }
          },
          {
            "19.4": {
              "batsman": "WP Saha",
              "bowler": "AM Nayar",
              "non_striker": "AB Agarkar",
              "runs": {
                "batsman": 4,
                "extras": 0,
                "total": 4
              }
            }
          },
          {
            "19.5": {
              "batsman": "WP Saha",
              "bowler": "AM Nayar",
              "non_striker": "AB Agarkar",
              "runs": {
                "batsman": 2,
                "extras": 0,
                "total": 2
              }
            }
          },
          {
            "19.6": {
              "batsman": "WP Saha",
              "bowler": "AM Nayar",
              "non_striker": "AB Agarkar",
              "runs": {
                "batsman": 1,
                "extras": 0,
                "total": 1
              }
            }
          }
        ]
      }
    }
  ]
}