{
  "meta": {
    "data_version": 0.9,
    "created": "2011-04-29T00:00:00.000Z",
    "revision": 2
  },
  "info": {
    "city": "Kolkata",
    "competition": "IPL",
    "dates": [
      "2010-03-14T00:00:00.000Z"
    ],
    "gender": "male",
    "match_type": "T20",
    "outcome": {
      "by": {
        "wickets": 7
      },
      "winner": "Kolkata Knight Riders"
    },
    "overs": 20,
    "player_of_match": [
      "MK Tiwary"
    ],
    "teams": [
      "Kolkata Knight Riders",
      "Royal Challengers Bangalore"
    ],
    "toss": {
      "decision": "field",
      "winner": "Kolkata Knight Riders"
    },
    "umpires": [
      "HDPK Dharmasena",
      "AM Saheba"
    ],
    "venue": "Eden Gardens"
  },
  "innings": [
    {
      "1st innings": {
        "team": "Royal Challengers Bangalore",
        "deliveries": [
          {
            "0.1": {
              "batsman": "JH Kallis",
              "bowler": "CK Langeveldt",
              "non_striker": "SP Goswami",
              "runs": {
                "batsman": 0,
                "extras": 0,
                "total": 0
              }
            }
          },
          {
            "0.2": {
              "batsman": "JH Kallis",
              "bowler": "CK Langeveldt",
              "non_striker": "SP Goswami",
              "runs": {
                "batsman": 1,
                "extras": 0,
                "total": 1
              }
            }
          },
          {
            "0.3": {
              "batsman": "SP Goswami",
              "bowler": "CK Langeveldt",
              "non_striker": "JH Kallis",
              "runs": {
                "batsman": 0,
                "extras": 0,
                "total": 0
              }
            }
          },
          {
            "0.4": {
              "batsman": "SP Goswami",
              "bowler": "CK Langeveldt",
              "non_striker": "JH Kallis",
              "runs": {
                "batsman": 0,
                "extras": 0,
                "total": 0
              }
            }
          },
          {
            "0.5": {
              "batsman": "SP Goswami",
              "bowler": "CK Langeveldt",
              "non_striker": "JH Kallis",
              "runs": {
                "batsman": 4,
                "extras": 0,
                "total": 4
              }
            }
          },
          {
            "0.6": {
              "batsman": "SP Goswami",
              "bowler": "CK Langeveldt",
              "non_striker": "JH Kallis",
              "runs": {
                "batsman": 0,
                "extras": 0,
                "total": 0
              }
            }
          },
          {
            "1.1": {
              "batsman": "JH Kallis",
              "bowler": "I Sharma",
              "non_striker": "SP Goswami",
              "runs": {
                "batsman": 0,
                "extras": 0,
                "total": 0
              }
            }
          },
          {
            "1.2": {
              "batsman": "JH Kallis",
              "bowler": "I Sharma",
              "non_striker": "SP Goswami",
              "runs": {
                "batsman": 2,
                "extras": 0,
                "total": 2
              }
            }
          },
          {
            "1.3": {
              "batsman": "JH Kallis",
              "bowler": "I Sharma",
              "non_striker": "SP Goswami",
              "runs": {
                "batsman": 0,
                "extras": 0,
                "total": 0
              }
            }
          },
          {
            "1.4": {
              "batsman": "JH Kallis",
              "bowler": "I Sharma",
              "non_striker": "SP Goswami",
              "runs": {
                "batsman": 0,
                "extras": 0,
                "total": 0
              }
            }
          },
          {
            "1.5": {
              "batsman": "JH Kallis",
              "bowler": "I Sharma",
              "non_striker": "SP Goswami",
              "runs": {
                "batsman": 0,
                "extras": 0,
                "total": 0
              }
            }
          },
          {
            "1.6": {
              "batsman": "JH Kallis",
              "bowler": "I Sharma",
              "non_striker": "SP Goswami",
              "runs": {
                "batsman": 4,
                "extras": 0,
                "total": 4
              }
            }
          },
          {
            "2.1": {
              "batsman": "SP Goswami",
              "bowler": "CK Langeveldt",
              "non_striker": "JH Kallis",
              "runs": {
                "batsman": 0,
                "extras": 0,
                "total": 0
              }
            }
          },
          {
            "2.2": {
              "batsman": "SP Goswami",
              "bowler": "CK Langeveldt",
              "non_striker": "JH Kallis",
              "runs": {
                "batsman": 0,
                "extras": 0,
                "total": 0
              }
            }
          },
          {
            "2.3": {
              "batsman": "SP Goswami",
              "bowler": "CK Langeveldt",
              "non_striker": "JH Kallis",
              "runs": {
                "batsman": 4,
                "extras": 0,
                "total": 4
              }
            }
          },
          {
            "2.4": {
              "batsman": "SP Goswami",
              "bowler": "CK Langeveldt",
              "non_striker": "JH Kallis",
              "runs": {
                "batsman": 0,
                "extras": 0,
                "total": 0
              }
            }
          },
          {
            "2.5": {
              "batsman": "SP Goswami",
              "bowler": "CK Langeveldt",
              "non_striker": "JH Kallis",
              "runs": {
                "batsman": 0,
                "extras": 0,
                "total": 0
              }
            }
          },
          {
            "2.6": {
              "batsman": "SP Goswami",
              "bowler": "CK Langeveldt",
              "non_striker": "JH Kallis",
              "runs": {
                "batsman": 0,
                "extras": 0,
                "total": 0
              },
              "wicket": {
                "fielders": [
                  "I Sharma"
                ],
                "kind": "caught",
                "player_out": "SP Goswami"
              }
            }
          },
          {
            "3.1": {
              "batsman": "MK Pandey",
              "bowler": "I Sharma",
              "non_striker": "JH Kallis",
              "runs": {
                "batsman": 0,
                "extras": 0,
                "total": 0
              }
            }
          },
          {
            "3.2": {
              "batsman": "MK Pandey",
              "bowler": "I Sharma",
              "non_striker": "JH Kallis",
              "runs": {
                "batsman": 0,
                "extras": 0,
                "total": 0
              }
            }
          },
          {
            "3.3": {
              "batsman": "MK Pandey",
              "bowler": "I Sharma",
              "non_striker": "JH Kallis",
              "runs": {
                "batsman": 0,
                "extras": 0,
                "total": 0
              }
            }
          },
          {
            "3.4": {
              "batsman": "MK Pandey",
              "bowler": "I Sharma",
              "non_striker": "JH Kallis",
              "runs": {
                "batsman": 0,
                "extras": 0,
                "total": 0
              }
            }
          },
          {
            "3.5": {
              "batsman": "MK Pandey",
              "bowler": "I Sharma",
              "extras": {
                "wides": 1
              },
              "non_striker": "JH Kallis",
              "runs": {
                "batsman": 0,
                "extras": 1,
                "total": 1
              }
            }
          },
          {
            "3.6": {
              "batsman": "MK Pandey",
              "bowler": "I Sharma",
              "non_striker": "JH Kallis",
              "runs": {
                "batsman": 0,
                "extras": 0,
                "total": 0
              }
            }
          },
          {
            "3.7": {
              "batsman": "MK Pandey",
              "bowler": "I Sharma",
              "non_striker": "JH Kallis",
              "runs": {
                "batsman": 0,
                "extras": 0,
                "total": 0
              }
            }
          },
          {
            "4.1": {
              "batsman": "JH Kallis",
              "bowler": "AD Mathews",
              "non_striker": "MK Pandey",
              "runs": {
                "batsman": 0,
                "extras": 0,
                "total": 0
              }
            }
          },
          {
            "4.2": {
              "batsman": "JH Kallis",
              "bowler": "AD Mathews",
              "non_striker": "MK Pandey",
              "runs": {
                "batsman": 1,
                "extras": 0,
                "total": 1
              }
            }
          },
          {
            "4.3": {
              "batsman": "MK Pandey",
              "bowler": "AD Mathews",
              "non_striker": "JH Kallis",
              "runs": {
                "batsman": 0,
                "extras": 0,
                "total": 0
              },
              "wicket": {
                "kind": "bowled",
                "player_out": "MK Pandey"
              }
            }
          },
          {
            "4.4": {
              "batsman": "V Kohli",
              "bowler": "AD Mathews",
              "non_striker": "JH Kallis",
              "runs": {
                "batsman": 0,
                "extras": 0,
                "total": 0
              }
            }
          },
          {
            "4.5": {
              "batsman": "V Kohli",
              "bowler": "AD Mathews",
              "non_striker": "JH Kallis",
              "runs": {
                "batsman": 1,
                "extras": 0,
                "total": 1
              }
            }
          },
          {
            "4.6": {
              "batsman": "JH Kallis",
              "bowler": "AD Mathews",
              "non_striker": "V Kohli",
              "runs": {
                "batsman": 0,
                "extras": 0,
                "total": 0
              }
            }
          },
          {
            "5.1": {
              "batsman": "V Kohli",
              "bowler": "M Kartik",
              "non_striker": "JH Kallis",
              "runs": {
                "batsman": 1,
                "extras": 0,
                "total": 1
              }
            }
          },
          {
            "5.2": {
              "batsman": "JH Kallis",
              "bowler": "M Kartik",
              "non_striker": "V Kohli",
              "runs": {
                "batsman": 1,
                "extras": 0,
                "total": 1
              }
            }
          },
          {
            "5.3": {
              "batsman": "V Kohli",
              "bowler": "M Kartik",
              "non_striker": "JH Kallis",
              "runs": {
                "batsman": 0,
                "extras": 0,
                "total": 0
              }
            }
          },
          {
            "5.4": {
              "batsman": "V Kohli",
              "bowler": "M Kartik",
              "non_striker": "JH Kallis",
              "runs": {
                "batsman": 0,
                "extras": 0,
                "total": 0
              },
              "wicket": {
                "fielders": [
                  "AD Mathews"
                ],
                "kind": "caught",
                "player_out": "V Kohli"
              }
            }
          },
          {
            "5.5": {
              "batsman": "JH Kallis",
              "bowler": "M Kartik",
              "non_striker": "EJG Morgan",
              "runs": {
                "batsman": 0,
                "extras": 0,
                "total": 0
              }
            }
          },
          {
            "5.6": {
              "batsman": "JH Kallis",
              "bowler": "M Kartik",
              "non_striker": "EJG Morgan",
              "runs": {
                "batsman": 4,
                "extras": 0,
                "total": 4
              }
            }
          },
          {
            "6.1": {
              "batsman": "EJG Morgan",
              "bowler": "BJ Hodge",
              "non_striker": "JH Kallis",
              "runs": {
                "batsman": 0,
                "extras": 0,
                "total": 0
              }
            }
          },
          {
            "6.2": {
              "batsman": "EJG Morgan",
              "bowler": "BJ Hodge",
              "non_striker": "JH Kallis",
              "runs": {
                "batsman": 6,
                "extras": 0,
                "total": 6
              }
            }
          },
          {
            "6.3": {
              "batsman": "EJG Morgan",
              "bowler": "BJ Hodge",
              "non_striker": "JH Kallis",
              "runs": {
                "batsman": 2,
                "extras": 0,
                "total": 2
              }
            }
          },
          {
            "6.4": {
              "batsman": "EJG Morgan",
              "bowler": "BJ Hodge",
              "non_striker": "JH Kallis",
              "runs": {
                "batsman": 1,
                "extras": 0,
                "total": 1
              }
            }
          },
          {
            "6.5": {
              "batsman": "JH Kallis",
              "bowler": "BJ Hodge",
              "non_striker": "EJG Morgan",
              "runs": {
                "batsman": 1,
                "extras": 0,
                "total": 1
              }
            }
          },
          {
            "6.6": {
              "batsman": "EJG Morgan",
              "bowler": "BJ Hodge",
              "non_striker": "JH Kallis",
              "runs": {
                "batsman": 1,
                "extras": 0,
                "total": 1
              }
            }
          },
          {
            "7.1": {
              "batsman": "EJG Morgan",
              "bowler": "M Kartik",
              "non_striker": "JH Kallis",
              "runs": {
                "batsman": 0,
                "extras": 0,
                "total": 0
              }
            }
          },
          {
            "7.2": {
              "batsman": "EJG Morgan",
              "bowler": "M Kartik",
              "non_striker": "JH Kallis",
              "runs": {
                "batsman": 0,
                "extras": 0,
                "total": 0
              },
              "wicket": {
                "kind": "bowled",
                "player_out": "EJG Morgan"
              }
            }
          },
          {
            "7.3": {
              "batsman": "R Dravid",
              "bowler": "M Kartik",
              "non_striker": "JH Kallis",
              "runs": {
                "batsman": 1,
                "extras": 0,
                "total": 1
              }
            }
          },
          {
            "7.4": {
              "batsman": "JH Kallis",
              "bowler": "M Kartik",
              "extras": {
                "noballs": 1
              },
              "non_striker": "R Dravid",
              "runs": {
                "batsman": 1,
                "extras": 1,
                "total": 2
              }
            }
          },
          {
            "7.5": {
              "batsman": "R Dravid",
              "bowler": "M Kartik",
              "non_striker": "JH Kallis",
              "runs": {
                "batsman": 4,
                "extras": 0,
                "total": 4
              }
            }
          },
          {
            "7.6": {
              "batsman": "R Dravid",
              "bowler": "M Kartik",
              "non_striker": "JH Kallis",
              "runs": {
                "batsman": 1,
                "extras": 0,
                "total": 1
              }
            }
          },
          {
            "7.7": {
              "batsman": "JH Kallis",
              "bowler": "M Kartik",
              "extras": {
                "legbyes": 1
              },
              "non_striker": "R Dravid",
              "runs": {
                "batsman": 0,
                "extras": 1,
                "total": 1
              }
            }
          },
          {
            "8.1": {
              "batsman": "JH Kallis",
              "bowler": "SC Ganguly",
              "non_striker": "R Dravid",
              "runs": {
                "batsman": 2,
                "extras": 0,
                "total": 2
              }
            }
          },
          {
            "8.2": {
              "batsman": "JH Kallis",
              "bowler": "SC Ganguly",
              "non_striker": "R Dravid",
              "runs": {
                "batsman": 0,
                "extras": 0,
                "total": 0
              }
            }
          },
          {
            "8.3": {
              "batsman": "JH Kallis",
              "bowler": "SC Ganguly",
              "non_striker": "R Dravid",
              "runs": {
                "batsman": 1,
                "extras": 0,
                "total": 1
              }
            }
          },
          {
            "8.4": {
              "batsman": "R Dravid",
              "bowler": "SC Ganguly",
              "non_striker": "JH Kallis",
              "runs": {
                "batsman": 1,
                "extras": 0,
                "total": 1
              }
            }
          },
          {
            "8.5": {
              "batsman": "JH Kallis",
              "bowler": "SC Ganguly",
              "non_striker": "R Dravid",
              "runs": {
                "batsman": 1,
                "extras": 0,
                "total": 1
              }
            }
          },
          {
            "8.6": {
              "batsman": "R Dravid",
              "bowler": "SC Ganguly",
              "non_striker": "JH Kallis",
              "runs": {
                "batsman": 4,
                "extras": 0,
                "total": 4
              }
            }
          },
          {
            "9.1": {
              "batsman": "JH Kallis",
              "bowler": "M Kartik",
              "non_striker": "R Dravid",
              "runs": {
                "batsman": 0,
                "extras": 0,
                "total": 0
              }
            }
          },
          {
            "9.2": {
              "batsman": "JH Kallis",
              "bowler": "M Kartik",
              "non_striker": "R Dravid",
              "runs": {
                "batsman": 0,
                "extras": 0,
                "total": 0
              }
            }
          },
          {
            "9.3": {
              "batsman": "JH Kallis",
              "bowler": "M Kartik",
              "non_striker": "R Dravid",
              "runs": {
                "batsman": 1,
                "extras": 0,
                "total": 1
              }
            }
          },
          {
            "9.4": {
              "batsman": "R Dravid",
              "bowler": "M Kartik",
              "non_striker": "JH Kallis",
              "runs": {
                "batsman": 1,
                "extras": 0,
                "total": 1
              }
            }
          },
          {
            "9.5": {
              "batsman": "JH Kallis",
              "bowler": "M Kartik",
              "non_striker": "R Dravid",
              "runs": {
                "batsman": 1,
                "extras": 0,
                "total": 1
              }
            }
          },
          {
            "9.6": {
              "batsman": "R Dravid",
              "bowler": "M Kartik",
              "non_striker": "JH Kallis",
              "runs": {
                "batsman": 1,
                "extras": 0,
                "total": 1
              }
            }
          },
          {
            "10.1": {
              "batsman": "R Dravid",
              "bowler": "AD Mathews",
              "extras": {
                "byes": 1
              },
              "non_striker": "JH Kallis",
              "runs": {
                "batsman": 0,
                "extras": 1,
                "total": 1
              }
            }
          },
          {
            "10.2": {
              "batsman": "JH Kallis",
              "bowler": "AD Mathews",
              "non_striker": "R Dravid",
              "runs": {
                "batsman": 1,
                "extras": 0,
                "total": 1
              }
            }
          },
          {
            "10.3": {
              "batsman": "R Dravid",
              "bowler": "AD Mathews",
              "non_striker": "JH Kallis",
              "runs": {
                "batsman": 4,
                "extras": 0,
                "total": 4
              }
            }
          },
          {
            "10.4": {
              "batsman": "R Dravid",
              "bowler": "AD Mathews",
              "non_striker": "JH Kallis",
              "runs": {
                "batsman": 0,
                "extras": 0,
                "total": 0
              }
            }
          },
          {
            "10.5": {
              "batsman": "R Dravid",
              "bowler": "AD Mathews",
              "non_striker": "JH Kallis",
              "runs": {
                "batsman": 0,
                "extras": 0,
                "total": 0
              }
            }
          },
          {
            "10.6": {
              "batsman": "R Dravid",
              "bowler": "AD Mathews",
              "non_striker": "JH Kallis",
              "runs": {
                "batsman": 1,
                "extras": 0,
                "total": 1
              }
            }
          },
          {
            "11.1": {
              "batsman": "R Dravid",
              "bowler": "SC Ganguly",
              "non_striker": "JH Kallis",
              "runs": {
                "batsman": 1,
                "extras": 0,
                "total": 1
              }
            }
          },
          {
            "11.2": {
              "batsman": "JH Kallis",
              "bowler": "SC Ganguly",
              "non_striker": "R Dravid",
              "runs": {
                "batsman": 1,
                "extras": 0,
                "total": 1
              }
            }
          },
          {
            "11.3": {
              "batsman": "R Dravid",
              "bowler": "SC Ganguly",
              "non_striker": "JH Kallis",
              "runs": {
                "batsman": 1,
                "extras": 0,
                "total": 1
              }
            }
          },
          {
            "11.4": {
              "batsman": "JH Kallis",
              "bowler": "SC Ganguly",
              "non_striker": "R Dravid",
              "runs": {
                "batsman": 1,
                "extras": 0,
                "total": 1
              }
            }
          },
          {
            "11.5": {
              "batsman": "R Dravid",
              "bowler": "SC Ganguly",
              "non_striker": "JH Kallis",
              "runs": {
                "batsman": 1,
                "extras": 0,
                "total": 1
              }
            }
          },
          {
            "11.6": {
              "batsman": "JH Kallis",
              "bowler": "SC Ganguly",
              "non_striker": "R Dravid",
              "runs": {
                "batsman": 4,
                "extras": 0,
                "total": 4
              }
            }
          },
          {
            "12.1": {
              "batsman": "R Dravid",
              "bowler": "AD Mathews",
              "non_striker": "JH Kallis",
              "runs": {
                "batsman": 0,
                "extras": 0,
                "total": 0
              },
              "wicket": {
                "kind": "bowled",
                "player_out": "R Dravid"
              }
            }
          },
          {
            "12.2": {
              "batsman": "RV Uthappa",
              "bowler": "AD Mathews",
              "non_striker": "JH Kallis",
              "runs": {
                "batsman": 1,
                "extras": 0,
                "total": 1
              }
            }
          },
          {
            "12.3": {
              "batsman": "JH Kallis",
              "bowler": "AD Mathews",
              "non_striker": "RV Uthappa",
              "runs": {
                "batsman": 1,
                "extras": 0,
                "total": 1
              }
            }
          },
          {
            "12.4": {
              "batsman": "RV Uthappa",
              "bowler": "AD Mathews",
              "non_striker": "JH Kallis",
              "runs": {
                "batsman": 1,
                "extras": 0,
                "total": 1
              }
            }
          },
          {
            "12.5": {
              "batsman": "JH Kallis",
              "bowler": "AD Mathews",
              "non_striker": "RV Uthappa",
              "runs": {
                "batsman": 1,
                "extras": 0,
                "total": 1
              }
            }
          },
          {
            "12.6": {
              "batsman": "RV Uthappa",
              "bowler": "AD Mathews",
              "non_striker": "JH Kallis",
              "runs": {
                "batsman": 1,
                "extras": 0,
                "total": 1
              }
            }
          },
          {
            "13.1": {
              "batsman": "RV Uthappa",
              "bowler": "I Sharma",
              "non_striker": "JH Kallis",
              "runs": {
                "batsman": 1,
                "extras": 0,
                "total": 1
              }
            }
          },
          {
            "13.2": {
              "batsman": "JH Kallis",
              "bowler": "I Sharma",
              "non_striker": "RV Uthappa",
              "runs": {
                "batsman": 1,
                "extras": 0,
                "total": 1
              }
            }
          },
          {
            "13.3": {
              "batsman": "RV Uthappa",
              "bowler": "I Sharma",
              "non_striker": "JH Kallis",
              "runs": {
                "batsman": 2,
                "extras": 0,
                "total": 2
              }
            }
          },
          {
            "13.4": {
              "batsman": "RV Uthappa",
              "bowler": "I Sharma",
              "non_striker": "JH Kallis",
              "runs": {
                "batsman": 1,
                "extras": 0,
                "total": 1
              }
            }
          },
          {
            "13.5": {
              "batsman": "JH Kallis",
              "bowler": "I Sharma",
              "non_striker": "RV Uthappa",
              "runs": {
                "batsman": 1,
                "extras": 0,
                "total": 1
              }
            }
          },
          {
            "13.6": {
              "batsman": "RV Uthappa",
              "bowler": "I Sharma",
              "non_striker": "JH Kallis",
              "runs": {
                "batsman": 1,
                "extras": 0,
                "total": 1
              }
            }
          },
          {
            "14.1": {
              "batsman": "RV Uthappa",
              "bowler": "M Kartik",
              "non_striker": "JH Kallis",
              "runs": {
                "batsman": 1,
                "extras": 0,
                "total": 1
              }
            }
          },
          {
            "14.2": {
              "batsman": "JH Kallis",
              "bowler": "M Kartik",
              "non_striker": "RV Uthappa",
              "runs": {
                "batsman": 0,
                "extras": 0,
                "total": 0
              }
            }
          },
          {
            "14.3": {
              "batsman": "JH Kallis",
              "bowler": "M Kartik",
              "non_striker": "RV Uthappa",
              "runs": {
                "batsman": 1,
                "extras": 0,
                "total": 1
              }
            }
          },
          {
            "14.4": {
              "batsman": "RV Uthappa",
              "bowler": "M Kartik",
              "non_striker": "JH Kallis",
              "runs": {
                "batsman": 1,
                "extras": 0,
                "total": 1
              }
            }
          },
          {
            "14.5": {
              "batsman": "JH Kallis",
              "bowler": "M Kartik",
              "non_striker": "RV Uthappa",
              "runs": {
                "batsman": 0,
                "extras": 0,
                "total": 0
              }
            }
          },
          {
            "14.6": {
              "batsman": "JH Kallis",
              "bowler": "M Kartik",
              "non_striker": "RV Uthappa",
              "runs": {
                "batsman": 1,
                "extras": 0,
                "total": 1
              }
            }
          },
          {
            "15.1": {
              "batsman": "JH Kallis",
              "bowler": "RS Gavaskar",
              "non_striker": "RV Uthappa",
              "runs": {
                "batsman": 0,
                "extras": 0,
                "total": 0
              }
            }
          },
          {
            "15.2": {
              "batsman": "JH Kallis",
              "bowler": "RS Gavaskar",
              "non_striker": "RV Uthappa",
              "runs": {
                "batsman": 4,
                "extras": 0,
                "total": 4
              }
            }
          },
          {
            "15.3": {
              "batsman": "JH Kallis",
              "bowler": "RS Gavaskar",
              "non_striker": "RV Uthappa",
              "runs": {
                "batsman": 1,
                "extras": 0,
                "total": 1
              }
            }
          },
          {
            "15.4": {
              "batsman": "RV Uthappa",
              "bowler": "RS Gavaskar",
              "non_striker": "JH Kallis",
              "runs": {
                "batsman": 2,
                "extras": 0,
                "total": 2
              }
            }
          },
          {
            "15.5": {
              "batsman": "RV Uthappa",
              "bowler": "RS Gavaskar",
              "non_striker": "JH Kallis",
              "runs": {
                "batsman": 1,
                "extras": 0,
                "total": 1
              }
            }
          },
          {
            "15.6": {
              "batsman": "JH Kallis",
              "bowler": "RS Gavaskar",
              "non_striker": "RV Uthappa",
              "runs": {
                "batsman": 0,
                "extras": 0,
                "total": 0
              }
            }
          },
          {
            "16.1": {
              "batsman": "RV Uthappa",
              "bowler": "CK Langeveldt",
              "non_striker": "JH Kallis",
              "runs": {
                "batsman": 1,
                "extras": 0,
                "total": 1
              }
            }
          },
          {
            "16.2": {
              "batsman": "JH Kallis",
              "bowler": "CK Langeveldt",
              "non_striker": "RV Uthappa",
              "runs": {
                "batsman": 4,
                "extras": 0,
                "total": 4
              }
            }
          },
          {
            "16.3": {
              "batsman": "JH Kallis",
              "bowler": "CK Langeveldt",
              "non_striker": "RV Uthappa",
              "runs": {
                "batsman": 1,
                "extras": 0,
                "total": 1
              }
            }
          },
          {
            "16.4": {
              "batsman": "RV Uthappa",
              "bowler": "CK Langeveldt",
              "non_striker": "JH Kallis",
              "runs": {
                "batsman": 1,
                "extras": 0,
                "total": 1
              }
            }
          },
          {
            "16.5": {
              "batsman": "JH Kallis",
              "bowler": "CK Langeveldt",
              "non_striker": "RV Uthappa",
              "runs": {
                "batsman": 1,
                "extras": 0,
                "total": 1
              }
            }
          },
          {
            "16.6": {
              "batsman": "RV Uthappa",
              "bowler": "CK Langeveldt",
              "non_striker": "JH Kallis",
              "runs": {
                "batsman": 1,
                "extras": 0,
                "total": 1
              }
            }
          },
          {
            "17.1": {
              "batsman": "RV Uthappa",
              "bowler": "AD Mathews",
              "non_striker": "JH Kallis",
              "runs": {
                "batsman": 0,
                "extras": 0,
                "total": 0
              }
            }
          },
          {
            "17.2": {
              "batsman": "RV Uthappa",
              "bowler": "AD Mathews",
              "non_striker": "JH Kallis",
              "runs": {
                "batsman": 4,
                "extras": 0,
                "total": 4
              }
            }
          },
          {
            "17.3": {
              "batsman": "RV Uthappa",
              "bowler": "AD Mathews",
              "non_striker": "JH Kallis",
              "runs": {
                "batsman": 0,
                "extras": 0,
                "total": 0
              },
              "wicket": {
                "fielders": [
                  "WP Saha"
                ],
                "kind": "caught",
                "player_out": "RV Uthappa"
              }
            }
          },
          {
            "17.4": {
              "batsman": "RE van der Merwe",
              "bowler": "AD Mathews",
              "non_striker": "JH Kallis",
              "runs": {
                "batsman": 1,
                "extras": 0,
                "total": 1
              }
            }
          },
          {
            "17.5": {
              "batsman": "JH Kallis",
              "bowler": "AD Mathews",
              "non_striker": "RE van der Merwe",
              "runs": {
                "batsman": 1,
                "extras": 0,
                "total": 1
              }
            }
          },
          {
            "17.6": {
              "batsman": "RE van der Merwe",
              "bowler": "AD Mathews",
              "non_striker": "JH Kallis",
              "runs": {
                "batsman": 0,
                "extras": 0,
                "total": 0
              },
              "wicket": {
                "fielders": [
                  "BJ Hodge"
                ],
                "kind": "caught",
                "player_out": "RE van der Merwe"
              }
            }
          },
          {
            "18.1": {
              "batsman": "JH Kallis",
              "bowler": "CK Langeveldt",
              "non_striker": "P Kumar",
              "runs": {
                "batsman": 1,
                "extras": 0,
                "total": 1
              }
            }
          },
          {
            "18.2": {
              "batsman": "P Kumar",
              "bowler": "CK Langeveldt",
              "non_striker": "JH Kallis",
              "runs": {
                "batsman": 1,
                "extras": 0,
                "total": 1
              }
            }
          },
          {
            "18.3": {
              "batsman": "JH Kallis",
              "bowler": "CK Langeveldt",
              "non_striker": "P Kumar",
              "runs": {
                "batsman": 4,
                "extras": 0,
                "total": 4
              }
            }
          },
          {
            "18.4": {
              "batsman": "JH Kallis",
              "bowler": "CK Langeveldt",
              "non_striker": "P Kumar",
              "runs": {
                "batsman": 1,
                "extras": 0,
                "total": 1
              }
            }
          },
          {
            "18.5": {
              "batsman": "P Kumar",
              "bowler": "CK Langeveldt",
              "non_striker": "JH Kallis",
              "runs": {
                "batsman": 0,
                "extras": 0,
                "total": 0
              }
            }
          },
          {
            "18.6": {
              "batsman": "P Kumar",
              "bowler": "CK Langeveldt",
              "non_striker": "JH Kallis",
              "runs": {
                "batsman": 2,
                "extras": 0,
                "total": 2
              }
            }
          },
          {
            "19.1": {
              "batsman": "JH Kallis",
              "bowler": "I Sharma",
              "non_striker": "P Kumar",
              "runs": {
                "batsman": 2,
                "extras": 0,
                "total": 2
              }
            }
          },
          {
            "19.2": {
              "batsman": "JH Kallis",
              "bowler": "I Sharma",
              "non_striker": "P Kumar",
              "runs": {
                "batsman": 6,
                "extras": 0,
                "total": 6
              }
            }
          },
          {
            "19.3": {
              "batsman": "JH Kallis",
              "bowler": "I Sharma",
              "non_striker": "P Kumar",
              "runs": {
                "batsman": 1,
                "extras": 0,
                "total": 1
              }
            }
          },
          {
            "19.4": {
              "batsman": "P Kumar",
              "bowler": "I Sharma",
              "non_striker": "JH Kallis",
              "runs": {
                "batsman": 0,
                "extras": 0,
                "total": 0
              }
            }
          },
          {
            "19.5": {
              "batsman": "P Kumar",
              "bowler": "I Sharma",
              "extras": {
                "legbyes": 1
              },
              "non_striker": "JH Kallis",
              "runs": {
                "batsman": 0,
                "extras": 1,
                "total": 1
              }
            }
          },
          {
            "19.6": {
              "batsman": "JH Kallis",
              "bowler": "I Sharma",
              "non_striker": "P Kumar",
              "runs": {
                "batsman": 4,
                "extras": 0,
                "total": 4
              }
            }
          }
        ]
      }
    },
    {
      "2nd innings": {
        "team": "Kolkata Knight Riders",
        "deliveries": [
          {
            "0.1": {
              "batsman": "BJ Hodge",
              "bowler": "P Kumar",
              "non_striker": "MK Tiwary",
              "runs": {
                "batsman": 0,
                "extras": 0,
                "total": 0
              }
            }
          },
          {
            "0.2": {
              "batsman": "BJ Hodge",
              "bowler": "P Kumar",
              "non_striker": "MK Tiwary",
              "runs": {
                "batsman": 0,
                "extras": 0,
                "total": 0
              }
            }
          },
          {
            "0.3": {
              "batsman": "BJ Hodge",
              "bowler": "P Kumar",
              "non_striker": "MK Tiwary",
              "runs": {
                "batsman": 0,
                "extras": 0,
                "total": 0
              }
            }
          },
          {
            "0.4": {
              "batsman": "BJ Hodge",
              "bowler": "P Kumar",
              "non_striker": "MK Tiwary",
              "runs": {
                "batsman": 1,
                "extras": 0,
                "total": 1
              }
            }
          },
          {
            "0.5": {
              "batsman": "MK Tiwary",
              "bowler": "P Kumar",
              "non_striker": "BJ Hodge",
              "runs": {
                "batsman": 0,
                "extras": 0,
                "total": 0
              }
            }
          },
          {
            "0.6": {
              "batsman": "MK Tiwary",
              "bowler": "P Kumar",
              "non_striker": "BJ Hodge",
              "runs": {
                "batsman": 2,
                "extras": 0,
                "total": 2
              }
            }
          },
          {
            "1.1": {
              "batsman": "BJ Hodge",
              "bowler": "JH Kallis",
              "non_striker": "MK Tiwary",
              "runs": {
                "batsman": 0,
                "extras": 0,
                "total": 0
              }
            }
          },
          {
            "1.2": {
              "batsman": "BJ Hodge",
              "bowler": "JH Kallis",
              "non_striker": "MK Tiwary",
              "runs": {
                "batsman": 1,
                "extras": 0,
                "total": 1
              }
            }
          },
          {
            "1.3": {
              "batsman": "MK Tiwary",
              "bowler": "JH Kallis",
              "non_striker": "BJ Hodge",
              "runs": {
                "batsman": 4,
                "extras": 0,
                "total": 4
              }
            }
          },
          {
            "1.4": {
              "batsman": "MK Tiwary",
              "bowler": "JH Kallis",
              "non_striker": "BJ Hodge",
              "runs": {
                "batsman": 1,
                "extras": 0,
                "total": 1
              }
            }
          },
          {
            "1.5": {
              "batsman": "BJ Hodge",
              "bowler": "JH Kallis",
              "non_striker": "MK Tiwary",
              "runs": {
                "batsman": 2,
                "extras": 0,
                "total": 2
              }
            }
          },
          {
            "1.6": {
              "batsman": "BJ Hodge",
              "bowler": "JH Kallis",
              "non_striker": "MK Tiwary",
              "runs": {
                "batsman": 1,
                "extras": 0,
                "total": 1
              }
            }
          },
          {
            "2.1": {
              "batsman": "BJ Hodge",
              "bowler": "P Kumar",
              "non_striker": "MK Tiwary",
              "runs": {
                "batsman": 4,
                "extras": 0,
                "total": 4
              }
            }
          },
          {
            "2.2": {
              "batsman": "BJ Hodge",
              "bowler": "P Kumar",
              "non_striker": "MK Tiwary",
              "runs": {
                "batsman": 1,
                "extras": 0,
                "total": 1
              }
            }
          },
          {
            "2.3": {
              "batsman": "MK Tiwary",
              "bowler": "P Kumar",
              "non_striker": "BJ Hodge",
              "runs": {
                "batsman": 0,
                "extras": 0,
                "total": 0
              }
            }
          },
          {
            "2.4": {
              "batsman": "MK Tiwary",
              "bowler": "P Kumar",
              "non_striker": "BJ Hodge",
              "runs": {
                "batsman": 1,
                "extras": 0,
                "total": 1
              }
            }
          },
          {
            "2.5": {
              "batsman": "BJ Hodge",
              "bowler": "P Kumar",
              "non_striker": "MK Tiwary",
              "runs": {
                "batsman": 0,
                "extras": 0,
                "total": 0
              }
            }
          },
          {
            "2.6": {
              "batsman": "BJ Hodge",
              "bowler": "P Kumar",
              "non_striker": "MK Tiwary",
              "runs": {
                "batsman": 1,
                "extras": 0,
                "total": 1
              }
            }
          },
          {
            "3.1": {
              "batsman": "BJ Hodge",
              "bowler": "JH Kallis",
              "non_striker": "MK Tiwary",
              "runs": {
                "batsman": 0,
                "extras": 0,
                "total": 0
              }
            }
          },
          {
            "3.2": {
              "batsman": "BJ Hodge",
              "bowler": "JH Kallis",
              "non_striker": "MK Tiwary",
              "runs": {
                "batsman": 3,
                "extras": 0,
                "total": 3
              }
            }
          },
          {
            "3.3": {
              "batsman": "MK Tiwary",
              "bowler": "JH Kallis",
              "non_striker": "BJ Hodge",
              "runs": {
                "batsman": 4,
                "extras": 0,
                "total": 4
              }
            }
          },
          {
            "3.4": {
              "batsman": "MK Tiwary",
              "bowler": "JH Kallis",
              "non_striker": "BJ Hodge",
              "runs": {
                "batsman": 6,
                "extras": 0,
                "total": 6
              }
            }
          },
          {
            "3.5": {
              "batsman": "MK Tiwary",
              "bowler": "JH Kallis",
              "non_striker": "BJ Hodge",
              "runs": {
                "batsman": 0,
                "extras": 0,
                "total": 0
              }
            }
          },
          {
            "3.6": {
              "batsman": "MK Tiwary",
              "bowler": "JH Kallis",
              "non_striker": "BJ Hodge",
              "runs": {
                "batsman": 4,
                "extras": 0,
                "total": 4
              }
            }
          },
          {
            "4.1": {
              "batsman": "BJ Hodge",
              "bowler": "DW Steyn",
              "non_striker": "MK Tiwary",
              "runs": {
                "batsman": 1,
                "extras": 0,
                "total": 1
              }
            }
          },
          {
            "4.2": {
              "batsman": "MK Tiwary",
              "bowler": "DW Steyn",
              "non_striker": "BJ Hodge",
              "runs": {
                "batsman": 6,
                "extras": 0,
                "total": 6
              }
            }
          },
          {
            "4.3": {
              "batsman": "MK Tiwary",
              "bowler": "DW Steyn",
              "non_striker": "BJ Hodge",
              "runs": {
                "batsman": 0,
                "extras": 0,
                "total": 0
              }
            }
          },
          {
            "4.4": {
              "batsman": "MK Tiwary",
              "bowler": "DW Steyn",
              "non_striker": "BJ Hodge",
              "runs": {
                "batsman": 1,
                "extras": 0,
                "total": 1
              }
            }
          },
          {
            "4.5": {
              "batsman": "BJ Hodge",
              "bowler": "DW Steyn",
              "non_striker": "MK Tiwary",
              "runs": {
                "batsman": 4,
                "extras": 0,
                "total": 4
              }
            }
          },
          {
            "4.6": {
              "batsman": "BJ Hodge",
              "bowler": "DW Steyn",
              "non_striker": "MK Tiwary",
              "runs": {
                "batsman": 4,
                "extras": 0,
                "total": 4
              }
            }
          },
          {
            "5.1": {
              "batsman": "MK Tiwary",
              "bowler": "A Kumble",
              "non_striker": "BJ Hodge",
              "runs": {
                "batsman": 0,
                "extras": 0,
                "total": 0
              }
            }
          },
          {
            "5.2": {
              "batsman": "MK Tiwary",
              "bowler": "A Kumble",
              "non_striker": "BJ Hodge",
              "runs": {
                "batsman": 4,
                "extras": 0,
                "total": 4
              }
            }
          },
          {
            "5.3": {
              "batsman": "MK Tiwary",
              "bowler": "A Kumble",
              "non_striker": "BJ Hodge",
              "runs": {
                "batsman": 4,
                "extras": 0,
                "total": 4
              }
            }
          },
          {
            "5.4": {
              "batsman": "MK Tiwary",
              "bowler": "A Kumble",
              "non_striker": "BJ Hodge",
              "runs": {
                "batsman": 1,
                "extras": 0,
                "total": 1
              }
            }
          },
          {
            "5.5": {
              "batsman": "BJ Hodge",
              "bowler": "A Kumble",
              "non_striker": "MK Tiwary",
              "runs": {
                "batsman": 0,
                "extras": 0,
                "total": 0
              }
            }
          },
          {
            "5.6": {
              "batsman": "BJ Hodge",
              "bowler": "A Kumble",
              "non_striker": "MK Tiwary",
              "runs": {
                "batsman": 0,
                "extras": 0,
                "total": 0
              }
            }
          },
          {
            "6.1": {
              "batsman": "MK Tiwary",
              "bowler": "RE van der Merwe",
              "non_striker": "BJ Hodge",
              "runs": {
                "batsman": 0,
                "extras": 0,
                "total": 0
              }
            }
          },
          {
            "6.2": {
              "batsman": "MK Tiwary",
              "bowler": "RE van der Merwe",
              "non_striker": "BJ Hodge",
              "runs": {
                "batsman": 1,
                "extras": 0,
                "total": 1
              }
            }
          },
          {
            "6.3": {
              "batsman": "BJ Hodge",
              "bowler": "RE van der Merwe",
              "extras": {
                "wides": 1
              },
              "non_striker": "MK Tiwary",
              "runs": {
                "batsman": 0,
                "extras": 1,
                "total": 1
              }
            }
          },
          {
            "6.4": {
              "batsman": "BJ Hodge",
              "bowler": "RE van der Merwe",
              "non_striker": "MK Tiwary",
              "runs": {
                "batsman": 1,
                "extras": 0,
                "total": 1
              }
            }
          },
          {
            "6.5": {
              "batsman": "MK Tiwary",
              "bowler": "RE van der Merwe",
              "extras": {
                "wides": 1
              },
              "non_striker": "BJ Hodge",
              "runs": {
                "batsman": 0,
                "extras": 1,
                "total": 1
              }
            }
          },
          {
            "6.6": {
              "batsman": "MK Tiwary",
              "bowler": "RE van der Merwe",
              "non_striker": "BJ Hodge",
              "runs": {
                "batsman": 1,
                "extras": 0,
                "total": 1
              }
            }
          },
          {
            "6.7": {
              "batsman": "BJ Hodge",
              "bowler": "RE van der Merwe",
              "non_striker": "MK Tiwary",
              "runs": {
                "batsman": 0,
                "extras": 0,
                "total": 0
              }
            }
          },
          {
            "6.8": {
              "batsman": "BJ Hodge",
              "bowler": "RE van der Merwe",
              "non_striker": "MK Tiwary",
              "runs": {
                "batsman": 1,
                "extras": 0,
                "total": 1
              }
            }
          },
          {
            "7.1": {
              "batsman": "BJ Hodge",
              "bowler": "A Kumble",
              "non_striker": "MK Tiwary",
              "runs": {
                "batsman": 1,
                "extras": 0,
                "total": 1
              }
            }
          },
          {
            "7.2": {
              "batsman": "MK Tiwary",
              "bowler": "A Kumble",
              "non_striker": "BJ Hodge",
              "runs": {
                "batsman": 0,
                "extras": 0,
                "total": 0
              }
            }
          },
          {
            "7.3": {
              "batsman": "MK Tiwary",
              "bowler": "A Kumble",
              "non_striker": "BJ Hodge",
              "runs": {
                "batsman": 1,
                "extras": 0,
                "total": 1
              }
            }
          },
          {
            "7.4": {
              "batsman": "BJ Hodge",
              "bowler": "A Kumble",
              "non_striker": "MK Tiwary",
              "runs": {
                "batsman": 0,
                "extras": 0,
                "total": 0
              }
            }
          },
          {
            "7.5": {
              "batsman": "BJ Hodge",
              "bowler": "A Kumble",
              "non_striker": "MK Tiwary",
              "runs": {
                "batsman": 0,
                "extras": 0,
                "total": 0
              }
            }
          },
          {
            "7.6": {
              "batsman": "BJ Hodge",
              "bowler": "A Kumble",
              "non_striker": "MK Tiwary",
              "runs": {
                "batsman": 0,
                "extras": 0,
                "total": 0
              }
            }
          },
          {
            "8.1": {
              "batsman": "MK Tiwary",
              "bowler": "RE van der Merwe",
              "non_striker": "BJ Hodge",
              "runs": {
                "batsman": 1,
                "extras": 0,
                "total": 1
              }
            }
          },
          {
            "8.2": {
              "batsman": "BJ Hodge",
              "bowler": "RE van der Merwe",
              "non_striker": "MK Tiwary",
              "runs": {
                "batsman": 1,
                "extras": 0,
                "total": 1
              }
            }
          },
          {
            "8.3": {
              "batsman": "MK Tiwary",
              "bowler": "RE van der Merwe",
              "non_striker": "BJ Hodge",
              "runs": {
                "batsman": 1,
                "extras": 0,
                "total": 1
              }
            }
          },
          {
            "8.4": {
              "batsman": "BJ Hodge",
              "bowler": "RE van der Merwe",
              "non_striker": "MK Tiwary",
              "runs": {
                "batsman": 4,
                "extras": 0,
                "total": 4
              }
            }
          },
          {
            "8.5": {
              "batsman": "BJ Hodge",
              "bowler": "RE van der Merwe",
              "non_striker": "MK Tiwary",
              "runs": {
                "batsman": 2,
                "extras": 0,
                "total": 2
              }
            }
          },
          {
            "8.6": {
              "batsman": "BJ Hodge",
              "bowler": "RE van der Merwe",
              "extras": {
                "wides": 1
              },
              "non_striker": "MK Tiwary",
              "runs": {
                "batsman": 0,
                "extras": 1,
                "total": 1
              }
            }
          },
          {
            "8.7": {
              "batsman": "BJ Hodge",
              "bowler": "RE van der Merwe",
              "non_striker": "MK Tiwary",
              "runs": {
                "batsman": 0,
                "extras": 0,
                "total": 0
              }
            }
          },
          {
            "9.1": {
              "batsman": "MK Tiwary",
              "bowler": "A Kumble",
              "non_striker": "BJ Hodge",
              "runs": {
                "batsman": 4,
                "extras": 0,
                "total": 4
              }
            }
          },
          {
            "9.2": {
              "batsman": "MK Tiwary",
              "bowler": "A Kumble",
              "non_striker": "BJ Hodge",
              "runs": {
                "batsman": 1,
                "extras": 0,
                "total": 1
              }
            }
          },
          {
            "9.3": {
              "batsman": "BJ Hodge",
              "bowler": "A Kumble",
              "non_striker": "MK Tiwary",
              "runs": {
                "batsman": 0,
                "extras": 0,
                "total": 0
              }
            }
          },
          {
            "9.4": {
              "batsman": "BJ Hodge",
              "bowler": "A Kumble",
              "non_striker": "MK Tiwary",
              "runs": {
                "batsman": 0,
                "extras": 0,
                "total": 0
              }
            }
          },
          {
            "9.5": {
              "batsman": "BJ Hodge",
              "bowler": "A Kumble",
              "non_striker": "MK Tiwary",
              "runs": {
                "batsman": 0,
                "extras": 0,
                "total": 0
              }
            }
          },
          {
            "9.6": {
              "batsman": "BJ Hodge",
              "bowler": "A Kumble",
              "non_striker": "MK Tiwary",
              "runs": {
                "batsman": 1,
                "extras": 0,
                "total": 1
              }
            }
          },
          {
            "10.1": {
              "batsman": "BJ Hodge",
              "bowler": "DW Steyn",
              "non_striker": "MK Tiwary",
              "runs": {
                "batsman": 0,
                "extras": 0,
                "total": 0
              }
            }
          },
          {
            "10.2": {
              "batsman": "BJ Hodge",
              "bowler": "DW Steyn",
              "non_striker": "MK Tiwary",
              "runs": {
                "batsman": 4,
                "extras": 0,
                "total": 4
              }
            }
          },
          {
            "10.3": {
              "batsman": "BJ Hodge",
              "bowler": "DW Steyn",
              "non_striker": "MK Tiwary",
              "runs": {
                "batsman": 4,
                "extras": 0,
                "total": 4
              }
            }
          },
          {
            "10.4": {
              "batsman": "BJ Hodge",
              "bowler": "DW Steyn",
              "non_striker": "MK Tiwary",
              "runs": {
                "batsman": 0,
                "extras": 0,
                "total": 0
              }
            }
          },
          {
            "10.5": {
              "batsman": "BJ Hodge",
              "bowler": "DW Steyn",
              "non_striker": "MK Tiwary",
              "runs": {
                "batsman": 1,
                "extras": 0,
                "total": 1
              }
            }
          },
          {
            "10.6": {
              "batsman": "MK Tiwary",
              "bowler": "DW Steyn",
              "non_striker": "BJ Hodge",
              "runs": {
                "batsman": 0,
                "extras": 0,
                "total": 0
              }
            }
          },
          {
            "11.1": {
              "batsman": "BJ Hodge",
              "bowler": "RE van der Merwe",
              "non_striker": "MK Tiwary",
              "runs": {
                "batsman": 4,
                "extras": 0,
                "total": 4
              }
            }
          },
          {
            "11.2": {
              "batsman": "BJ Hodge",
              "bowler": "RE van der Merwe",
              "non_striker": "MK Tiwary",
              "runs": {
                "batsman": 1,
                "extras": 0,
                "total": 1
              }
            }
          },
          {
            "11.3": {
              "batsman": "MK Tiwary",
              "bowler": "RE van der Merwe",
              "non_striker": "BJ Hodge",
              "runs": {
                "batsman": 2,
                "extras": 0,
                "total": 2
              }
            }
          },
          {
            "11.4": {
              "batsman": "MK Tiwary",
              "bowler": "RE van der Merwe",
              "non_striker": "BJ Hodge",
              "runs": {
                "batsman": 0,
                "extras": 0,
                "total": 0
              },
              "wicket": {
                "kind": "caught and bowled",
                "player_out": "MK Tiwary"
              }
            }
          },
          {
            "11.5": {
              "batsman": "SC Ganguly",
              "bowler": "RE van der Merwe",
              "non_striker": "BJ Hodge",
              "runs": {
                "batsman": 0,
                "extras": 0,
                "total": 0
              }
            }
          },
          {
            "11.6": {
              "batsman": "SC Ganguly",
              "bowler": "RE van der Merwe",
              "non_striker": "BJ Hodge",
              "runs": {
                "batsman": 1,
                "extras": 0,
                "total": 1
              }
            }
          },
          {
            "12.1": {
              "batsman": "SC Ganguly",
              "bowler": "DW Steyn",
              "extras": {
                "wides": 1
              },
              "non_striker": "BJ Hodge",
              "runs": {
                "batsman": 0,
                "extras": 1,
                "total": 1
              }
            }
          },
          {
            "12.2": {
              "batsman": "SC Ganguly",
              "bowler": "DW Steyn",
              "extras": {
                "wides": 1
              },
              "non_striker": "BJ Hodge",
              "runs": {
                "batsman": 0,
                "extras": 1,
                "total": 1
              }
            }
          },
          {
            "12.3": {
              "batsman": "SC Ganguly",
              "bowler": "DW Steyn",
              "non_striker": "BJ Hodge",
              "runs": {
                "batsman": 0,
                "extras": 0,
                "total": 0
              }
            }
          },
          {
            "12.4": {
              "batsman": "SC Ganguly",
              "bowler": "DW Steyn",
              "non_striker": "BJ Hodge",
              "runs": {
                "batsman": 1,
                "extras": 0,
                "total": 1
              }
            }
          },
          {
            "12.5": {
              "batsman": "BJ Hodge",
              "bowler": "DW Steyn",
              "non_striker": "SC Ganguly",
              "runs": {
                "batsman": 1,
                "extras": 0,
                "total": 1
              }
            }
          },
          {
            "12.6": {
              "batsman": "SC Ganguly",
              "bowler": "DW Steyn",
              "non_striker": "BJ Hodge",
              "runs": {
                "batsman": 0,
                "extras": 0,
                "total": 0
              }
            }
          },
          {
            "12.7": {
              "batsman": "SC Ganguly",
              "bowler": "DW Steyn",
              "non_striker": "BJ Hodge",
              "runs": {
                "batsman": 2,
                "extras": 0,
                "total": 2
              }
            }
          },
          {
            "12.8": {
              "batsman": "SC Ganguly",
              "bowler": "DW Steyn",
              "extras": {
                "legbyes": 1
              },
              "non_striker": "BJ Hodge",
              "runs": {
                "batsman": 0,
                "extras": 1,
                "total": 1
              }
            }
          },
          {
            "13.1": {
              "batsman": "SC Ganguly",
              "bowler": "RE van der Merwe",
              "non_striker": "BJ Hodge",
              "runs": {
                "batsman": 1,
                "extras": 0,
                "total": 1
              }
            }
          },
          {
            "13.2": {
              "batsman": "BJ Hodge",
              "bowler": "RE van der Merwe",
              "non_striker": "SC Ganguly",
              "runs": {
                "batsman": 0,
                "extras": 0,
                "total": 0
              }
            }
          },
          {
            "13.3": {
              "batsman": "BJ Hodge",
              "bowler": "RE van der Merwe",
              "non_striker": "SC Ganguly",
              "runs": {
                "batsman": 1,
                "extras": 0,
                "total": 1
              }
            }
          },
          {
            "13.4": {
              "batsman": "SC Ganguly",
              "bowler": "RE van der Merwe",
              "non_striker": "BJ Hodge",
              "runs": {
                "batsman": 0,
                "extras": 0,
                "total": 0
              }
            }
          },
          {
            "13.5": {
              "batsman": "SC Ganguly",
              "bowler": "RE van der Merwe",
              "non_striker": "BJ Hodge",
              "runs": {
                "batsman": 1,
                "extras": 0,
                "total": 1
              }
            }
          },
          {
            "13.6": {
              "batsman": "BJ Hodge",
              "bowler": "RE van der Merwe",
              "non_striker": "SC Ganguly",
              "runs": {
                "batsman": 0,
                "extras": 0,
                "total": 0
              },
              "wicket": {
                "fielders": [
                  "MK Pandey"
                ],
                "kind": "caught",
                "player_out": "BJ Hodge"
              }
            }
          },
          {
            "14.1": {
              "batsman": "CA Pujara",
              "bowler": "P Kumar",
              "non_striker": "SC Ganguly",
              "runs": {
                "batsman": 0,
                "extras": 0,
                "total": 0
              }
            }
          },
          {
            "14.2": {
              "batsman": "CA Pujara",
              "bowler": "P Kumar",
              "non_striker": "SC Ganguly",
              "runs": {
                "batsman": 1,
                "extras": 0,
                "total": 1
              }
            }
          },
          {
            "14.3": {
              "batsman": "SC Ganguly",
              "bowler": "P Kumar",
              "non_striker": "CA Pujara",
              "runs": {
                "batsman": 1,
                "extras": 0,
                "total": 1
              }
            }
          },
          {
            "14.4": {
              "batsman": "CA Pujara",
              "bowler": "P Kumar",
              "non_striker": "SC Ganguly",
              "runs": {
                "batsman": 1,
                "extras": 0,
                "total": 1
              }
            }
          },
          {
            "14.5": {
              "batsman": "SC Ganguly",
              "bowler": "P Kumar",
              "non_striker": "CA Pujara",
              "runs": {
                "batsman": 1,
                "extras": 0,
                "total": 1
              }
            }
          },
          {
            "14.6": {
              "batsman": "CA Pujara",
              "bowler": "P Kumar",
              "non_striker": "SC Ganguly",
              "runs": {
                "batsman": 0,
                "extras": 0,
                "total": 0
              }
            }
          },
          {
            "15.1": {
              "batsman": "SC Ganguly",
              "bowler": "A Kumble",
              "non_striker": "CA Pujara",
              "runs": {
                "batsman": 0,
                "extras": 0,
                "total": 0
              }
            }
          },
          {
            "15.2": {
              "batsman": "SC Ganguly",
              "bowler": "A Kumble",
              "non_striker": "CA Pujara",
              "runs": {
                "batsman": 1,
                "extras": 0,
                "total": 1
              }
            }
          },
          {
            "15.3": {
              "batsman": "CA Pujara",
              "bowler": "A Kumble",
              "non_striker": "SC Ganguly",
              "runs": {
                "batsman": 0,
                "extras": 0,
                "total": 0
              }
            }
          },
          {
            "15.4": {
              "batsman": "CA Pujara",
              "bowler": "A Kumble",
              "non_striker": "SC Ganguly",
              "runs": {
                "batsman": 0,
                "extras": 0,
                "total": 0
              }
            }
          },
          {
            "15.5": {
              "batsman": "CA Pujara",
              "bowler": "A Kumble",
              "non_striker": "SC Ganguly",
              "runs": {
                "batsman": 0,
                "extras": 0,
                "total": 0
              }
            }
          },
          {
            "15.6": {
              "batsman": "CA Pujara",
              "bowler": "A Kumble",
              "non_striker": "SC Ganguly",
              "runs": {
                "batsman": 1,
                "extras": 0,
                "total": 1
              }
            }
          },
          {
            "16.1": {
              "batsman": "CA Pujara",
              "bowler": "JH Kallis",
              "non_striker": "SC Ganguly",
              "runs": {
                "batsman": 0,
                "extras": 0,
                "total": 0
              }
            }
          },
          {
            "16.2": {
              "batsman": "CA Pujara",
              "bowler": "JH Kallis",
              "non_striker": "SC Ganguly",
              "runs": {
                "batsman": 1,
                "extras": 0,
                "total": 1
              }
            }
          },
          {
            "16.3": {
              "batsman": "SC Ganguly",
              "bowler": "JH Kallis",
              "non_striker": "CA Pujara",
              "runs": {
                "batsman": 2,
                "extras": 0,
                "total": 2
              }
            }
          },
          {
            "16.4": {
              "batsman": "SC Ganguly",
              "bowler": "JH Kallis",
              "non_striker": "CA Pujara",
              "runs": {
                "batsman": 4,
                "extras": 0,
                "total": 4
              }
            }
          },
          {
            "16.5": {
              "batsman": "SC Ganguly",
              "bowler": "JH Kallis",
              "non_striker": "CA Pujara",
              "runs": {
                "batsman": 0,
                "extras": 0,
                "total": 0
              }
            }
          },
          {
            "16.6": {
              "batsman": "SC Ganguly",
              "bowler": "JH Kallis",
              "non_striker": "CA Pujara",
              "runs": {
                "batsman": 1,
                "extras": 0,
                "total": 1
              }
            }
          },
          {
            "17.1": {
              "batsman": "SC Ganguly",
              "bowler": "DW Steyn",
              "non_striker": "CA Pujara",
              "runs": {
                "batsman": 6,
                "extras": 0,
                "total": 6
              }
            }
          },
          {
            "17.2": {
              "batsman": "SC Ganguly",
              "bowler": "DW Steyn",
              "non_striker": "CA Pujara",
              "runs": {
                "batsman": 1,
                "extras": 0,
                "total": 1
              }
            }
          },
          {
            "17.3": {
              "batsman": "CA Pujara",
              "bowler": "DW Steyn",
              "non_striker": "SC Ganguly",
              "runs": {
                "batsman": 0,
                "extras": 0,
                "total": 0
              }
            }
          },
          {
            "17.4": {
              "batsman": "CA Pujara",
              "bowler": "DW Steyn",
              "non_striker": "SC Ganguly",
              "runs": {
                "batsman": 0,
                "extras": 0,
                "total": 0
              }
            }
          },
          {
            "17.5": {
              "batsman": "CA Pujara",
              "bowler": "DW Steyn",
              "non_striker": "SC Ganguly",
              "runs": {
                "batsman": 0,
                "extras": 0,
                "total": 0
              }
            }
          },
          {
            "17.6": {
              "batsman": "CA Pujara",
              "bowler": "DW Steyn",
              "non_striker": "SC Ganguly",
              "runs": {
                "batsman": 0,
                "extras": 0,
                "total": 0
              }
            }
          },
          {
            "18.1": {
              "batsman": "SC Ganguly",
              "bowler": "P Kumar",
              "non_striker": "CA Pujara",
              "runs": {
                "batsman": 0,
                "extras": 0,
                "total": 0
              }
            }
          },
          {
            "18.2": {
              "batsman": "SC Ganguly",
              "bowler": "P Kumar",
              "non_striker": "CA Pujara",
              "runs": {
                "batsman": 0,
                "extras": 0,
                "total": 0
              },
              "wicket": {
                "fielders": [
                  "EJG Morgan"
                ],
                "kind": "caught",
                "player_out": "SC Ganguly"
              }
            }
          },
          {
            "18.3": {
              "batsman": "CA Pujara",
              "bowler": "P Kumar",
              "non_striker": "OA Shah",
              "runs": {
                "batsman": 1,
                "extras": 0,
                "total": 1
              }
            }
          },
          {
            "18.4": {
              "batsman": "OA Shah",
              "bowler": "P Kumar",
              "non_striker": "CA Pujara",
              "runs": {
                "batsman": 0,
                "extras": 0,
                "total": 0
              }
            }
          },
          {
            "18.5": {
              "batsman": "OA Shah",
              "bowler": "P Kumar",
              "non_striker": "CA Pujara",
              "runs": {
                "batsman": 0,
                "extras": 0,
                "total": 0
              }
            }
          },
          {
            "18.6": {
              "batsman": "OA Shah",
              "bowler": "P Kumar",
              "non_striker": "CA Pujara",
              "runs": {
                "batsman": 1,
                "extras": 0,
                "total": 1
              }
            }
          },
          {
            "19.1": {
              "batsman": "OA Shah",
              "bowler": "V Kohli",
              "non_striker": "CA Pujara",
              "runs": {
                "batsman": 0,
                "extras": 0,
                "total": 0
              }
            }
          },
          {
            "19.2": {
              "batsman": "OA Shah",
              "bowler": "V Kohli",
              "non_striker": "CA Pujara",
              "runs": {
                "batsman": 1,
                "extras": 0,
                "total": 1
              }
            }
          }
        ]
      }
    }
  ]
}