{
  "meta": {
    "data_version": 0.9,
    "created": "2011-04-29T00:00:00.000Z",
    "revision": 2
  },
  "info": {
    "city": "Bangalore",
    "competition": "IPL",
    "dates": [
      "2010-03-25T00:00:00.000Z"
    ],
    "gender": "male",
    "match_type": "T20",
    "outcome": {
      "by": {
        "runs": 17
      },
      "winner": "Delhi Daredevils"
    },
    "overs": 20,
    "player_of_match": [
      "KM Jadhav"
    ],
    "teams": [
      "Royal Challengers Bangalore",
      "Delhi Daredevils"
    ],
    "toss": {
      "decision": "field",
      "winner": "Royal Challengers Bangalore"
    },
    "umpires": [
      "BG Jerling",
      "RE Koertzen"
    ],
    "venue": "M Chinnaswamy Stadium"
  },
  "innings": [
    {
      "1st innings": {
        "team": "Delhi Daredevils",
        "deliveries": [
          {
            "0.1": {
              "batsman": "DA Warner",
              "bowler": "P Kumar",
              "non_striker": "V Sehwag",
              "runs": {
                "batsman": 2,
                "extras": 0,
                "total": 2
              }
            }
          },
          {
            "0.2": {
              "batsman": "DA Warner",
              "bowler": "P Kumar",
              "non_striker": "V Sehwag",
              "runs": {
                "batsman": 2,
                "extras": 0,
                "total": 2
              }
            }
          },
          {
            "0.3": {
              "batsman": "DA Warner",
              "bowler": "P Kumar",
              "non_striker": "V Sehwag",
              "runs": {
                "batsman": 2,
                "extras": 0,
                "total": 2
              }
            }
          },
          {
            "0.4": {
              "batsman": "DA Warner",
              "bowler": "P Kumar",
              "non_striker": "V Sehwag",
              "runs": {
                "batsman": 0,
                "extras": 0,
                "total": 0
              }
            }
          },
          {
            "0.5": {
              "batsman": "DA Warner",
              "bowler": "P Kumar",
              "non_striker": "V Sehwag",
              "runs": {
                "batsman": 6,
                "extras": 0,
                "total": 6
              }
            }
          },
          {
            "0.6": {
              "batsman": "DA Warner",
              "bowler": "P Kumar",
              "non_striker": "V Sehwag",
              "runs": {
                "batsman": 1,
                "extras": 0,
                "total": 1
              }
            }
          },
          {
            "1.1": {
              "batsman": "DA Warner",
              "bowler": "DW Steyn",
              "non_striker": "V Sehwag",
              "runs": {
                "batsman": 4,
                "extras": 0,
                "total": 4
              }
            }
          },
          {
            "1.2": {
              "batsman": "DA Warner",
              "bowler": "DW Steyn",
              "non_striker": "V Sehwag",
              "runs": {
                "batsman": 1,
                "extras": 0,
                "total": 1
              }
            }
          },
          {
            "1.3": {
              "batsman": "V Sehwag",
              "bowler": "DW Steyn",
              "non_striker": "DA Warner",
              "runs": {
                "batsman": 0,
                "extras": 0,
                "total": 0
              }
            }
          },
          {
            "1.4": {
              "batsman": "V Sehwag",
              "bowler": "DW Steyn",
              "non_striker": "DA Warner",
              "runs": {
                "batsman": 4,
                "extras": 0,
                "total": 4
              }
            }
          },
          {
            "1.5": {
              "batsman": "V Sehwag",
              "bowler": "DW Steyn",
              "non_striker": "DA Warner",
              "runs": {
                "batsman": 1,
                "extras": 0,
                "total": 1
              }
            }
          },
          {
            "1.6": {
              "batsman": "DA Warner",
              "bowler": "DW Steyn",
              "non_striker": "V Sehwag",
              "runs": {
                "batsman": 6,
                "extras": 0,
                "total": 6
              }
            }
          },
          {
            "2.1": {
              "batsman": "V Sehwag",
              "bowler": "P Kumar",
              "non_striker": "DA Warner",
              "runs": {
                "batsman": 1,
                "extras": 0,
                "total": 1
              }
            }
          },
          {
            "2.2": {
              "batsman": "DA Warner",
              "bowler": "P Kumar",
              "non_striker": "V Sehwag",
              "runs": {
                "batsman": 0,
                "extras": 0,
                "total": 0
              }
            }
          },
          {
            "2.3": {
              "batsman": "DA Warner",
              "bowler": "P Kumar",
              "non_striker": "V Sehwag",
              "runs": {
                "batsman": 4,
                "extras": 0,
                "total": 4
              }
            }
          },
          {
            "2.4": {
              "batsman": "DA Warner",
              "bowler": "P Kumar",
              "non_striker": "V Sehwag",
              "runs": {
                "batsman": 1,
                "extras": 0,
                "total": 1
              }
            }
          },
          {
            "2.5": {
              "batsman": "V Sehwag",
              "bowler": "P Kumar",
              "non_striker": "DA Warner",
              "runs": {
                "batsman": 0,
                "extras": 0,
                "total": 0
              }
            }
          },
          {
            "2.6": {
              "batsman": "V Sehwag",
              "bowler": "P Kumar",
              "non_striker": "DA Warner",
              "runs": {
                "batsman": 4,
                "extras": 0,
                "total": 4
              }
            }
          },
          {
            "3.1": {
              "batsman": "DA Warner",
              "bowler": "DW Steyn",
              "extras": {
                "wides": 1
              },
              "non_striker": "V Sehwag",
              "runs": {
                "batsman": 0,
                "extras": 1,
                "total": 1
              }
            }
          },
          {
            "3.2": {
              "batsman": "DA Warner",
              "bowler": "DW Steyn",
              "non_striker": "V Sehwag",
              "runs": {
                "batsman": 4,
                "extras": 0,
                "total": 4
              }
            }
          },
          {
            "3.3": {
              "batsman": "DA Warner",
              "bowler": "DW Steyn",
              "non_striker": "V Sehwag",
              "runs": {
                "batsman": 0,
                "extras": 0,
                "total": 0
              },
              "wicket": {
                "fielders": [
                  "R Vinay Kumar"
                ],
                "kind": "caught",
                "player_out": "DA Warner"
              }
            }
          },
          {
            "3.4": {
              "batsman": "V Sehwag",
              "bowler": "DW Steyn",
              "non_striker": "AB de Villiers",
              "runs": {
                "batsman": 0,
                "extras": 0,
                "total": 0
              }
            }
          },
          {
            "3.5": {
              "batsman": "V Sehwag",
              "bowler": "DW Steyn",
              "non_striker": "AB de Villiers",
              "runs": {
                "batsman": 1,
                "extras": 0,
                "total": 1
              }
            }
          },
          {
            "3.6": {
              "batsman": "AB de Villiers",
              "bowler": "DW Steyn",
              "non_striker": "V Sehwag",
              "runs": {
                "batsman": 3,
                "extras": 0,
                "total": 3
              }
            }
          },
          {
            "3.7": {
              "batsman": "V Sehwag",
              "bowler": "DW Steyn",
              "non_striker": "AB de Villiers",
              "runs": {
                "batsman": 0,
                "extras": 0,
                "total": 0
              }
            }
          },
          {
            "4.1": {
              "batsman": "AB de Villiers",
              "bowler": "JH Kallis",
              "non_striker": "V Sehwag",
              "runs": {
                "batsman": 2,
                "extras": 0,
                "total": 2
              }
            }
          },
          {
            "4.2": {
              "batsman": "AB de Villiers",
              "bowler": "JH Kallis",
              "non_striker": "V Sehwag",
              "runs": {
                "batsman": 2,
                "extras": 0,
                "total": 2
              }
            }
          },
          {
            "4.3": {
              "batsman": "AB de Villiers",
              "bowler": "JH Kallis",
              "non_striker": "V Sehwag",
              "runs": {
                "batsman": 4,
                "extras": 0,
                "total": 4
              }
            }
          },
          {
            "4.4": {
              "batsman": "AB de Villiers",
              "bowler": "JH Kallis",
              "non_striker": "V Sehwag",
              "runs": {
                "batsman": 0,
                "extras": 0,
                "total": 0
              }
            }
          },
          {
            "4.5": {
              "batsman": "AB de Villiers",
              "bowler": "JH Kallis",
              "non_striker": "V Sehwag",
              "runs": {
                "batsman": 1,
                "extras": 0,
                "total": 1
              }
            }
          },
          {
            "4.6": {
              "batsman": "V Sehwag",
              "bowler": "JH Kallis",
              "non_striker": "AB de Villiers",
              "runs": {
                "batsman": 1,
                "extras": 0,
                "total": 1
              }
            }
          },
          {
            "5.1": {
              "batsman": "V Sehwag",
              "bowler": "R Vinay Kumar",
              "non_striker": "AB de Villiers",
              "runs": {
                "batsman": 0,
                "extras": 0,
                "total": 0
              },
              "wicket": {
                "fielders": [
                  "V Kohli"
                ],
                "kind": "caught",
                "player_out": "V Sehwag"
              }
            }
          },
          {
            "5.2": {
              "batsman": "AB de Villiers",
              "bowler": "R Vinay Kumar",
              "non_striker": "KD Karthik",
              "runs": {
                "batsman": 0,
                "extras": 0,
                "total": 0
              }
            }
          },
          {
            "5.3": {
              "batsman": "AB de Villiers",
              "bowler": "R Vinay Kumar",
              "non_striker": "KD Karthik",
              "runs": {
                "batsman": 0,
                "extras": 0,
                "total": 0
              }
            }
          },
          {
            "5.4": {
              "batsman": "AB de Villiers",
              "bowler": "R Vinay Kumar",
              "non_striker": "KD Karthik",
              "runs": {
                "batsman": 4,
                "extras": 0,
                "total": 4
              }
            }
          },
          {
            "5.5": {
              "batsman": "AB de Villiers",
              "bowler": "R Vinay Kumar",
              "non_striker": "KD Karthik",
              "runs": {
                "batsman": 1,
                "extras": 0,
                "total": 1
              }
            }
          },
          {
            "5.6": {
              "batsman": "KD Karthik",
              "bowler": "R Vinay Kumar",
              "non_striker": "AB de Villiers",
              "runs": {
                "batsman": 1,
                "extras": 0,
                "total": 1
              }
            }
          },
          {
            "6.1": {
              "batsman": "KD Karthik",
              "bowler": "A Kumble",
              "non_striker": "AB de Villiers",
              "runs": {
                "batsman": 1,
                "extras": 0,
                "total": 1
              }
            }
          },
          {
            "6.2": {
              "batsman": "AB de Villiers",
              "bowler": "A Kumble",
              "non_striker": "KD Karthik",
              "runs": {
                "batsman": 2,
                "extras": 0,
                "total": 2
              }
            }
          },
          {
            "6.3": {
              "batsman": "AB de Villiers",
              "bowler": "A Kumble",
              "non_striker": "KD Karthik",
              "runs": {
                "batsman": 2,
                "extras": 0,
                "total": 2
              }
            }
          },
          {
            "6.4": {
              "batsman": "AB de Villiers",
              "bowler": "A Kumble",
              "non_striker": "KD Karthik",
              "runs": {
                "batsman": 1,
                "extras": 0,
                "total": 1
              }
            }
          },
          {
            "6.5": {
              "batsman": "KD Karthik",
              "bowler": "A Kumble",
              "non_striker": "AB de Villiers",
              "runs": {
                "batsman": 1,
                "extras": 0,
                "total": 1
              }
            }
          },
          {
            "6.6": {
              "batsman": "AB de Villiers",
              "bowler": "A Kumble",
              "non_striker": "KD Karthik",
              "runs": {
                "batsman": 4,
                "extras": 0,
                "total": 4
              }
            }
          },
          {
            "7.1": {
              "batsman": "KD Karthik",
              "bowler": "R Vinay Kumar",
              "non_striker": "AB de Villiers",
              "runs": {
                "batsman": 1,
                "extras": 0,
                "total": 1
              }
            }
          },
          {
            "7.2": {
              "batsman": "AB de Villiers",
              "bowler": "R Vinay Kumar",
              "non_striker": "KD Karthik",
              "runs": {
                "batsman": 1,
                "extras": 0,
                "total": 1
              }
            }
          },
          {
            "7.3": {
              "batsman": "KD Karthik",
              "bowler": "R Vinay Kumar",
              "non_striker": "AB de Villiers",
              "runs": {
                "batsman": 0,
                "extras": 0,
                "total": 0
              }
            }
          },
          {
            "7.4": {
              "batsman": "KD Karthik",
              "bowler": "R Vinay Kumar",
              "non_striker": "AB de Villiers",
              "runs": {
                "batsman": 0,
                "extras": 0,
                "total": 0
              }
            }
          },
          {
            "7.5": {
              "batsman": "KD Karthik",
              "bowler": "R Vinay Kumar",
              "non_striker": "AB de Villiers",
              "runs": {
                "batsman": 1,
                "extras": 0,
                "total": 1
              }
            }
          },
          {
            "7.6": {
              "batsman": "AB de Villiers",
              "bowler": "R Vinay Kumar",
              "non_striker": "KD Karthik",
              "runs": {
                "batsman": 1,
                "extras": 0,
                "total": 1
              }
            }
          },
          {
            "8.1": {
              "batsman": "AB de Villiers",
              "bowler": "A Kumble",
              "non_striker": "KD Karthik",
              "runs": {
                "batsman": 1,
                "extras": 0,
                "total": 1
              }
            }
          },
          {
            "8.2": {
              "batsman": "KD Karthik",
              "bowler": "A Kumble",
              "non_striker": "AB de Villiers",
              "runs": {
                "batsman": 1,
                "extras": 0,
                "total": 1
              }
            }
          },
          {
            "8.3": {
              "batsman": "AB de Villiers",
              "bowler": "A Kumble",
              "non_striker": "KD Karthik",
              "runs": {
                "batsman": 1,
                "extras": 0,
                "total": 1
              }
            }
          },
          {
            "8.4": {
              "batsman": "KD Karthik",
              "bowler": "A Kumble",
              "non_striker": "AB de Villiers",
              "runs": {
                "batsman": 1,
                "extras": 0,
                "total": 1
              }
            }
          },
          {
            "8.5": {
              "batsman": "AB de Villiers",
              "bowler": "A Kumble",
              "non_striker": "KD Karthik",
              "runs": {
                "batsman": 1,
                "extras": 0,
                "total": 1
              }
            }
          },
          {
            "8.6": {
              "batsman": "KD Karthik",
              "bowler": "A Kumble",
              "non_striker": "AB de Villiers",
              "runs": {
                "batsman": 4,
                "extras": 0,
                "total": 4
              }
            }
          },
          {
            "9.1": {
              "batsman": "AB de Villiers",
              "bowler": "R Vinay Kumar",
              "non_striker": "KD Karthik",
              "runs": {
                "batsman": 1,
                "extras": 0,
                "total": 1
              }
            }
          },
          {
            "9.2": {
              "batsman": "KD Karthik",
              "bowler": "R Vinay Kumar",
              "extras": {
                "wides": 1
              },
              "non_striker": "AB de Villiers",
              "runs": {
                "batsman": 0,
                "extras": 1,
                "total": 1
              }
            }
          },
          {
            "9.3": {
              "batsman": "KD Karthik",
              "bowler": "R Vinay Kumar",
              "non_striker": "AB de Villiers",
              "runs": {
                "batsman": 0,
                "extras": 0,
                "total": 0
              }
            }
          },
          {
            "9.4": {
              "batsman": "KD Karthik",
              "bowler": "R Vinay Kumar",
              "non_striker": "AB de Villiers",
              "runs": {
                "batsman": 1,
                "extras": 0,
                "total": 1
              }
            }
          },
          {
            "9.5": {
              "batsman": "AB de Villiers",
              "bowler": "R Vinay Kumar",
              "non_striker": "KD Karthik",
              "runs": {
                "batsman": 1,
                "extras": 0,
                "total": 1
              }
            }
          },
          {
            "9.6": {
              "batsman": "KD Karthik",
              "bowler": "R Vinay Kumar",
              "non_striker": "AB de Villiers",
              "runs": {
                "batsman": 1,
                "extras": 0,
                "total": 1
              }
            }
          },
          {
            "9.7": {
              "batsman": "AB de Villiers",
              "bowler": "R Vinay Kumar",
              "non_striker": "KD Karthik",
              "runs": {
                "batsman": 2,
                "extras": 0,
                "total": 2
              }
            }
          },
          {
            "10.1": {
              "batsman": "KD Karthik",
              "bowler": "JH Kallis",
              "non_striker": "AB de Villiers",
              "runs": {
                "batsman": 1,
                "extras": 0,
                "total": 1
              }
            }
          },
          {
            "10.2": {
              "batsman": "AB de Villiers",
              "bowler": "JH Kallis",
              "non_striker": "KD Karthik",
              "runs": {
                "batsman": 1,
                "extras": 0,
                "total": 1
              }
            }
          },
          {
            "10.3": {
              "batsman": "KD Karthik",
              "bowler": "JH Kallis",
              "non_striker": "AB de Villiers",
              "runs": {
                "batsman": 1,
                "extras": 0,
                "total": 1
              }
            }
          },
          {
            "10.4": {
              "batsman": "AB de Villiers",
              "bowler": "JH Kallis",
              "non_striker": "KD Karthik",
              "runs": {
                "batsman": 0,
                "extras": 0,
                "total": 0
              }
            }
          },
          {
            "10.5": {
              "batsman": "AB de Villiers",
              "bowler": "JH Kallis",
              "non_striker": "KD Karthik",
              "runs": {
                "batsman": 1,
                "extras": 0,
                "total": 1
              }
            }
          },
          {
            "10.6": {
              "batsman": "KD Karthik",
              "bowler": "JH Kallis",
              "non_striker": "AB de Villiers",
              "runs": {
                "batsman": 1,
                "extras": 0,
                "total": 1
              }
            }
          },
          {
            "11.1": {
              "batsman": "KD Karthik",
              "bowler": "DW Steyn",
              "non_striker": "AB de Villiers",
              "runs": {
                "batsman": 0,
                "extras": 0,
                "total": 0
              }
            }
          },
          {
            "11.2": {
              "batsman": "KD Karthik",
              "bowler": "DW Steyn",
              "non_striker": "AB de Villiers",
              "runs": {
                "batsman": 0,
                "extras": 0,
                "total": 0
              }
            }
          },
          {
            "11.3": {
              "batsman": "KD Karthik",
              "bowler": "DW Steyn",
              "non_striker": "AB de Villiers",
              "runs": {
                "batsman": 1,
                "extras": 0,
                "total": 1
              }
            }
          },
          {
            "11.4": {
              "batsman": "AB de Villiers",
              "bowler": "DW Steyn",
              "non_striker": "KD Karthik",
              "runs": {
                "batsman": 0,
                "extras": 0,
                "total": 0
              },
              "wicket": {
                "fielders": [
                  "DW Steyn"
                ],
                "kind": "run out",
                "player_out": "KD Karthik"
              }
            }
          },
          {
            "11.5": {
              "batsman": "AB de Villiers",
              "bowler": "DW Steyn",
              "non_striker": "KM Jadhav",
              "runs": {
                "batsman": 1,
                "extras": 0,
                "total": 1
              }
            }
          },
          {
            "11.6": {
              "batsman": "KM Jadhav",
              "bowler": "DW Steyn",
              "non_striker": "AB de Villiers",
              "runs": {
                "batsman": 1,
                "extras": 0,
                "total": 1
              }
            }
          },
          {
            "12.1": {
              "batsman": "KM Jadhav",
              "bowler": "JH Kallis",
              "extras": {
                "wides": 1
              },
              "non_striker": "AB de Villiers",
              "runs": {
                "batsman": 0,
                "extras": 1,
                "total": 1
              }
            }
          },
          {
            "12.2": {
              "batsman": "KM Jadhav",
              "bowler": "JH Kallis",
              "non_striker": "AB de Villiers",
              "runs": {
                "batsman": 0,
                "extras": 0,
                "total": 0
              }
            }
          },
          {
            "12.3": {
              "batsman": "KM Jadhav",
              "bowler": "JH Kallis",
              "non_striker": "AB de Villiers",
              "runs": {
                "batsman": 1,
                "extras": 0,
                "total": 1
              }
            }
          },
          {
            "12.4": {
              "batsman": "AB de Villiers",
              "bowler": "JH Kallis",
              "non_striker": "KM Jadhav",
              "runs": {
                "batsman": 1,
                "extras": 0,
                "total": 1
              }
            }
          },
          {
            "12.5": {
              "batsman": "KM Jadhav",
              "bowler": "JH Kallis",
              "non_striker": "AB de Villiers",
              "runs": {
                "batsman": 4,
                "extras": 0,
                "total": 4
              }
            }
          },
          {
            "12.6": {
              "batsman": "KM Jadhav",
              "bowler": "JH Kallis",
              "non_striker": "AB de Villiers",
              "runs": {
                "batsman": 1,
                "extras": 0,
                "total": 1
              }
            }
          },
          {
            "12.7": {
              "batsman": "AB de Villiers",
              "bowler": "JH Kallis",
              "non_striker": "KM Jadhav",
              "runs": {
                "batsman": 1,
                "extras": 0,
                "total": 1
              }
            }
          },
          {
            "13.1": {
              "batsman": "AB de Villiers",
              "bowler": "A Kumble",
              "non_striker": "KM Jadhav",
              "runs": {
                "batsman": 1,
                "extras": 0,
                "total": 1
              }
            }
          },
          {
            "13.2": {
              "batsman": "KM Jadhav",
              "bowler": "A Kumble",
              "non_striker": "AB de Villiers",
              "runs": {
                "batsman": 1,
                "extras": 0,
                "total": 1
              }
            }
          },
          {
            "13.3": {
              "batsman": "AB de Villiers",
              "bowler": "A Kumble",
              "non_striker": "KM Jadhav",
              "runs": {
                "batsman": 1,
                "extras": 0,
                "total": 1
              }
            }
          },
          {
            "13.4": {
              "batsman": "KM Jadhav",
              "bowler": "A Kumble",
              "non_striker": "AB de Villiers",
              "runs": {
                "batsman": 0,
                "extras": 0,
                "total": 0
              }
            }
          },
          {
            "13.5": {
              "batsman": "KM Jadhav",
              "bowler": "A Kumble",
              "non_striker": "AB de Villiers",
              "runs": {
                "batsman": 0,
                "extras": 0,
                "total": 0
              }
            }
          },
          {
            "13.6": {
              "batsman": "KM Jadhav",
              "bowler": "A Kumble",
              "non_striker": "AB de Villiers",
              "runs": {
                "batsman": 1,
                "extras": 0,
                "total": 1
              }
            }
          },
          {
            "14.1": {
              "batsman": "KM Jadhav",
              "bowler": "JH Kallis",
              "non_striker": "AB de Villiers",
              "runs": {
                "batsman": 4,
                "extras": 0,
                "total": 4
              }
            }
          },
          {
            "14.2": {
              "batsman": "KM Jadhav",
              "bowler": "JH Kallis",
              "non_striker": "AB de Villiers",
              "runs": {
                "batsman": 1,
                "extras": 0,
                "total": 1
              }
            }
          },
          {
            "14.3": {
              "batsman": "AB de Villiers",
              "bowler": "JH Kallis",
              "non_striker": "KM Jadhav",
              "runs": {
                "batsman": 1,
                "extras": 0,
                "total": 1
              }
            }
          },
          {
            "14.4": {
              "batsman": "KM Jadhav",
              "bowler": "JH Kallis",
              "non_striker": "AB de Villiers",
              "runs": {
                "batsman": 6,
                "extras": 0,
                "total": 6
              }
            }
          },
          {
            "14.5": {
              "batsman": "KM Jadhav",
              "bowler": "JH Kallis",
              "non_striker": "AB de Villiers",
              "runs": {
                "batsman": 0,
                "extras": 0,
                "total": 0
              }
            }
          },
          {
            "14.6": {
              "batsman": "KM Jadhav",
              "bowler": "JH Kallis",
              "non_striker": "AB de Villiers",
              "runs": {
                "batsman": 0,
                "extras": 0,
                "total": 0
              }
            }
          },
          {
            "15.1": {
              "batsman": "AB de Villiers",
              "bowler": "A Kumble",
              "non_striker": "KM Jadhav",
              "runs": {
                "batsman": 1,
                "extras": 0,
                "total": 1
              }
            }
          },
          {
            "15.2": {
              "batsman": "KM Jadhav",
              "bowler": "A Kumble",
              "non_striker": "AB de Villiers",
              "runs": {
                "batsman": 1,
                "extras": 0,
                "total": 1
              }
            }
          },
          {
            "15.3": {
              "batsman": "AB de Villiers",
              "bowler": "A Kumble",
              "non_striker": "KM Jadhav",
              "runs": {
                "batsman": 0,
                "extras": 0,
                "total": 0
              }
            }
          },
          {
            "15.4": {
              "batsman": "AB de Villiers",
              "bowler": "A Kumble",
              "non_striker": "KM Jadhav",
              "runs": {
                "batsman": 1,
                "extras": 0,
                "total": 1
              }
            }
          },
          {
            "15.5": {
              "batsman": "KM Jadhav",
              "bowler": "A Kumble",
              "non_striker": "AB de Villiers",
              "runs": {
                "batsman": 2,
                "extras": 0,
                "total": 2
              }
            }
          },
          {
            "15.6": {
              "batsman": "KM Jadhav",
              "bowler": "A Kumble",
              "non_striker": "AB de Villiers",
              "runs": {
                "batsman": 1,
                "extras": 0,
                "total": 1
              }
            }
          },
          {
            "16.1": {
              "batsman": "KM Jadhav",
              "bowler": "P Kumar",
              "non_striker": "AB de Villiers",
              "runs": {
                "batsman": 0,
                "extras": 0,
                "total": 0
              },
              "wicket": {
                "fielders": [
                  "EJG Morgan"
                ],
                "kind": "run out",
                "player_out": "AB de Villiers"
              }
            }
          },
          {
            "16.2": {
              "batsman": "AB McDonald",
              "bowler": "P Kumar",
              "extras": {
                "wides": 1
              },
              "non_striker": "KM Jadhav",
              "runs": {
                "batsman": 0,
                "extras": 1,
                "total": 1
              }
            }
          },
          {
            "16.3": {
              "batsman": "AB McDonald",
              "bowler": "P Kumar",
              "non_striker": "KM Jadhav",
              "runs": {
                "batsman": 0,
                "extras": 0,
                "total": 0
              }
            }
          },
          {
            "16.4": {
              "batsman": "AB McDonald",
              "bowler": "P Kumar",
              "non_striker": "KM Jadhav",
              "runs": {
                "batsman": 0,
                "extras": 0,
                "total": 0
              }
            }
          },
          {
            "16.5": {
              "batsman": "AB McDonald",
              "bowler": "P Kumar",
              "non_striker": "KM Jadhav",
              "runs": {
                "batsman": 0,
                "extras": 0,
                "total": 0
              }
            }
          },
          {
            "16.6": {
              "batsman": "AB McDonald",
              "bowler": "P Kumar",
              "extras": {
                "legbyes": 1
              },
              "non_striker": "KM Jadhav",
              "runs": {
                "batsman": 0,
                "extras": 1,
                "total": 1
              }
            }
          },
          {
            "16.7": {
              "batsman": "KM Jadhav",
              "bowler": "P Kumar",
              "extras": {
                "wides": 1
              },
              "non_striker": "AB McDonald",
              "runs": {
                "batsman": 0,
                "extras": 1,
                "total": 1
              }
            }
          },
          {
            "16.8": {
              "batsman": "KM Jadhav",
              "bowler": "P Kumar",
              "non_striker": "AB McDonald",
              "runs": {
                "batsman": 2,
                "extras": 0,
                "total": 2
              }
            }
          },
          {
            "17.1": {
              "batsman": "AB McDonald",
              "bowler": "DW Steyn",
              "non_striker": "KM Jadhav",
              "runs": {
                "batsman": 4,
                "extras": 0,
                "total": 4
              }
            }
          },
          {
            "17.2": {
              "batsman": "AB McDonald",
              "bowler": "DW Steyn",
              "non_striker": "KM Jadhav",
              "runs": {
                "batsman": 3,
                "extras": 0,
                "total": 3
              }
            }
          },
          {
            "17.3": {
              "batsman": "KM Jadhav",
              "bowler": "DW Steyn",
              "non_striker": "AB McDonald",
              "runs": {
                "batsman": 4,
                "extras": 0,
                "total": 4
              }
            }
          },
          {
            "17.4": {
              "batsman": "KM Jadhav",
              "bowler": "DW Steyn",
              "non_striker": "AB McDonald",
              "runs": {
                "batsman": 0,
                "extras": 0,
                "total": 0
              }
            }
          },
          {
            "17.5": {
              "batsman": "KM Jadhav",
              "bowler": "DW Steyn",
              "extras": {
                "wides": 1
              },
              "non_striker": "AB McDonald",
              "runs": {
                "batsman": 0,
                "extras": 1,
                "total": 1
              }
            }
          },
          {
            "17.6": {
              "batsman": "KM Jadhav",
              "bowler": "DW Steyn",
              "non_striker": "AB McDonald",
              "runs": {
                "batsman": 1,
                "extras": 0,
                "total": 1
              }
            }
          },
          {
            "17.7": {
              "batsman": "AB McDonald",
              "bowler": "DW Steyn",
              "non_striker": "KM Jadhav",
              "runs": {
                "batsman": 1,
                "extras": 0,
                "total": 1
              }
            }
          },
          {
            "18.1": {
              "batsman": "AB McDonald",
              "bowler": "P Kumar",
              "extras": {
                "wides": 1
              },
              "non_striker": "KM Jadhav",
              "runs": {
                "batsman": 0,
                "extras": 1,
                "total": 1
              }
            }
          },
          {
            "18.2": {
              "batsman": "AB McDonald",
              "bowler": "P Kumar",
              "non_striker": "KM Jadhav",
              "runs": {
                "batsman": 2,
                "extras": 0,
                "total": 2
              }
            }
          },
          {
            "18.3": {
              "batsman": "AB McDonald",
              "bowler": "P Kumar",
              "non_striker": "KM Jadhav",
              "runs": {
                "batsman": 6,
                "extras": 0,
                "total": 6
              }
            }
          },
          {
            "18.4": {
              "batsman": "AB McDonald",
              "bowler": "P Kumar",
              "non_striker": "KM Jadhav",
              "runs": {
                "batsman": 1,
                "extras": 0,
                "total": 1
              }
            }
          },
          {
            "18.5": {
              "batsman": "KM Jadhav",
              "bowler": "P Kumar",
              "non_striker": "AB McDonald",
              "runs": {
                "batsman": 4,
                "extras": 0,
                "total": 4
              }
            }
          },
          {
            "18.6": {
              "batsman": "KM Jadhav",
              "bowler": "P Kumar",
              "non_striker": "AB McDonald",
              "runs": {
                "batsman": 2,
                "extras": 0,
                "total": 2
              }
            }
          },
          {
            "18.7": {
              "batsman": "KM Jadhav",
              "bowler": "P Kumar",
              "non_striker": "AB McDonald",
              "runs": {
                "batsman": 2,
                "extras": 0,
                "total": 2
              }
            }
          },
          {
            "19.1": {
              "batsman": "AB McDonald",
              "bowler": "R Vinay Kumar",
              "non_striker": "KM Jadhav",
              "runs": {
                "batsman": 1,
                "extras": 0,
                "total": 1
              }
            }
          },
          {
            "19.2": {
              "batsman": "KM Jadhav",
              "bowler": "R Vinay Kumar",
              "non_striker": "AB McDonald",
              "runs": {
                "batsman": 0,
                "extras": 0,
                "total": 0
              }
            }
          },
          {
            "19.3": {
              "batsman": "KM Jadhav",
              "bowler": "R Vinay Kumar",
              "non_striker": "AB McDonald",
              "runs": {
                "batsman": 4,
                "extras": 0,
                "total": 4
              }
            }
          },
          {
            "19.4": {
              "batsman": "KM Jadhav",
              "bowler": "R Vinay Kumar",
              "non_striker": "AB McDonald",
              "runs": {
                "batsman": 6,
                "extras": 0,
                "total": 6
              }
            }
          },
          {
            "19.5": {
              "batsman": "KM Jadhav",
              "bowler": "R Vinay Kumar",
              "non_striker": "AB McDonald",
              "runs": {
                "batsman": 1,
                "extras": 0,
                "total": 1
              }
            }
          },
          {
            "19.6": {
              "batsman": "AB McDonald",
              "bowler": "R Vinay Kumar",
              "non_striker": "KM Jadhav",
              "runs": {
                "batsman": 0,
                "extras": 0,
                "total": 0
              }
            }
          }
        ]
      }
    },
    {
      "2nd innings": {
        "team": "Royal Challengers Bangalore",
        "deliveries": [
          {
            "0.1": {
              "batsman": "MK Pandey",
              "bowler": "DP Nannes",
              "extras": {
                "legbyes": 1
              },
              "non_striker": "JH Kallis",
              "runs": {
                "batsman": 0,
                "extras": 1,
                "total": 1
              }
            }
          },
          {
            "0.2": {
              "batsman": "JH Kallis",
              "bowler": "DP Nannes",
              "extras": {
                "legbyes": 1
              },
              "non_striker": "MK Pandey",
              "runs": {
                "batsman": 0,
                "extras": 1,
                "total": 1
              }
            }
          },
          {
            "0.3": {
              "batsman": "MK Pandey",
              "bowler": "DP Nannes",
              "non_striker": "JH Kallis",
              "runs": {
                "batsman": 0,
                "extras": 0,
                "total": 0
              }
            }
          },
          {
            "0.4": {
              "batsman": "MK Pandey",
              "bowler": "DP Nannes",
              "non_striker": "JH Kallis",
              "runs": {
                "batsman": 3,
                "extras": 0,
                "total": 3
              }
            }
          },
          {
            "0.5": {
              "batsman": "JH Kallis",
              "bowler": "DP Nannes",
              "non_striker": "MK Pandey",
              "runs": {
                "batsman": 0,
                "extras": 0,
                "total": 0
              }
            }
          },
          {
            "0.6": {
              "batsman": "JH Kallis",
              "bowler": "DP Nannes",
              "non_striker": "MK Pandey",
              "runs": {
                "batsman": 3,
                "extras": 0,
                "total": 3
              }
            }
          },
          {
            "1.1": {
              "batsman": "JH Kallis",
              "bowler": "UT Yadav",
              "non_striker": "MK Pandey",
              "runs": {
                "batsman": 0,
                "extras": 0,
                "total": 0
              }
            }
          },
          {
            "1.2": {
              "batsman": "JH Kallis",
              "bowler": "UT Yadav",
              "non_striker": "MK Pandey",
              "runs": {
                "batsman": 0,
                "extras": 0,
                "total": 0
              }
            }
          },
          {
            "1.3": {
              "batsman": "JH Kallis",
              "bowler": "UT Yadav",
              "non_striker": "MK Pandey",
              "runs": {
                "batsman": 0,
                "extras": 0,
                "total": 0
              }
            }
          },
          {
            "1.4": {
              "batsman": "JH Kallis",
              "bowler": "UT Yadav",
              "non_striker": "MK Pandey",
              "runs": {
                "batsman": 1,
                "extras": 0,
                "total": 1
              }
            }
          },
          {
            "1.5": {
              "batsman": "MK Pandey",
              "bowler": "UT Yadav",
              "non_striker": "JH Kallis",
              "runs": {
                "batsman": 0,
                "extras": 0,
                "total": 0
              }
            }
          },
          {
            "1.6": {
              "batsman": "MK Pandey",
              "bowler": "UT Yadav",
              "non_striker": "JH Kallis",
              "runs": {
                "batsman": 4,
                "extras": 0,
                "total": 4
              }
            }
          },
          {
            "2.1": {
              "batsman": "JH Kallis",
              "bowler": "PJ Sangwan",
              "non_striker": "MK Pandey",
              "runs": {
                "batsman": 1,
                "extras": 0,
                "total": 1
              }
            }
          },
          {
            "2.2": {
              "batsman": "MK Pandey",
              "bowler": "PJ Sangwan",
              "non_striker": "JH Kallis",
              "runs": {
                "batsman": 1,
                "extras": 0,
                "total": 1
              }
            }
          },
          {
            "2.3": {
              "batsman": "JH Kallis",
              "bowler": "PJ Sangwan",
              "extras": {
                "wides": 1
              },
              "non_striker": "MK Pandey",
              "runs": {
                "batsman": 0,
                "extras": 1,
                "total": 1
              }
            }
          },
          {
            "2.4": {
              "batsman": "JH Kallis",
              "bowler": "PJ Sangwan",
              "non_striker": "MK Pandey",
              "runs": {
                "batsman": 4,
                "extras": 0,
                "total": 4
              }
            }
          },
          {
            "2.5": {
              "batsman": "JH Kallis",
              "bowler": "PJ Sangwan",
              "extras": {
                "legbyes": 1
              },
              "non_striker": "MK Pandey",
              "runs": {
                "batsman": 0,
                "extras": 1,
                "total": 1
              }
            }
          },
          {
            "2.6": {
              "batsman": "MK Pandey",
              "bowler": "PJ Sangwan",
              "non_striker": "JH Kallis",
              "runs": {
                "batsman": 1,
                "extras": 0,
                "total": 1
              }
            }
          },
          {
            "2.7": {
              "batsman": "JH Kallis",
              "bowler": "PJ Sangwan",
              "non_striker": "MK Pandey",
              "runs": {
                "batsman": 0,
                "extras": 0,
                "total": 0
              }
            }
          },
          {
            "3.1": {
              "batsman": "MK Pandey",
              "bowler": "UT Yadav",
              "non_striker": "JH Kallis",
              "runs": {
                "batsman": 4,
                "extras": 0,
                "total": 4
              }
            }
          },
          {
            "3.2": {
              "batsman": "MK Pandey",
              "bowler": "UT Yadav",
              "non_striker": "JH Kallis",
              "runs": {
                "batsman": 4,
                "extras": 0,
                "total": 4
              }
            }
          },
          {
            "3.3": {
              "batsman": "MK Pandey",
              "bowler": "UT Yadav",
              "non_striker": "JH Kallis",
              "runs": {
                "batsman": 1,
                "extras": 0,
                "total": 1
              }
            }
          },
          {
            "3.4": {
              "batsman": "JH Kallis",
              "bowler": "UT Yadav",
              "non_striker": "MK Pandey",
              "runs": {
                "batsman": 1,
                "extras": 0,
                "total": 1
              }
            }
          },
          {
            "3.5": {
              "batsman": "MK Pandey",
              "bowler": "UT Yadav",
              "non_striker": "JH Kallis",
              "runs": {
                "batsman": 0,
                "extras": 0,
                "total": 0
              }
            }
          },
          {
            "3.6": {
              "batsman": "MK Pandey",
              "bowler": "UT Yadav",
              "non_striker": "JH Kallis",
              "runs": {
                "batsman": 1,
                "extras": 0,
                "total": 1
              }
            }
          },
          {
            "4.1": {
              "batsman": "MK Pandey",
              "bowler": "DP Nannes",
              "non_striker": "JH Kallis",
              "runs": {
                "batsman": 0,
                "extras": 0,
                "total": 0
              }
            }
          },
          {
            "4.2": {
              "batsman": "MK Pandey",
              "bowler": "DP Nannes",
              "non_striker": "JH Kallis",
              "runs": {
                "batsman": 1,
                "extras": 0,
                "total": 1
              }
            }
          },
          {
            "4.3": {
              "batsman": "JH Kallis",
              "bowler": "DP Nannes",
              "non_striker": "MK Pandey",
              "runs": {
                "batsman": 0,
                "extras": 0,
                "total": 0
              }
            }
          },
          {
            "4.4": {
              "batsman": "JH Kallis",
              "bowler": "DP Nannes",
              "non_striker": "MK Pandey",
              "runs": {
                "batsman": 1,
                "extras": 0,
                "total": 1
              }
            }
          },
          {
            "4.5": {
              "batsman": "MK Pandey",
              "bowler": "DP Nannes",
              "non_striker": "JH Kallis",
              "runs": {
                "batsman": 1,
                "extras": 0,
                "total": 1
              }
            }
          },
          {
            "4.6": {
              "batsman": "JH Kallis",
              "bowler": "DP Nannes",
              "non_striker": "MK Pandey",
              "runs": {
                "batsman": 1,
                "extras": 0,
                "total": 1
              }
            }
          },
          {
            "5.1": {
              "batsman": "JH Kallis",
              "bowler": "UT Yadav",
              "extras": {
                "noballs": 1
              },
              "non_striker": "MK Pandey",
              "runs": {
                "batsman": 1,
                "extras": 1,
                "total": 2
              }
            }
          },
          {
            "5.2": {
              "batsman": "MK Pandey",
              "bowler": "UT Yadav",
              "non_striker": "JH Kallis",
              "runs": {
                "batsman": 1,
                "extras": 0,
                "total": 1
              }
            }
          },
          {
            "5.3": {
              "batsman": "JH Kallis",
              "bowler": "UT Yadav",
              "non_striker": "MK Pandey",
              "runs": {
                "batsman": 1,
                "extras": 0,
                "total": 1
              }
            }
          },
          {
            "5.4": {
              "batsman": "MK Pandey",
              "bowler": "UT Yadav",
              "non_striker": "JH Kallis",
              "runs": {
                "batsman": 0,
                "extras": 0,
                "total": 0
              }
            }
          },
          {
            "5.5": {
              "batsman": "MK Pandey",
              "bowler": "UT Yadav",
              "non_striker": "JH Kallis",
              "runs": {
                "batsman": 1,
                "extras": 0,
                "total": 1
              }
            }
          },
          {
            "5.6": {
              "batsman": "JH Kallis",
              "bowler": "UT Yadav",
              "non_striker": "MK Pandey",
              "runs": {
                "batsman": 0,
                "extras": 0,
                "total": 0
              }
            }
          },
          {
            "5.7": {
              "batsman": "JH Kallis",
              "bowler": "UT Yadav",
              "non_striker": "MK Pandey",
              "runs": {
                "batsman": 4,
                "extras": 0,
                "total": 4
              }
            }
          },
          {
            "6.1": {
              "batsman": "MK Pandey",
              "bowler": "PJ Sangwan",
              "non_striker": "JH Kallis",
              "runs": {
                "batsman": 1,
                "extras": 0,
                "total": 1
              }
            }
          },
          {
            "6.2": {
              "batsman": "JH Kallis",
              "bowler": "PJ Sangwan",
              "non_striker": "MK Pandey",
              "runs": {
                "batsman": 4,
                "extras": 0,
                "total": 4
              }
            }
          },
          {
            "6.3": {
              "batsman": "JH Kallis",
              "bowler": "PJ Sangwan",
              "non_striker": "MK Pandey",
              "runs": {
                "batsman": 0,
                "extras": 0,
                "total": 0
              }
            }
          },
          {
            "6.4": {
              "batsman": "JH Kallis",
              "bowler": "PJ Sangwan",
              "non_striker": "MK Pandey",
              "runs": {
                "batsman": 1,
                "extras": 0,
                "total": 1
              }
            }
          },
          {
            "6.5": {
              "batsman": "MK Pandey",
              "bowler": "PJ Sangwan",
              "non_striker": "JH Kallis",
              "runs": {
                "batsman": 1,
                "extras": 0,
                "total": 1
              }
            }
          },
          {
            "6.6": {
              "batsman": "JH Kallis",
              "bowler": "PJ Sangwan",
              "extras": {
                "wides": 1
              },
              "non_striker": "MK Pandey",
              "runs": {
                "batsman": 0,
                "extras": 1,
                "total": 1
              }
            }
          },
          {
            "6.7": {
              "batsman": "JH Kallis",
              "bowler": "PJ Sangwan",
              "non_striker": "MK Pandey",
              "runs": {
                "batsman": 1,
                "extras": 0,
                "total": 1
              }
            }
          },
          {
            "7.1": {
              "batsman": "JH Kallis",
              "bowler": "A Mishra",
              "non_striker": "MK Pandey",
              "runs": {
                "batsman": 0,
                "extras": 0,
                "total": 0
              }
            }
          },
          {
            "7.2": {
              "batsman": "JH Kallis",
              "bowler": "A Mishra",
              "non_striker": "MK Pandey",
              "runs": {
                "batsman": 0,
                "extras": 0,
                "total": 0
              }
            }
          },
          {
            "7.3": {
              "batsman": "JH Kallis",
              "bowler": "A Mishra",
              "non_striker": "MK Pandey",
              "runs": {
                "batsman": 1,
                "extras": 0,
                "total": 1
              }
            }
          },
          {
            "7.4": {
              "batsman": "MK Pandey",
              "bowler": "A Mishra",
              "non_striker": "JH Kallis",
              "runs": {
                "batsman": 1,
                "extras": 0,
                "total": 1
              }
            }
          },
          {
            "7.5": {
              "batsman": "JH Kallis",
              "bowler": "A Mishra",
              "non_striker": "MK Pandey",
              "runs": {
                "batsman": 1,
                "extras": 0,
                "total": 1
              }
            }
          },
          {
            "7.6": {
              "batsman": "MK Pandey",
              "bowler": "A Mishra",
              "non_striker": "JH Kallis",
              "runs": {
                "batsman": 1,
                "extras": 0,
                "total": 1
              }
            }
          },
          {
            "8.1": {
              "batsman": "MK Pandey",
              "bowler": "AB McDonald",
              "non_striker": "JH Kallis",
              "runs": {
                "batsman": 1,
                "extras": 0,
                "total": 1
              }
            }
          },
          {
            "8.2": {
              "batsman": "JH Kallis",
              "bowler": "AB McDonald",
              "non_striker": "MK Pandey",
              "runs": {
                "batsman": 1,
                "extras": 0,
                "total": 1
              }
            }
          },
          {
            "8.3": {
              "batsman": "MK Pandey",
              "bowler": "AB McDonald",
              "non_striker": "JH Kallis",
              "runs": {
                "batsman": 4,
                "extras": 0,
                "total": 4
              }
            }
          },
          {
            "8.4": {
              "batsman": "MK Pandey",
              "bowler": "AB McDonald",
              "non_striker": "JH Kallis",
              "runs": {
                "batsman": 0,
                "extras": 0,
                "total": 0
              }
            }
          },
          {
            "8.5": {
              "batsman": "MK Pandey",
              "bowler": "AB McDonald",
              "non_striker": "JH Kallis",
              "runs": {
                "batsman": 6,
                "extras": 0,
                "total": 6
              }
            }
          },
          {
            "8.6": {
              "batsman": "MK Pandey",
              "bowler": "AB McDonald",
              "non_striker": "JH Kallis",
              "runs": {
                "batsman": 0,
                "extras": 0,
                "total": 0
              }
            }
          },
          {
            "9.1": {
              "batsman": "JH Kallis",
              "bowler": "A Mishra",
              "non_striker": "MK Pandey",
              "runs": {
                "batsman": 0,
                "extras": 0,
                "total": 0
              },
              "wicket": {
                "kind": "bowled",
                "player_out": "JH Kallis"
              }
            }
          },
          {
            "9.2": {
              "batsman": "RV Uthappa",
              "bowler": "A Mishra",
              "non_striker": "MK Pandey",
              "runs": {
                "batsman": 4,
                "extras": 0,
                "total": 4
              }
            }
          },
          {
            "9.3": {
              "batsman": "RV Uthappa",
              "bowler": "A Mishra",
              "non_striker": "MK Pandey",
              "runs": {
                "batsman": 1,
                "extras": 0,
                "total": 1
              }
            }
          },
          {
            "9.4": {
              "batsman": "MK Pandey",
              "bowler": "A Mishra",
              "non_striker": "RV Uthappa",
              "runs": {
                "batsman": 1,
                "extras": 0,
                "total": 1
              }
            }
          },
          {
            "9.5": {
              "batsman": "RV Uthappa",
              "bowler": "A Mishra",
              "non_striker": "MK Pandey",
              "runs": {
                "batsman": 0,
                "extras": 0,
                "total": 0
              }
            }
          },
          {
            "9.6": {
              "batsman": "RV Uthappa",
              "bowler": "A Mishra",
              "non_striker": "MK Pandey",
              "runs": {
                "batsman": 1,
                "extras": 0,
                "total": 1
              }
            }
          },
          {
            "10.1": {
              "batsman": "RV Uthappa",
              "bowler": "AB McDonald",
              "non_striker": "MK Pandey",
              "runs": {
                "batsman": 6,
                "extras": 0,
                "total": 6
              }
            }
          },
          {
            "10.2": {
              "batsman": "RV Uthappa",
              "bowler": "AB McDonald",
              "non_striker": "MK Pandey",
              "runs": {
                "batsman": 1,
                "extras": 0,
                "total": 1
              }
            }
          },
          {
            "10.3": {
              "batsman": "MK Pandey",
              "bowler": "AB McDonald",
              "non_striker": "RV Uthappa",
              "runs": {
                "batsman": 0,
                "extras": 0,
                "total": 0
              },
              "wicket": {
                "kind": "bowled",
                "player_out": "MK Pandey"
              }
            }
          },
          {
            "10.4": {
              "batsman": "R Dravid",
              "bowler": "AB McDonald",
              "non_striker": "RV Uthappa",
              "runs": {
                "batsman": 1,
                "extras": 0,
                "total": 1
              },
              "wicket": {
                "fielders": [
                  "UT Yadav",
                  "KD Karthik"
                ],
                "kind": "run out",
                "player_out": "R Dravid"
              }
            }
          },
          {
            "10.5": {
              "batsman": "EJG Morgan",
              "bowler": "AB McDonald",
              "non_striker": "RV Uthappa",
              "runs": {
                "batsman": 0,
                "extras": 0,
                "total": 0
              }
            }
          },
          {
            "10.6": {
              "batsman": "EJG Morgan",
              "bowler": "AB McDonald",
              "non_striker": "RV Uthappa",
              "runs": {
                "batsman": 0,
                "extras": 0,
                "total": 0
              }
            }
          },
          {
            "11.1": {
              "batsman": "RV Uthappa",
              "bowler": "A Mishra",
              "non_striker": "EJG Morgan",
              "runs": {
                "batsman": 0,
                "extras": 0,
                "total": 0
              }
            }
          },
          {
            "11.2": {
              "batsman": "RV Uthappa",
              "bowler": "A Mishra",
              "non_striker": "EJG Morgan",
              "runs": {
                "batsman": 1,
                "extras": 0,
                "total": 1
              }
            }
          },
          {
            "11.3": {
              "batsman": "EJG Morgan",
              "bowler": "A Mishra",
              "non_striker": "RV Uthappa",
              "runs": {
                "batsman": 1,
                "extras": 0,
                "total": 1
              }
            }
          },
          {
            "11.4": {
              "batsman": "RV Uthappa",
              "bowler": "A Mishra",
              "non_striker": "EJG Morgan",
              "runs": {
                "batsman": 1,
                "extras": 0,
                "total": 1
              }
            }
          },
          {
            "11.5": {
              "batsman": "EJG Morgan",
              "bowler": "A Mishra",
              "non_striker": "RV Uthappa",
              "runs": {
                "batsman": 1,
                "extras": 0,
                "total": 1
              }
            }
          },
          {
            "11.6": {
              "batsman": "RV Uthappa",
              "bowler": "A Mishra",
              "non_striker": "EJG Morgan",
              "runs": {
                "batsman": 0,
                "extras": 0,
                "total": 0
              },
              "wicket": {
                "fielders": [
                  "KD Karthik"
                ],
                "kind": "caught",
                "player_out": "RV Uthappa"
              }
            }
          },
          {
            "12.1": {
              "batsman": "EJG Morgan",
              "bowler": "PJ Sangwan",
              "non_striker": "V Kohli",
              "runs": {
                "batsman": 4,
                "extras": 0,
                "total": 4
              }
            }
          },
          {
            "12.2": {
              "batsman": "EJG Morgan",
              "bowler": "PJ Sangwan",
              "extras": {
                "wides": 1
              },
              "non_striker": "V Kohli",
              "runs": {
                "batsman": 0,
                "extras": 1,
                "total": 1
              }
            }
          },
          {
            "12.3": {
              "batsman": "EJG Morgan",
              "bowler": "PJ Sangwan",
              "non_striker": "V Kohli",
              "runs": {
                "batsman": 1,
                "extras": 0,
                "total": 1
              }
            }
          },
          {
            "12.4": {
              "batsman": "V Kohli",
              "bowler": "PJ Sangwan",
              "non_striker": "EJG Morgan",
              "runs": {
                "batsman": 1,
                "extras": 0,
                "total": 1
              }
            }
          },
          {
            "12.5": {
              "batsman": "EJG Morgan",
              "bowler": "PJ Sangwan",
              "non_striker": "V Kohli",
              "runs": {
                "batsman": 1,
                "extras": 0,
                "total": 1
              }
            }
          },
          {
            "12.6": {
              "batsman": "V Kohli",
              "bowler": "PJ Sangwan",
              "non_striker": "EJG Morgan",
              "runs": {
                "batsman": 1,
                "extras": 0,
                "total": 1
              }
            }
          },
          {
            "12.7": {
              "batsman": "EJG Morgan",
              "bowler": "PJ Sangwan",
              "non_striker": "V Kohli",
              "runs": {
                "batsman": 1,
                "extras": 0,
                "total": 1
              }
            }
          },
          {
            "13.1": {
              "batsman": "EJG Morgan",
              "bowler": "A Mishra",
              "non_striker": "V Kohli",
              "runs": {
                "batsman": 1,
                "extras": 0,
                "total": 1
              }
            }
          },
          {
            "13.2": {
              "batsman": "V Kohli",
              "bowler": "A Mishra",
              "extras": {
                "legbyes": 4
              },
              "non_striker": "EJG Morgan",
              "runs": {
                "batsman": 0,
                "extras": 4,
                "total": 4
              }
            }
          },
          {
            "13.3": {
              "batsman": "V Kohli",
              "bowler": "A Mishra",
              "non_striker": "EJG Morgan",
              "runs": {
                "batsman": 1,
                "extras": 0,
                "total": 1
              }
            }
          },
          {
            "13.4": {
              "batsman": "EJG Morgan",
              "bowler": "A Mishra",
              "non_striker": "V Kohli",
              "runs": {
                "batsman": 1,
                "extras": 0,
                "total": 1
              }
            }
          },
          {
            "13.5": {
              "batsman": "V Kohli",
              "bowler": "A Mishra",
              "non_striker": "EJG Morgan",
              "runs": {
                "batsman": 1,
                "extras": 0,
                "total": 1
              }
            }
          },
          {
            "13.6": {
              "batsman": "EJG Morgan",
              "bowler": "A Mishra",
              "non_striker": "V Kohli",
              "runs": {
                "batsman": 4,
                "extras": 0,
                "total": 4
              }
            }
          },
          {
            "14.1": {
              "batsman": "V Kohli",
              "bowler": "AB McDonald",
              "non_striker": "EJG Morgan",
              "runs": {
                "batsman": 4,
                "extras": 0,
                "total": 4
              }
            }
          },
          {
            "14.2": {
              "batsman": "V Kohli",
              "bowler": "AB McDonald",
              "non_striker": "EJG Morgan",
              "runs": {
                "batsman": 1,
                "extras": 0,
                "total": 1
              }
            }
          },
          {
            "14.3": {
              "batsman": "EJG Morgan",
              "bowler": "AB McDonald",
              "non_striker": "V Kohli",
              "runs": {
                "batsman": 1,
                "extras": 0,
                "total": 1
              }
            }
          },
          {
            "14.4": {
              "batsman": "V Kohli",
              "bowler": "AB McDonald",
              "non_striker": "EJG Morgan",
              "runs": {
                "batsman": 1,
                "extras": 0,
                "total": 1
              }
            }
          },
          {
            "14.5": {
              "batsman": "EJG Morgan",
              "bowler": "AB McDonald",
              "non_striker": "V Kohli",
              "runs": {
                "batsman": 1,
                "extras": 0,
                "total": 1
              },
              "wicket": {
                "fielders": [
                  "AB de Villiers",
                  "KD Karthik"
                ],
                "kind": "run out",
                "player_out": "EJG Morgan"
              }
            }
          },
          {
            "14.6": {
              "batsman": "MV Boucher",
              "bowler": "AB McDonald",
              "non_striker": "V Kohli",
              "runs": {
                "batsman": 1,
                "extras": 0,
                "total": 1
              }
            }
          },
          {
            "15.1": {
              "batsman": "MV Boucher",
              "bowler": "PJ Sangwan",
              "non_striker": "V Kohli",
              "runs": {
                "batsman": 1,
                "extras": 0,
                "total": 1
              }
            }
          },
          {
            "15.2": {
              "batsman": "V Kohli",
              "bowler": "PJ Sangwan",
              "non_striker": "MV Boucher",
              "runs": {
                "batsman": 0,
                "extras": 0,
                "total": 0
              }
            }
          },
          {
            "15.3": {
              "batsman": "V Kohli",
              "bowler": "PJ Sangwan",
              "non_striker": "MV Boucher",
              "runs": {
                "batsman": 1,
                "extras": 0,
                "total": 1
              }
            }
          },
          {
            "15.4": {
              "batsman": "MV Boucher",
              "bowler": "PJ Sangwan",
              "non_striker": "V Kohli",
              "runs": {
                "batsman": 0,
                "extras": 0,
                "total": 0
              },
              "wicket": {
                "fielders": [
                  "V Sehwag"
                ],
                "kind": "caught",
                "player_out": "MV Boucher"
              }
            }
          },
          {
            "15.5": {
              "batsman": "R Vinay Kumar",
              "bowler": "PJ Sangwan",
              "extras": {
                "wides": 1
              },
              "non_striker": "V Kohli",
              "runs": {
                "batsman": 0,
                "extras": 1,
                "total": 1
              }
            }
          },
          {
            "15.6": {
              "batsman": "R Vinay Kumar",
              "bowler": "PJ Sangwan",
              "non_striker": "V Kohli",
              "runs": {
                "batsman": 1,
                "extras": 0,
                "total": 1
              }
            }
          },
          {
            "15.7": {
              "batsman": "V Kohli",
              "bowler": "PJ Sangwan",
              "non_striker": "R Vinay Kumar",
              "runs": {
                "batsman": 1,
                "extras": 0,
                "total": 1
              }
            }
          },
          {
            "16.1": {
              "batsman": "V Kohli",
              "bowler": "DP Nannes",
              "non_striker": "R Vinay Kumar",
              "runs": {
                "batsman": 2,
                "extras": 0,
                "total": 2
              }
            }
          },
          {
            "16.2": {
              "batsman": "V Kohli",
              "bowler": "DP Nannes",
              "non_striker": "R Vinay Kumar",
              "runs": {
                "batsman": 4,
                "extras": 0,
                "total": 4
              }
            }
          },
          {
            "16.3": {
              "batsman": "V Kohli",
              "bowler": "DP Nannes",
              "non_striker": "R Vinay Kumar",
              "runs": {
                "batsman": 1,
                "extras": 0,
                "total": 1
              }
            }
          },
          {
            "16.4": {
              "batsman": "R Vinay Kumar",
              "bowler": "DP Nannes",
              "non_striker": "V Kohli",
              "runs": {
                "batsman": 1,
                "extras": 0,
                "total": 1
              }
            }
          },
          {
            "16.5": {
              "batsman": "V Kohli",
              "bowler": "DP Nannes",
              "non_striker": "R Vinay Kumar",
              "runs": {
                "batsman": 1,
                "extras": 0,
                "total": 1
              },
              "wicket": {
                "fielders": [
                  "A Mishra",
                  "DP Nannes"
                ],
                "kind": "run out",
                "player_out": "R Vinay Kumar"
              }
            }
          },
          {
            "16.6": {
              "batsman": "V Kohli",
              "bowler": "DP Nannes",
              "non_striker": "P Kumar",
              "runs": {
                "batsman": 1,
                "extras": 0,
                "total": 1
              }
            }
          },
          {
            "17.1": {
              "batsman": "V Kohli",
              "bowler": "UT Yadav",
              "non_striker": "P Kumar",
              "runs": {
                "batsman": 1,
                "extras": 0,
                "total": 1
              }
            }
          },
          {
            "17.2": {
              "batsman": "P Kumar",
              "bowler": "UT Yadav",
              "non_striker": "V Kohli",
              "runs": {
                "batsman": 0,
                "extras": 0,
                "total": 0
              },
              "wicket": {
                "fielders": [
                  "AB de Villiers"
                ],
                "kind": "caught",
                "player_out": "P Kumar"
              }
            }
          },
          {
            "17.3": {
              "batsman": "DW Steyn",
              "bowler": "UT Yadav",
              "extras": {
                "legbyes": 4
              },
              "non_striker": "V Kohli",
              "runs": {
                "batsman": 0,
                "extras": 4,
                "total": 4
              }
            }
          },
          {
            "17.4": {
              "batsman": "DW Steyn",
              "bowler": "UT Yadav",
              "non_striker": "V Kohli",
              "runs": {
                "batsman": 0,
                "extras": 0,
                "total": 0
              }
            }
          },
          {
            "17.5": {
              "batsman": "DW Steyn",
              "bowler": "UT Yadav",
              "non_striker": "V Kohli",
              "runs": {
                "batsman": 0,
                "extras": 0,
                "total": 0
              }
            }
          },
          {
            "17.6": {
              "batsman": "DW Steyn",
              "bowler": "UT Yadav",
              "non_striker": "V Kohli",
              "runs": {
                "batsman": 1,
                "extras": 0,
                "total": 1
              }
            }
          },
          {
            "18.1": {
              "batsman": "DW Steyn",
              "bowler": "DP Nannes",
              "non_striker": "V Kohli",
              "runs": {
                "batsman": 1,
                "extras": 0,
                "total": 1
              }
            }
          },
          {
            "18.2": {
              "batsman": "V Kohli",
              "bowler": "DP Nannes",
              "non_striker": "DW Steyn",
              "runs": {
                "batsman": 4,
                "extras": 0,
                "total": 4
              }
            }
          },
          {
            "18.3": {
              "batsman": "V Kohli",
              "bowler": "DP Nannes",
              "non_striker": "DW Steyn",
              "runs": {
                "batsman": 1,
                "extras": 0,
                "total": 1
              }
            }
          },
          {
            "18.4": {
              "batsman": "DW Steyn",
              "bowler": "DP Nannes",
              "non_striker": "V Kohli",
              "runs": {
                "batsman": 4,
                "extras": 0,
                "total": 4
              }
            }
          },
          {
            "18.5": {
              "batsman": "DW Steyn",
              "bowler": "DP Nannes",
              "non_striker": "V Kohli",
              "runs": {
                "batsman": 1,
                "extras": 0,
                "total": 1
              }
            }
          },
          {
            "18.6": {
              "batsman": "V Kohli",
              "bowler": "DP Nannes",
              "non_striker": "DW Steyn",
              "runs": {
                "batsman": 0,
                "extras": 0,
                "total": 0
              }
            }
          },
          {
            "19.1": {
              "batsman": "DW Steyn",
              "bowler": "AB McDonald",
              "non_striker": "V Kohli",
              "runs": {
                "batsman": 1,
                "extras": 0,
                "total": 1
              }
            }
          },
          {
            "19.2": {
              "batsman": "V Kohli",
              "bowler": "AB McDonald",
              "non_striker": "DW Steyn",
              "runs": {
                "batsman": 4,
                "extras": 0,
                "total": 4
              }
            }
          },
          {
            "19.3": {
              "batsman": "V Kohli",
              "bowler": "AB McDonald",
              "non_striker": "DW Steyn",
              "runs": {
                "batsman": 6,
                "extras": 0,
                "total": 6
              }
            }
          },
          {
            "19.4": {
              "batsman": "V Kohli",
              "bowler": "AB McDonald",
              "non_striker": "DW Steyn",
              "runs": {
                "batsman": 1,
                "extras": 0,
                "total": 1
              }
            }
          },
          {
            "19.5": {
              "batsman": "DW Steyn",
              "bowler": "AB McDonald",
              "non_striker": "V Kohli",
              "runs": {
                "batsman": 0,
                "extras": 0,
                "total": 0
              },
              "wicket": {
                "kind": "bowled",
                "player_out": "DW Steyn"
              }
            }
          },
          {
            "19.6": {
              "batsman": "A Kumble",
              "bowler": "AB McDonald",
              "non_striker": "V Kohli",
              "runs": {
                "batsman": 1,
                "extras": 0,
                "total": 1
              }
            }
          }
        ]
      }
    }
  ]
}