{
  "meta": {
    "data_version": 0.9,
    "created": "2011-04-29T00:00:00.000Z",
    "revision": 2
  },
  "info": {
    "city": "Nagpur",
    "competition": "IPL",
    "dates": [
      "2010-04-10T00:00:00.000Z"
    ],
    "gender": "male",
    "match_type": "T20",
    "outcome": {
      "by": {
        "wickets": 6
      },
      "winner": "Deccan Chargers"
    },
    "overs": 20,
    "player_of_match": [
      "RJ Harris"
    ],
    "teams": [
      "Deccan Chargers",
      "Chennai Super Kings"
    ],
    "toss": {
      "decision": "bat",
      "winner": "Chennai Super Kings"
    },
    "umpires": [
      "HDPK Dharmasena",
      "SJA Taufel"
    ],
    "venue": "Vidarbha Cricket Association Stadium, Jamtha"
  },
  "innings": [
    {
      "1st innings": {
        "team": "Chennai Super Kings",
        "deliveries": [
          {
            "0.1": {
              "batsman": "M Vijay",
              "bowler": "RJ Harris",
              "non_striker": "ML Hayden",
              "runs": {
                "batsman": 1,
                "extras": 0,
                "total": 1
              }
            }
          },
          {
            "0.2": {
              "batsman": "ML Hayden",
              "bowler": "RJ Harris",
              "non_striker": "M Vijay",
              "runs": {
                "batsman": 0,
                "extras": 0,
                "total": 0
              }
            }
          },
          {
            "0.3": {
              "batsman": "ML Hayden",
              "bowler": "RJ Harris",
              "non_striker": "M Vijay",
              "runs": {
                "batsman": 4,
                "extras": 0,
                "total": 4
              }
            }
          },
          {
            "0.4": {
              "batsman": "ML Hayden",
              "bowler": "RJ Harris",
              "non_striker": "M Vijay",
              "runs": {
                "batsman": 0,
                "extras": 0,
                "total": 0
              }
            }
          },
          {
            "0.5": {
              "batsman": "ML Hayden",
              "bowler": "RJ Harris",
              "non_striker": "M Vijay",
              "runs": {
                "batsman": 0,
                "extras": 0,
                "total": 0
              }
            }
          },
          {
            "0.6": {
              "batsman": "ML Hayden",
              "bowler": "RJ Harris",
              "non_striker": "M Vijay",
              "runs": {
                "batsman": 1,
                "extras": 0,
                "total": 1
              }
            }
          },
          {
            "1.1": {
              "batsman": "ML Hayden",
              "bowler": "RP Singh",
              "extras": {
                "wides": 1
              },
              "non_striker": "M Vijay",
              "runs": {
                "batsman": 0,
                "extras": 1,
                "total": 1
              }
            }
          },
          {
            "1.2": {
              "batsman": "ML Hayden",
              "bowler": "RP Singh",
              "non_striker": "M Vijay",
              "runs": {
                "batsman": 1,
                "extras": 0,
                "total": 1
              }
            }
          },
          {
            "1.3": {
              "batsman": "M Vijay",
              "bowler": "RP Singh",
              "non_striker": "ML Hayden",
              "runs": {
                "batsman": 2,
                "extras": 0,
                "total": 2
              }
            }
          },
          {
            "1.4": {
              "batsman": "M Vijay",
              "bowler": "RP Singh",
              "non_striker": "ML Hayden",
              "runs": {
                "batsman": 1,
                "extras": 0,
                "total": 1
              }
            }
          },
          {
            "1.5": {
              "batsman": "ML Hayden",
              "bowler": "RP Singh",
              "non_striker": "M Vijay",
              "runs": {
                "batsman": 4,
                "extras": 0,
                "total": 4
              }
            }
          },
          {
            "1.6": {
              "batsman": "ML Hayden",
              "bowler": "RP Singh",
              "non_striker": "M Vijay",
              "runs": {
                "batsman": 0,
                "extras": 0,
                "total": 0
              }
            }
          },
          {
            "1.7": {
              "batsman": "ML Hayden",
              "bowler": "RP Singh",
              "non_striker": "M Vijay",
              "runs": {
                "batsman": 2,
                "extras": 0,
                "total": 2
              }
            }
          },
          {
            "2.1": {
              "batsman": "M Vijay",
              "bowler": "RJ Harris",
              "non_striker": "ML Hayden",
              "runs": {
                "batsman": 1,
                "extras": 0,
                "total": 1
              }
            }
          },
          {
            "2.2": {
              "batsman": "ML Hayden",
              "bowler": "RJ Harris",
              "non_striker": "M Vijay",
              "runs": {
                "batsman": 0,
                "extras": 0,
                "total": 0
              }
            }
          },
          {
            "2.3": {
              "batsman": "ML Hayden",
              "bowler": "RJ Harris",
              "non_striker": "M Vijay",
              "runs": {
                "batsman": 1,
                "extras": 0,
                "total": 1
              }
            }
          },
          {
            "2.4": {
              "batsman": "M Vijay",
              "bowler": "RJ Harris",
              "non_striker": "ML Hayden",
              "runs": {
                "batsman": 1,
                "extras": 0,
                "total": 1
              }
            }
          },
          {
            "2.5": {
              "batsman": "ML Hayden",
              "bowler": "RJ Harris",
              "non_striker": "M Vijay",
              "runs": {
                "batsman": 0,
                "extras": 0,
                "total": 0
              }
            }
          },
          {
            "2.6": {
              "batsman": "ML Hayden",
              "bowler": "RJ Harris",
              "non_striker": "M Vijay",
              "runs": {
                "batsman": 1,
                "extras": 0,
                "total": 1
              }
            }
          },
          {
            "3.1": {
              "batsman": "ML Hayden",
              "bowler": "RG Sharma",
              "non_striker": "M Vijay",
              "runs": {
                "batsman": 1,
                "extras": 0,
                "total": 1
              }
            }
          },
          {
            "3.2": {
              "batsman": "M Vijay",
              "bowler": "RG Sharma",
              "extras": {
                "wides": 1
              },
              "non_striker": "ML Hayden",
              "runs": {
                "batsman": 0,
                "extras": 1,
                "total": 1
              }
            }
          },
          {
            "3.3": {
              "batsman": "M Vijay",
              "bowler": "RG Sharma",
              "non_striker": "ML Hayden",
              "runs": {
                "batsman": 4,
                "extras": 0,
                "total": 4
              }
            }
          },
          {
            "3.4": {
              "batsman": "M Vijay",
              "bowler": "RG Sharma",
              "non_striker": "ML Hayden",
              "runs": {
                "batsman": 3,
                "extras": 0,
                "total": 3
              }
            }
          },
          {
            "3.5": {
              "batsman": "ML Hayden",
              "bowler": "RG Sharma",
              "non_striker": "M Vijay",
              "runs": {
                "batsman": 4,
                "extras": 0,
                "total": 4
              }
            }
          },
          {
            "3.6": {
              "batsman": "ML Hayden",
              "bowler": "RG Sharma",
              "non_striker": "M Vijay",
              "runs": {
                "batsman": 0,
                "extras": 0,
                "total": 0
              }
            }
          },
          {
            "3.7": {
              "batsman": "ML Hayden",
              "bowler": "RG Sharma",
              "non_striker": "M Vijay",
              "runs": {
                "batsman": 0,
                "extras": 0,
                "total": 0
              }
            }
          },
          {
            "4.1": {
              "batsman": "M Vijay",
              "bowler": "Harmeet Singh",
              "non_striker": "ML Hayden",
              "runs": {
                "batsman": 6,
                "extras": 0,
                "total": 6
              }
            }
          },
          {
            "4.2": {
              "batsman": "M Vijay",
              "bowler": "Harmeet Singh",
              "non_striker": "ML Hayden",
              "runs": {
                "batsman": 0,
                "extras": 0,
                "total": 0
              }
            }
          },
          {
            "4.3": {
              "batsman": "M Vijay",
              "bowler": "Harmeet Singh",
              "non_striker": "ML Hayden",
              "runs": {
                "batsman": 1,
                "extras": 0,
                "total": 1
              }
            }
          },
          {
            "4.4": {
              "batsman": "ML Hayden",
              "bowler": "Harmeet Singh",
              "non_striker": "M Vijay",
              "runs": {
                "batsman": 0,
                "extras": 0,
                "total": 0
              },
              "wicket": {
                "fielders": [
                  "AC Gilchrist"
                ],
                "kind": "caught",
                "player_out": "ML Hayden"
              }
            }
          },
          {
            "4.5": {
              "batsman": "SK Raina",
              "bowler": "Harmeet Singh",
              "non_striker": "M Vijay",
              "runs": {
                "batsman": 0,
                "extras": 0,
                "total": 0
              }
            }
          },
          {
            "4.6": {
              "batsman": "SK Raina",
              "bowler": "Harmeet Singh",
              "non_striker": "M Vijay",
              "runs": {
                "batsman": 0,
                "extras": 0,
                "total": 0
              }
            }
          },
          {
            "5.1": {
              "batsman": "M Vijay",
              "bowler": "DR Smith",
              "non_striker": "SK Raina",
              "runs": {
                "batsman": 1,
                "extras": 0,
                "total": 1
              }
            }
          },
          {
            "5.2": {
              "batsman": "SK Raina",
              "bowler": "DR Smith",
              "non_striker": "M Vijay",
              "runs": {
                "batsman": 0,
                "extras": 0,
                "total": 0
              }
            }
          },
          {
            "5.3": {
              "batsman": "SK Raina",
              "bowler": "DR Smith",
              "non_striker": "M Vijay",
              "runs": {
                "batsman": 4,
                "extras": 0,
                "total": 4
              }
            }
          },
          {
            "5.4": {
              "batsman": "SK Raina",
              "bowler": "DR Smith",
              "non_striker": "M Vijay",
              "runs": {
                "batsman": 4,
                "extras": 0,
                "total": 4
              }
            }
          },
          {
            "5.5": {
              "batsman": "SK Raina",
              "bowler": "DR Smith",
              "non_striker": "M Vijay",
              "runs": {
                "batsman": 4,
                "extras": 0,
                "total": 4
              }
            }
          },
          {
            "5.6": {
              "batsman": "SK Raina",
              "bowler": "DR Smith",
              "non_striker": "M Vijay",
              "runs": {
                "batsman": 1,
                "extras": 0,
                "total": 1
              }
            }
          },
          {
            "6.1": {
              "batsman": "SK Raina",
              "bowler": "A Symonds",
              "non_striker": "M Vijay",
              "runs": {
                "batsman": 0,
                "extras": 0,
                "total": 0
              }
            }
          },
          {
            "6.2": {
              "batsman": "SK Raina",
              "bowler": "A Symonds",
              "non_striker": "M Vijay",
              "runs": {
                "batsman": 0,
                "extras": 0,
                "total": 0
              }
            }
          },
          {
            "6.3": {
              "batsman": "SK Raina",
              "bowler": "A Symonds",
              "non_striker": "M Vijay",
              "runs": {
                "batsman": 0,
                "extras": 0,
                "total": 0
              }
            }
          },
          {
            "6.4": {
              "batsman": "SK Raina",
              "bowler": "A Symonds",
              "non_striker": "M Vijay",
              "runs": {
                "batsman": 2,
                "extras": 0,
                "total": 2
              }
            }
          },
          {
            "6.5": {
              "batsman": "SK Raina",
              "bowler": "A Symonds",
              "non_striker": "M Vijay",
              "runs": {
                "batsman": 0,
                "extras": 0,
                "total": 0
              }
            }
          },
          {
            "6.6": {
              "batsman": "SK Raina",
              "bowler": "A Symonds",
              "non_striker": "M Vijay",
              "runs": {
                "batsman": 4,
                "extras": 0,
                "total": 4
              }
            }
          },
          {
            "7.1": {
              "batsman": "M Vijay",
              "bowler": "Harmeet Singh",
              "non_striker": "SK Raina",
              "runs": {
                "batsman": 1,
                "extras": 0,
                "total": 1
              }
            }
          },
          {
            "7.2": {
              "batsman": "SK Raina",
              "bowler": "Harmeet Singh",
              "non_striker": "M Vijay",
              "runs": {
                "batsman": 0,
                "extras": 0,
                "total": 0
              }
            }
          },
          {
            "7.3": {
              "batsman": "SK Raina",
              "bowler": "Harmeet Singh",
              "non_striker": "M Vijay",
              "runs": {
                "batsman": 1,
                "extras": 0,
                "total": 1
              }
            }
          },
          {
            "7.4": {
              "batsman": "M Vijay",
              "bowler": "Harmeet Singh",
              "non_striker": "SK Raina",
              "runs": {
                "batsman": 1,
                "extras": 0,
                "total": 1
              }
            }
          },
          {
            "7.5": {
              "batsman": "SK Raina",
              "bowler": "Harmeet Singh",
              "non_striker": "M Vijay",
              "runs": {
                "batsman": 1,
                "extras": 0,
                "total": 1
              },
              "wicket": {
                "fielders": [
                  "RP Singh",
                  "Harmeet Singh"
                ],
                "kind": "run out",
                "player_out": "M Vijay"
              }
            }
          },
          {
            "7.6": {
              "batsman": "SK Raina",
              "bowler": "Harmeet Singh",
              "non_striker": "MS Dhoni",
              "runs": {
                "batsman": 0,
                "extras": 0,
                "total": 0
              }
            }
          },
          {
            "8.1": {
              "batsman": "MS Dhoni",
              "bowler": "A Symonds",
              "non_striker": "SK Raina",
              "runs": {
                "batsman": 0,
                "extras": 0,
                "total": 0
              }
            }
          },
          {
            "8.2": {
              "batsman": "MS Dhoni",
              "bowler": "A Symonds",
              "non_striker": "SK Raina",
              "runs": {
                "batsman": 1,
                "extras": 0,
                "total": 1
              }
            }
          },
          {
            "8.3": {
              "batsman": "SK Raina",
              "bowler": "A Symonds",
              "non_striker": "MS Dhoni",
              "runs": {
                "batsman": 1,
                "extras": 0,
                "total": 1
              }
            }
          },
          {
            "8.4": {
              "batsman": "MS Dhoni",
              "bowler": "A Symonds",
              "non_striker": "SK Raina",
              "runs": {
                "batsman": 0,
                "extras": 0,
                "total": 0
              }
            }
          },
          {
            "8.5": {
              "batsman": "MS Dhoni",
              "bowler": "A Symonds",
              "non_striker": "SK Raina",
              "runs": {
                "batsman": 1,
                "extras": 0,
                "total": 1
              }
            }
          },
          {
            "8.6": {
              "batsman": "SK Raina",
              "bowler": "A Symonds",
              "non_striker": "MS Dhoni",
              "runs": {
                "batsman": 1,
                "extras": 0,
                "total": 1
              }
            }
          },
          {
            "9.1": {
              "batsman": "SK Raina",
              "bowler": "PP Ojha",
              "non_striker": "MS Dhoni",
              "runs": {
                "batsman": 1,
                "extras": 0,
                "total": 1
              }
            }
          },
          {
            "9.2": {
              "batsman": "MS Dhoni",
              "bowler": "PP Ojha",
              "non_striker": "SK Raina",
              "runs": {
                "batsman": 0,
                "extras": 0,
                "total": 0
              }
            }
          },
          {
            "9.3": {
              "batsman": "MS Dhoni",
              "bowler": "PP Ojha",
              "non_striker": "SK Raina",
              "runs": {
                "batsman": 0,
                "extras": 0,
                "total": 0
              }
            }
          },
          {
            "9.4": {
              "batsman": "MS Dhoni",
              "bowler": "PP Ojha",
              "non_striker": "SK Raina",
              "runs": {
                "batsman": 2,
                "extras": 0,
                "total": 2
              }
            }
          },
          {
            "9.5": {
              "batsman": "MS Dhoni",
              "bowler": "PP Ojha",
              "non_striker": "SK Raina",
              "runs": {
                "batsman": 1,
                "extras": 0,
                "total": 1
              }
            }
          },
          {
            "9.6": {
              "batsman": "SK Raina",
              "bowler": "PP Ojha",
              "non_striker": "MS Dhoni",
              "runs": {
                "batsman": 1,
                "extras": 0,
                "total": 1
              }
            }
          },
          {
            "10.1": {
              "batsman": "SK Raina",
              "bowler": "A Symonds",
              "non_striker": "MS Dhoni",
              "runs": {
                "batsman": 1,
                "extras": 0,
                "total": 1
              }
            }
          },
          {
            "10.2": {
              "batsman": "MS Dhoni",
              "bowler": "A Symonds",
              "non_striker": "SK Raina",
              "runs": {
                "batsman": 1,
                "extras": 0,
                "total": 1
              }
            }
          },
          {
            "10.3": {
              "batsman": "SK Raina",
              "bowler": "A Symonds",
              "extras": {
                "legbyes": 1
              },
              "non_striker": "MS Dhoni",
              "runs": {
                "batsman": 0,
                "extras": 1,
                "total": 1
              }
            }
          },
          {
            "10.4": {
              "batsman": "MS Dhoni",
              "bowler": "A Symonds",
              "non_striker": "SK Raina",
              "runs": {
                "batsman": 1,
                "extras": 0,
                "total": 1
              }
            }
          },
          {
            "10.5": {
              "batsman": "SK Raina",
              "bowler": "A Symonds",
              "non_striker": "MS Dhoni",
              "runs": {
                "batsman": 1,
                "extras": 0,
                "total": 1
              }
            }
          },
          {
            "10.6": {
              "batsman": "MS Dhoni",
              "bowler": "A Symonds",
              "non_striker": "SK Raina",
              "runs": {
                "batsman": 0,
                "extras": 0,
                "total": 0
              }
            }
          },
          {
            "11.1": {
              "batsman": "SK Raina",
              "bowler": "PP Ojha",
              "non_striker": "MS Dhoni",
              "runs": {
                "batsman": 2,
                "extras": 0,
                "total": 2
              }
            }
          },
          {
            "11.2": {
              "batsman": "SK Raina",
              "bowler": "PP Ojha",
              "non_striker": "MS Dhoni",
              "runs": {
                "batsman": 1,
                "extras": 0,
                "total": 1
              }
            }
          },
          {
            "11.3": {
              "batsman": "MS Dhoni",
              "bowler": "PP Ojha",
              "non_striker": "SK Raina",
              "runs": {
                "batsman": 0,
                "extras": 0,
                "total": 0
              }
            }
          },
          {
            "11.4": {
              "batsman": "MS Dhoni",
              "bowler": "PP Ojha",
              "non_striker": "SK Raina",
              "runs": {
                "batsman": 0,
                "extras": 0,
                "total": 0
              },
              "wicket": {
                "kind": "bowled",
                "player_out": "MS Dhoni"
              }
            }
          },
          {
            "11.5": {
              "batsman": "MEK Hussey",
              "bowler": "PP Ojha",
              "non_striker": "SK Raina",
              "runs": {
                "batsman": 0,
                "extras": 0,
                "total": 0
              }
            }
          },
          {
            "11.6": {
              "batsman": "MEK Hussey",
              "bowler": "PP Ojha",
              "non_striker": "SK Raina",
              "runs": {
                "batsman": 1,
                "extras": 0,
                "total": 1
              }
            }
          },
          {
            "12.1": {
              "batsman": "MEK Hussey",
              "bowler": "RG Sharma",
              "extras": {
                "legbyes": 1
              },
              "non_striker": "SK Raina",
              "runs": {
                "batsman": 0,
                "extras": 1,
                "total": 1
              }
            }
          },
          {
            "12.2": {
              "batsman": "SK Raina",
              "bowler": "RG Sharma",
              "extras": {
                "wides": 1
              },
              "non_striker": "MEK Hussey",
              "runs": {
                "batsman": 0,
                "extras": 1,
                "total": 1
              }
            }
          },
          {
            "12.3": {
              "batsman": "SK Raina",
              "bowler": "RG Sharma",
              "non_striker": "MEK Hussey",
              "runs": {
                "batsman": 1,
                "extras": 0,
                "total": 1
              }
            }
          },
          {
            "12.4": {
              "batsman": "MEK Hussey",
              "bowler": "RG Sharma",
              "non_striker": "SK Raina",
              "runs": {
                "batsman": 0,
                "extras": 0,
                "total": 0
              }
            }
          },
          {
            "12.5": {
              "batsman": "MEK Hussey",
              "bowler": "RG Sharma",
              "non_striker": "SK Raina",
              "runs": {
                "batsman": 1,
                "extras": 0,
                "total": 1
              }
            }
          },
          {
            "12.6": {
              "batsman": "SK Raina",
              "bowler": "RG Sharma",
              "non_striker": "MEK Hussey",
              "runs": {
                "batsman": 1,
                "extras": 0,
                "total": 1
              }
            }
          },
          {
            "12.7": {
              "batsman": "MEK Hussey",
              "bowler": "RG Sharma",
              "non_striker": "SK Raina",
              "runs": {
                "batsman": 2,
                "extras": 0,
                "total": 2
              }
            }
          },
          {
            "13.1": {
              "batsman": "SK Raina",
              "bowler": "PP Ojha",
              "non_striker": "MEK Hussey",
              "runs": {
                "batsman": 1,
                "extras": 0,
                "total": 1
              }
            }
          },
          {
            "13.2": {
              "batsman": "MEK Hussey",
              "bowler": "PP Ojha",
              "non_striker": "SK Raina",
              "runs": {
                "batsman": 1,
                "extras": 0,
                "total": 1
              }
            }
          },
          {
            "13.3": {
              "batsman": "SK Raina",
              "bowler": "PP Ojha",
              "non_striker": "MEK Hussey",
              "runs": {
                "batsman": 6,
                "extras": 0,
                "total": 6
              }
            }
          },
          {
            "13.4": {
              "batsman": "SK Raina",
              "bowler": "PP Ojha",
              "non_striker": "MEK Hussey",
              "runs": {
                "batsman": 1,
                "extras": 0,
                "total": 1
              }
            }
          },
          {
            "13.5": {
              "batsman": "MEK Hussey",
              "bowler": "PP Ojha",
              "non_striker": "SK Raina",
              "runs": {
                "batsman": 0,
                "extras": 0,
                "total": 0
              }
            }
          },
          {
            "13.6": {
              "batsman": "MEK Hussey",
              "bowler": "PP Ojha",
              "non_striker": "SK Raina",
              "runs": {
                "batsman": 2,
                "extras": 0,
                "total": 2
              }
            }
          },
          {
            "14.1": {
              "batsman": "SK Raina",
              "bowler": "A Symonds",
              "non_striker": "MEK Hussey",
              "runs": {
                "batsman": 6,
                "extras": 0,
                "total": 6
              }
            }
          },
          {
            "14.2": {
              "batsman": "SK Raina",
              "bowler": "A Symonds",
              "non_striker": "MEK Hussey",
              "runs": {
                "batsman": 1,
                "extras": 0,
                "total": 1
              }
            }
          },
          {
            "14.3": {
              "batsman": "MEK Hussey",
              "bowler": "A Symonds",
              "non_striker": "SK Raina",
              "runs": {
                "batsman": 1,
                "extras": 0,
                "total": 1
              }
            }
          },
          {
            "14.4": {
              "batsman": "SK Raina",
              "bowler": "A Symonds",
              "non_striker": "MEK Hussey",
              "runs": {
                "batsman": 1,
                "extras": 0,
                "total": 1
              }
            }
          },
          {
            "14.5": {
              "batsman": "MEK Hussey",
              "bowler": "A Symonds",
              "non_striker": "SK Raina",
              "runs": {
                "batsman": 0,
                "extras": 0,
                "total": 0
              },
              "wicket": {
                "fielders": [
                  "B Sumanth"
                ],
                "kind": "caught",
                "player_out": "MEK Hussey"
              }
            }
          },
          {
            "14.6": {
              "batsman": "SK Raina",
              "bowler": "A Symonds",
              "non_striker": "S Badrinath",
              "runs": {
                "batsman": 0,
                "extras": 0,
                "total": 0
              }
            }
          },
          {
            "15.1": {
              "batsman": "S Badrinath",
              "bowler": "Harmeet Singh",
              "non_striker": "SK Raina",
              "runs": {
                "batsman": 0,
                "extras": 0,
                "total": 0
              }
            }
          },
          {
            "15.2": {
              "batsman": "S Badrinath",
              "bowler": "Harmeet Singh",
              "extras": {
                "legbyes": 1
              },
              "non_striker": "SK Raina",
              "runs": {
                "batsman": 0,
                "extras": 1,
                "total": 1
              }
            }
          },
          {
            "15.3": {
              "batsman": "SK Raina",
              "bowler": "Harmeet Singh",
              "non_striker": "S Badrinath",
              "runs": {
                "batsman": 0,
                "extras": 0,
                "total": 0
              }
            }
          },
          {
            "15.4": {
              "batsman": "SK Raina",
              "bowler": "Harmeet Singh",
              "non_striker": "S Badrinath",
              "runs": {
                "batsman": 1,
                "extras": 0,
                "total": 1
              }
            }
          },
          {
            "15.5": {
              "batsman": "S Badrinath",
              "bowler": "Harmeet Singh",
              "non_striker": "SK Raina",
              "runs": {
                "batsman": 1,
                "extras": 0,
                "total": 1
              }
            }
          },
          {
            "15.6": {
              "batsman": "SK Raina",
              "bowler": "Harmeet Singh",
              "non_striker": "S Badrinath",
              "runs": {
                "batsman": 1,
                "extras": 0,
                "total": 1
              }
            }
          },
          {
            "16.1": {
              "batsman": "SK Raina",
              "bowler": "RP Singh",
              "non_striker": "S Badrinath",
              "runs": {
                "batsman": 0,
                "extras": 0,
                "total": 0
              }
            }
          },
          {
            "16.2": {
              "batsman": "SK Raina",
              "bowler": "RP Singh",
              "non_striker": "S Badrinath",
              "runs": {
                "batsman": 1,
                "extras": 0,
                "total": 1
              }
            }
          },
          {
            "16.3": {
              "batsman": "S Badrinath",
              "bowler": "RP Singh",
              "non_striker": "SK Raina",
              "runs": {
                "batsman": 4,
                "extras": 0,
                "total": 4
              }
            }
          },
          {
            "16.4": {
              "batsman": "S Badrinath",
              "bowler": "RP Singh",
              "non_striker": "SK Raina",
              "runs": {
                "batsman": 1,
                "extras": 0,
                "total": 1
              }
            }
          },
          {
            "16.5": {
              "batsman": "SK Raina",
              "bowler": "RP Singh",
              "non_striker": "S Badrinath",
              "runs": {
                "batsman": 1,
                "extras": 0,
                "total": 1
              }
            }
          },
          {
            "16.6": {
              "batsman": "S Badrinath",
              "bowler": "RP Singh",
              "non_striker": "SK Raina",
              "runs": {
                "batsman": 0,
                "extras": 0,
                "total": 0
              },
              "wicket": {
                "fielders": [
                  "MD Mishra"
                ],
                "kind": "caught",
                "player_out": "S Badrinath"
              }
            }
          },
          {
            "17.1": {
              "batsman": "R Ashwin",
              "bowler": "RJ Harris",
              "non_striker": "SK Raina",
              "runs": {
                "batsman": 1,
                "extras": 0,
                "total": 1
              }
            }
          },
          {
            "17.2": {
              "batsman": "SK Raina",
              "bowler": "RJ Harris",
              "non_striker": "R Ashwin",
              "runs": {
                "batsman": 0,
                "extras": 0,
                "total": 0
              },
              "wicket": {
                "fielders": [
                  "RG Sharma"
                ],
                "kind": "caught",
                "player_out": "SK Raina"
              }
            }
          },
          {
            "17.3": {
              "batsman": "R Ashwin",
              "bowler": "RJ Harris",
              "non_striker": "T Thushara",
              "runs": {
                "batsman": 1,
                "extras": 0,
                "total": 1
              }
            }
          },
          {
            "17.4": {
              "batsman": "T Thushara",
              "bowler": "RJ Harris",
              "non_striker": "R Ashwin",
              "runs": {
                "batsman": 1,
                "extras": 0,
                "total": 1
              }
            }
          },
          {
            "17.5": {
              "batsman": "R Ashwin",
              "bowler": "RJ Harris",
              "non_striker": "T Thushara",
              "runs": {
                "batsman": 1,
                "extras": 0,
                "total": 1
              }
            }
          },
          {
            "17.6": {
              "batsman": "T Thushara",
              "bowler": "RJ Harris",
              "non_striker": "R Ashwin",
              "runs": {
                "batsman": 0,
                "extras": 0,
                "total": 0
              }
            }
          },
          {
            "18.1": {
              "batsman": "R Ashwin",
              "bowler": "Harmeet Singh",
              "non_striker": "T Thushara",
              "runs": {
                "batsman": 1,
                "extras": 0,
                "total": 1
              }
            }
          },
          {
            "18.2": {
              "batsman": "T Thushara",
              "bowler": "Harmeet Singh",
              "non_striker": "R Ashwin",
              "runs": {
                "batsman": 0,
                "extras": 0,
                "total": 0
              }
            }
          },
          {
            "18.3": {
              "batsman": "T Thushara",
              "bowler": "Harmeet Singh",
              "non_striker": "R Ashwin",
              "runs": {
                "batsman": 1,
                "extras": 0,
                "total": 1
              }
            }
          },
          {
            "18.4": {
              "batsman": "R Ashwin",
              "bowler": "Harmeet Singh",
              "non_striker": "T Thushara",
              "runs": {
                "batsman": 1,
                "extras": 0,
                "total": 1
              }
            }
          },
          {
            "18.5": {
              "batsman": "T Thushara",
              "bowler": "Harmeet Singh",
              "non_striker": "R Ashwin",
              "runs": {
                "batsman": 2,
                "extras": 0,
                "total": 2
              }
            }
          },
          {
            "18.6": {
              "batsman": "T Thushara",
              "bowler": "Harmeet Singh",
              "non_striker": "R Ashwin",
              "runs": {
                "batsman": 2,
                "extras": 0,
                "total": 2
              }
            }
          },
          {
            "19.1": {
              "batsman": "R Ashwin",
              "bowler": "RJ Harris",
              "non_striker": "T Thushara",
              "runs": {
                "batsman": 0,
                "extras": 0,
                "total": 0
              },
              "wicket": {
                "kind": "caught and bowled",
                "player_out": "R Ashwin"
              }
            }
          },
          {
            "19.2": {
              "batsman": "T Thushara",
              "bowler": "RJ Harris",
              "non_striker": "SB Jakati",
              "runs": {
                "batsman": 2,
                "extras": 0,
                "total": 2
              }
            }
          },
          {
            "19.3": {
              "batsman": "T Thushara",
              "bowler": "RJ Harris",
              "non_striker": "SB Jakati",
              "runs": {
                "batsman": 0,
                "extras": 0,
                "total": 0
              },
              "wicket": {
                "fielders": [
                  "A Symonds"
                ],
                "kind": "caught",
                "player_out": "T Thushara"
              }
            }
          },
          {
            "19.4": {
              "batsman": "DE Bollinger",
              "bowler": "RJ Harris",
              "non_striker": "SB Jakati",
              "runs": {
                "batsman": 0,
                "extras": 0,
                "total": 0
              }
            }
          },
          {
            "19.5": {
              "batsman": "DE Bollinger",
              "bowler": "RJ Harris",
              "extras": {
                "byes": 2
              },
              "non_striker": "SB Jakati",
              "runs": {
                "batsman": 0,
                "extras": 2,
                "total": 2
              }
            }
          },
          {
            "19.6": {
              "batsman": "DE Bollinger",
              "bowler": "RJ Harris",
              "non_striker": "SB Jakati",
              "runs": {
                "batsman": 2,
                "extras": 0,
                "total": 2
              }
            }
          }
        ]
      }
    },
    {
      "2nd innings": {
        "team": "Deccan Chargers",
        "deliveries": [
          {
            "0.1": {
              "batsman": "MD Mishra",
              "bowler": "R Ashwin",
              "non_striker": "AC Gilchrist",
              "runs": {
                "batsman": 0,
                "extras": 0,
                "total": 0
              }
            }
          },
          {
            "0.2": {
              "batsman": "MD Mishra",
              "bowler": "R Ashwin",
              "non_striker": "AC Gilchrist",
              "runs": {
                "batsman": 0,
                "extras": 0,
                "total": 0
              }
            }
          },
          {
            "0.3": {
              "batsman": "MD Mishra",
              "bowler": "R Ashwin",
              "non_striker": "AC Gilchrist",
              "runs": {
                "batsman": 0,
                "extras": 0,
                "total": 0
              }
            }
          },
          {
            "0.4": {
              "batsman": "MD Mishra",
              "bowler": "R Ashwin",
              "non_striker": "AC Gilchrist",
              "runs": {
                "batsman": 2,
                "extras": 0,
                "total": 2
              }
            }
          },
          {
            "0.5": {
              "batsman": "MD Mishra",
              "bowler": "R Ashwin",
              "non_striker": "AC Gilchrist",
              "runs": {
                "batsman": 0,
                "extras": 0,
                "total": 0
              }
            }
          },
          {
            "0.6": {
              "batsman": "MD Mishra",
              "bowler": "R Ashwin",
              "non_striker": "AC Gilchrist",
              "runs": {
                "batsman": 1,
                "extras": 0,
                "total": 1
              }
            }
          },
          {
            "1.1": {
              "batsman": "MD Mishra",
              "bowler": "DE Bollinger",
              "non_striker": "AC Gilchrist",
              "runs": {
                "batsman": 1,
                "extras": 0,
                "total": 1
              }
            }
          },
          {
            "1.2": {
              "batsman": "AC Gilchrist",
              "bowler": "DE Bollinger",
              "extras": {
                "wides": 1
              },
              "non_striker": "MD Mishra",
              "runs": {
                "batsman": 0,
                "extras": 1,
                "total": 1
              }
            }
          },
          {
            "1.3": {
              "batsman": "AC Gilchrist",
              "bowler": "DE Bollinger",
              "non_striker": "MD Mishra",
              "runs": {
                "batsman": 1,
                "extras": 0,
                "total": 1
              }
            }
          },
          {
            "1.4": {
              "batsman": "MD Mishra",
              "bowler": "DE Bollinger",
              "non_striker": "AC Gilchrist",
              "runs": {
                "batsman": 2,
                "extras": 0,
                "total": 2
              }
            }
          },
          {
            "1.5": {
              "batsman": "MD Mishra",
              "bowler": "DE Bollinger",
              "non_striker": "AC Gilchrist",
              "runs": {
                "batsman": 0,
                "extras": 0,
                "total": 0
              }
            }
          },
          {
            "1.6": {
              "batsman": "MD Mishra",
              "bowler": "DE Bollinger",
              "non_striker": "AC Gilchrist",
              "runs": {
                "batsman": 1,
                "extras": 0,
                "total": 1
              }
            }
          },
          {
            "1.7": {
              "batsman": "AC Gilchrist",
              "bowler": "DE Bollinger",
              "non_striker": "MD Mishra",
              "runs": {
                "batsman": 0,
                "extras": 0,
                "total": 0
              }
            }
          },
          {
            "2.1": {
              "batsman": "MD Mishra",
              "bowler": "R Ashwin",
              "extras": {
                "legbyes": 1
              },
              "non_striker": "AC Gilchrist",
              "runs": {
                "batsman": 0,
                "extras": 1,
                "total": 1
              }
            }
          },
          {
            "2.2": {
              "batsman": "AC Gilchrist",
              "bowler": "R Ashwin",
              "non_striker": "MD Mishra",
              "runs": {
                "batsman": 0,
                "extras": 0,
                "total": 0
              }
            }
          },
          {
            "2.3": {
              "batsman": "AC Gilchrist",
              "bowler": "R Ashwin",
              "non_striker": "MD Mishra",
              "runs": {
                "batsman": 0,
                "extras": 0,
                "total": 0
              }
            }
          },
          {
            "2.4": {
              "batsman": "AC Gilchrist",
              "bowler": "R Ashwin",
              "non_striker": "MD Mishra",
              "runs": {
                "batsman": 4,
                "extras": 0,
                "total": 4
              }
            }
          },
          {
            "2.5": {
              "batsman": "AC Gilchrist",
              "bowler": "R Ashwin",
              "non_striker": "MD Mishra",
              "runs": {
                "batsman": 1,
                "extras": 0,
                "total": 1
              }
            }
          },
          {
            "2.6": {
              "batsman": "MD Mishra",
              "bowler": "R Ashwin",
              "extras": {
                "wides": 1
              },
              "non_striker": "AC Gilchrist",
              "runs": {
                "batsman": 0,
                "extras": 1,
                "total": 1
              }
            }
          },
          {
            "2.7": {
              "batsman": "MD Mishra",
              "bowler": "R Ashwin",
              "non_striker": "AC Gilchrist",
              "runs": {
                "batsman": 0,
                "extras": 0,
                "total": 0
              }
            }
          },
          {
            "3.1": {
              "batsman": "AC Gilchrist",
              "bowler": "DE Bollinger",
              "extras": {
                "wides": 1
              },
              "non_striker": "MD Mishra",
              "runs": {
                "batsman": 0,
                "extras": 1,
                "total": 1
              }
            }
          },
          {
            "3.2": {
              "batsman": "AC Gilchrist",
              "bowler": "DE Bollinger",
              "non_striker": "MD Mishra",
              "runs": {
                "batsman": 1,
                "extras": 0,
                "total": 1
              }
            }
          },
          {
            "3.3": {
              "batsman": "MD Mishra",
              "bowler": "DE Bollinger",
              "non_striker": "AC Gilchrist",
              "runs": {
                "batsman": 4,
                "extras": 0,
                "total": 4
              }
            }
          },
          {
            "3.4": {
              "batsman": "MD Mishra",
              "bowler": "DE Bollinger",
              "non_striker": "AC Gilchrist",
              "runs": {
                "batsman": 4,
                "extras": 0,
                "total": 4
              }
            }
          },
          {
            "3.5": {
              "batsman": "MD Mishra",
              "bowler": "DE Bollinger",
              "non_striker": "AC Gilchrist",
              "runs": {
                "batsman": 6,
                "extras": 0,
                "total": 6
              }
            }
          },
          {
            "3.6": {
              "batsman": "MD Mishra",
              "bowler": "DE Bollinger",
              "non_striker": "AC Gilchrist",
              "runs": {
                "batsman": 0,
                "extras": 0,
                "total": 0
              }
            }
          },
          {
            "3.7": {
              "batsman": "MD Mishra",
              "bowler": "DE Bollinger",
              "non_striker": "AC Gilchrist",
              "runs": {
                "batsman": 0,
                "extras": 0,
                "total": 0
              }
            }
          },
          {
            "4.1": {
              "batsman": "AC Gilchrist",
              "bowler": "R Ashwin",
              "non_striker": "MD Mishra",
              "runs": {
                "batsman": 0,
                "extras": 0,
                "total": 0
              },
              "wicket": {
                "fielders": [
                  "MS Dhoni"
                ],
                "kind": "caught",
                "player_out": "AC Gilchrist"
              }
            }
          },
          {
            "4.2": {
              "batsman": "TL Suman",
              "bowler": "R Ashwin",
              "non_striker": "MD Mishra",
              "runs": {
                "batsman": 0,
                "extras": 0,
                "total": 0
              }
            }
          },
          {
            "4.3": {
              "batsman": "TL Suman",
              "bowler": "R Ashwin",
              "non_striker": "MD Mishra",
              "runs": {
                "batsman": 3,
                "extras": 0,
                "total": 3
              }
            }
          },
          {
            "4.4": {
              "batsman": "MD Mishra",
              "bowler": "R Ashwin",
              "non_striker": "TL Suman",
              "runs": {
                "batsman": 0,
                "extras": 0,
                "total": 0
              },
              "wicket": {
                "fielders": [
                  "MS Dhoni"
                ],
                "kind": "stumped",
                "player_out": "MD Mishra"
              }
            }
          },
          {
            "4.5": {
              "batsman": "RG Sharma",
              "bowler": "R Ashwin",
              "non_striker": "TL Suman",
              "runs": {
                "batsman": 0,
                "extras": 0,
                "total": 0
              }
            }
          },
          {
            "4.6": {
              "batsman": "RG Sharma",
              "bowler": "R Ashwin",
              "non_striker": "TL Suman",
              "runs": {
                "batsman": 0,
                "extras": 0,
                "total": 0
              }
            }
          },
          {
            "5.1": {
              "batsman": "TL Suman",
              "bowler": "SB Jakati",
              "non_striker": "RG Sharma",
              "runs": {
                "batsman": 1,
                "extras": 0,
                "total": 1
              }
            }
          },
          {
            "5.2": {
              "batsman": "RG Sharma",
              "bowler": "SB Jakati",
              "non_striker": "TL Suman",
              "runs": {
                "batsman": 0,
                "extras": 0,
                "total": 0
              }
            }
          },
          {
            "5.3": {
              "batsman": "RG Sharma",
              "bowler": "SB Jakati",
              "non_striker": "TL Suman",
              "runs": {
                "batsman": 1,
                "extras": 0,
                "total": 1
              }
            }
          },
          {
            "5.4": {
              "batsman": "TL Suman",
              "bowler": "SB Jakati",
              "non_striker": "RG Sharma",
              "runs": {
                "batsman": 0,
                "extras": 0,
                "total": 0
              }
            }
          },
          {
            "5.5": {
              "batsman": "TL Suman",
              "bowler": "SB Jakati",
              "non_striker": "RG Sharma",
              "runs": {
                "batsman": 0,
                "extras": 0,
                "total": 0
              }
            }
          },
          {
            "5.6": {
              "batsman": "TL Suman",
              "bowler": "SB Jakati",
              "non_striker": "RG Sharma",
              "runs": {
                "batsman": 0,
                "extras": 0,
                "total": 0
              }
            }
          },
          {
            "6.1": {
              "batsman": "RG Sharma",
              "bowler": "R Ashwin",
              "non_striker": "TL Suman",
              "runs": {
                "batsman": 0,
                "extras": 0,
                "total": 0
              }
            }
          },
          {
            "6.2": {
              "batsman": "RG Sharma",
              "bowler": "R Ashwin",
              "non_striker": "TL Suman",
              "runs": {
                "batsman": 0,
                "extras": 0,
                "total": 0
              }
            }
          },
          {
            "6.3": {
              "batsman": "RG Sharma",
              "bowler": "R Ashwin",
              "non_striker": "TL Suman",
              "runs": {
                "batsman": 1,
                "extras": 0,
                "total": 1
              }
            }
          },
          {
            "6.4": {
              "batsman": "TL Suman",
              "bowler": "R Ashwin",
              "non_striker": "RG Sharma",
              "runs": {
                "batsman": 0,
                "extras": 0,
                "total": 0
              }
            }
          },
          {
            "6.5": {
              "batsman": "TL Suman",
              "bowler": "R Ashwin",
              "non_striker": "RG Sharma",
              "runs": {
                "batsman": 0,
                "extras": 0,
                "total": 0
              }
            }
          },
          {
            "6.6": {
              "batsman": "TL Suman",
              "bowler": "R Ashwin",
              "non_striker": "RG Sharma",
              "runs": {
                "batsman": 0,
                "extras": 0,
                "total": 0
              }
            }
          },
          {
            "7.1": {
              "batsman": "RG Sharma",
              "bowler": "T Thushara",
              "non_striker": "TL Suman",
              "runs": {
                "batsman": 1,
                "extras": 0,
                "total": 1
              }
            }
          },
          {
            "7.2": {
              "batsman": "TL Suman",
              "bowler": "T Thushara",
              "non_striker": "RG Sharma",
              "runs": {
                "batsman": 0,
                "extras": 0,
                "total": 0
              }
            }
          },
          {
            "7.3": {
              "batsman": "TL Suman",
              "bowler": "T Thushara",
              "non_striker": "RG Sharma",
              "runs": {
                "batsman": 4,
                "extras": 0,
                "total": 4
              }
            }
          },
          {
            "7.4": {
              "batsman": "TL Suman",
              "bowler": "T Thushara",
              "non_striker": "RG Sharma",
              "runs": {
                "batsman": 0,
                "extras": 0,
                "total": 0
              }
            }
          },
          {
            "7.5": {
              "batsman": "TL Suman",
              "bowler": "T Thushara",
              "non_striker": "RG Sharma",
              "runs": {
                "batsman": 1,
                "extras": 0,
                "total": 1
              }
            }
          },
          {
            "7.6": {
              "batsman": "RG Sharma",
              "bowler": "T Thushara",
              "non_striker": "TL Suman",
              "runs": {
                "batsman": 1,
                "extras": 0,
                "total": 1
              }
            }
          },
          {
            "8.1": {
              "batsman": "RG Sharma",
              "bowler": "SK Raina",
              "non_striker": "TL Suman",
              "runs": {
                "batsman": 1,
                "extras": 0,
                "total": 1
              }
            }
          },
          {
            "8.2": {
              "batsman": "TL Suman",
              "bowler": "SK Raina",
              "non_striker": "RG Sharma",
              "runs": {
                "batsman": 0,
                "extras": 0,
                "total": 0
              }
            }
          },
          {
            "8.3": {
              "batsman": "TL Suman",
              "bowler": "SK Raina",
              "non_striker": "RG Sharma",
              "runs": {
                "batsman": 4,
                "extras": 0,
                "total": 4
              }
            }
          },
          {
            "8.4": {
              "batsman": "TL Suman",
              "bowler": "SK Raina",
              "non_striker": "RG Sharma",
              "runs": {
                "batsman": 1,
                "extras": 0,
                "total": 1
              }
            }
          },
          {
            "8.5": {
              "batsman": "RG Sharma",
              "bowler": "SK Raina",
              "non_striker": "TL Suman",
              "runs": {
                "batsman": 0,
                "extras": 0,
                "total": 0
              }
            }
          },
          {
            "8.6": {
              "batsman": "RG Sharma",
              "bowler": "SK Raina",
              "non_striker": "TL Suman",
              "runs": {
                "batsman": 1,
                "extras": 0,
                "total": 1
              }
            }
          },
          {
            "9.1": {
              "batsman": "RG Sharma",
              "bowler": "T Thushara",
              "non_striker": "TL Suman",
              "runs": {
                "batsman": 1,
                "extras": 0,
                "total": 1
              }
            }
          },
          {
            "9.2": {
              "batsman": "TL Suman",
              "bowler": "T Thushara",
              "non_striker": "RG Sharma",
              "runs": {
                "batsman": 0,
                "extras": 0,
                "total": 0
              }
            }
          },
          {
            "9.3": {
              "batsman": "TL Suman",
              "bowler": "T Thushara",
              "non_striker": "RG Sharma",
              "runs": {
                "batsman": 2,
                "extras": 0,
                "total": 2
              }
            }
          },
          {
            "9.4": {
              "batsman": "TL Suman",
              "bowler": "T Thushara",
              "non_striker": "RG Sharma",
              "runs": {
                "batsman": 0,
                "extras": 0,
                "total": 0
              }
            }
          },
          {
            "9.5": {
              "batsman": "TL Suman",
              "bowler": "T Thushara",
              "non_striker": "RG Sharma",
              "runs": {
                "batsman": 0,
                "extras": 0,
                "total": 0
              }
            }
          },
          {
            "9.6": {
              "batsman": "TL Suman",
              "bowler": "T Thushara",
              "non_striker": "RG Sharma",
              "runs": {
                "batsman": 1,
                "extras": 0,
                "total": 1
              }
            }
          },
          {
            "10.1": {
              "batsman": "TL Suman",
              "bowler": "SK Raina",
              "non_striker": "RG Sharma",
              "runs": {
                "batsman": 1,
                "extras": 0,
                "total": 1
              }
            }
          },
          {
            "10.2": {
              "batsman": "RG Sharma",
              "bowler": "SK Raina",
              "non_striker": "TL Suman",
              "runs": {
                "batsman": 1,
                "extras": 0,
                "total": 1
              }
            }
          },
          {
            "10.3": {
              "batsman": "TL Suman",
              "bowler": "SK Raina",
              "non_striker": "RG Sharma",
              "runs": {
                "batsman": 2,
                "extras": 0,
                "total": 2
              }
            }
          },
          {
            "10.4": {
              "batsman": "TL Suman",
              "bowler": "SK Raina",
              "non_striker": "RG Sharma",
              "runs": {
                "batsman": 1,
                "extras": 0,
                "total": 1
              }
            }
          },
          {
            "10.5": {
              "batsman": "RG Sharma",
              "bowler": "SK Raina",
              "non_striker": "TL Suman",
              "runs": {
                "batsman": 0,
                "extras": 0,
                "total": 0
              },
              "wicket": {
                "fielders": [
                  "S Tyagi"
                ],
                "kind": "caught",
                "player_out": "RG Sharma"
              }
            }
          },
          {
            "10.6": {
              "batsman": "A Symonds",
              "bowler": "SK Raina",
              "non_striker": "TL Suman",
              "runs": {
                "batsman": 0,
                "extras": 0,
                "total": 0
              }
            }
          },
          {
            "11.1": {
              "batsman": "TL Suman",
              "bowler": "SB Jakati",
              "non_striker": "A Symonds",
              "runs": {
                "batsman": 2,
                "extras": 0,
                "total": 2
              }
            }
          },
          {
            "11.2": {
              "batsman": "TL Suman",
              "bowler": "SB Jakati",
              "non_striker": "A Symonds",
              "runs": {
                "batsman": 4,
                "extras": 0,
                "total": 4
              }
            }
          },
          {
            "11.3": {
              "batsman": "TL Suman",
              "bowler": "SB Jakati",
              "non_striker": "A Symonds",
              "runs": {
                "batsman": 0,
                "extras": 0,
                "total": 0
              }
            }
          },
          {
            "11.4": {
              "batsman": "TL Suman",
              "bowler": "SB Jakati",
              "non_striker": "A Symonds",
              "runs": {
                "batsman": 1,
                "extras": 0,
                "total": 1
              }
            }
          },
          {
            "11.5": {
              "batsman": "A Symonds",
              "bowler": "SB Jakati",
              "non_striker": "TL Suman",
              "runs": {
                "batsman": 0,
                "extras": 0,
                "total": 0
              }
            }
          },
          {
            "11.6": {
              "batsman": "A Symonds",
              "bowler": "SB Jakati",
              "non_striker": "TL Suman",
              "runs": {
                "batsman": 0,
                "extras": 0,
                "total": 0
              }
            }
          },
          {
            "12.1": {
              "batsman": "TL Suman",
              "bowler": "SK Raina",
              "non_striker": "A Symonds",
              "runs": {
                "batsman": 6,
                "extras": 0,
                "total": 6
              }
            }
          },
          {
            "12.2": {
              "batsman": "TL Suman",
              "bowler": "SK Raina",
              "non_striker": "A Symonds",
              "runs": {
                "batsman": 1,
                "extras": 0,
                "total": 1
              }
            }
          },
          {
            "12.3": {
              "batsman": "A Symonds",
              "bowler": "SK Raina",
              "non_striker": "TL Suman",
              "runs": {
                "batsman": 0,
                "extras": 0,
                "total": 0
              }
            }
          },
          {
            "12.4": {
              "batsman": "A Symonds",
              "bowler": "SK Raina",
              "extras": {
                "legbyes": 1
              },
              "non_striker": "TL Suman",
              "runs": {
                "batsman": 0,
                "extras": 1,
                "total": 1
              }
            }
          },
          {
            "12.5": {
              "batsman": "TL Suman",
              "bowler": "SK Raina",
              "non_striker": "A Symonds",
              "runs": {
                "batsman": 2,
                "extras": 0,
                "total": 2
              }
            }
          },
          {
            "12.6": {
              "batsman": "TL Suman",
              "bowler": "SK Raina",
              "non_striker": "A Symonds",
              "runs": {
                "batsman": 2,
                "extras": 0,
                "total": 2
              }
            }
          },
          {
            "13.1": {
              "batsman": "A Symonds",
              "bowler": "SB Jakati",
              "non_striker": "TL Suman",
              "runs": {
                "batsman": 1,
                "extras": 0,
                "total": 1
              }
            }
          },
          {
            "13.2": {
              "batsman": "TL Suman",
              "bowler": "SB Jakati",
              "non_striker": "A Symonds",
              "runs": {
                "batsman": 1,
                "extras": 0,
                "total": 1
              }
            }
          },
          {
            "13.3": {
              "batsman": "A Symonds",
              "bowler": "SB Jakati",
              "non_striker": "TL Suman",
              "runs": {
                "batsman": 2,
                "extras": 0,
                "total": 2
              }
            }
          },
          {
            "13.4": {
              "batsman": "A Symonds",
              "bowler": "SB Jakati",
              "non_striker": "TL Suman",
              "runs": {
                "batsman": 6,
                "extras": 0,
                "total": 6
              }
            }
          },
          {
            "13.5": {
              "batsman": "A Symonds",
              "bowler": "SB Jakati",
              "non_striker": "TL Suman",
              "runs": {
                "batsman": 0,
                "extras": 0,
                "total": 0
              }
            }
          },
          {
            "13.6": {
              "batsman": "A Symonds",
              "bowler": "SB Jakati",
              "non_striker": "TL Suman",
              "runs": {
                "batsman": 0,
                "extras": 0,
                "total": 0
              }
            }
          },
          {
            "14.1": {
              "batsman": "TL Suman",
              "bowler": "S Tyagi",
              "non_striker": "A Symonds",
              "runs": {
                "batsman": 0,
                "extras": 0,
                "total": 0
              }
            }
          },
          {
            "14.2": {
              "batsman": "TL Suman",
              "bowler": "S Tyagi",
              "non_striker": "A Symonds",
              "runs": {
                "batsman": 0,
                "extras": 0,
                "total": 0
              }
            }
          },
          {
            "14.3": {
              "batsman": "TL Suman",
              "bowler": "S Tyagi",
              "non_striker": "A Symonds",
              "runs": {
                "batsman": 6,
                "extras": 0,
                "total": 6
              }
            }
          },
          {
            "14.4": {
              "batsman": "TL Suman",
              "bowler": "S Tyagi",
              "non_striker": "A Symonds",
              "runs": {
                "batsman": 4,
                "extras": 0,
                "total": 4
              }
            }
          },
          {
            "14.5": {
              "batsman": "TL Suman",
              "bowler": "S Tyagi",
              "non_striker": "A Symonds",
              "runs": {
                "batsman": 0,
                "extras": 0,
                "total": 0
              }
            }
          },
          {
            "14.6": {
              "batsman": "TL Suman",
              "bowler": "S Tyagi",
              "non_striker": "A Symonds",
              "runs": {
                "batsman": 2,
                "extras": 0,
                "total": 2
              }
            }
          },
          {
            "15.1": {
              "batsman": "A Symonds",
              "bowler": "T Thushara",
              "extras": {
                "wides": 1
              },
              "non_striker": "TL Suman",
              "runs": {
                "batsman": 0,
                "extras": 1,
                "total": 1
              }
            }
          },
          {
            "15.2": {
              "batsman": "A Symonds",
              "bowler": "T Thushara",
              "non_striker": "TL Suman",
              "runs": {
                "batsman": 0,
                "extras": 0,
                "total": 0
              }
            }
          },
          {
            "15.3": {
              "batsman": "A Symonds",
              "bowler": "T Thushara",
              "non_striker": "TL Suman",
              "runs": {
                "batsman": 1,
                "extras": 0,
                "total": 1
              }
            }
          },
          {
            "15.4": {
              "batsman": "TL Suman",
              "bowler": "T Thushara",
              "non_striker": "A Symonds",
              "runs": {
                "batsman": 0,
                "extras": 0,
                "total": 0
              }
            }
          },
          {
            "15.5": {
              "batsman": "TL Suman",
              "bowler": "T Thushara",
              "non_striker": "A Symonds",
              "runs": {
                "batsman": 2,
                "extras": 0,
                "total": 2
              }
            }
          },
          {
            "15.6": {
              "batsman": "TL Suman",
              "bowler": "T Thushara",
              "non_striker": "A Symonds",
              "runs": {
                "batsman": 0,
                "extras": 0,
                "total": 0
              }
            }
          },
          {
            "15.7": {
              "batsman": "TL Suman",
              "bowler": "T Thushara",
              "non_striker": "A Symonds",
              "runs": {
                "batsman": 1,
                "extras": 0,
                "total": 1
              }
            }
          },
          {
            "16.1": {
              "batsman": "TL Suman",
              "bowler": "SB Jakati",
              "non_striker": "A Symonds",
              "runs": {
                "batsman": 0,
                "extras": 0,
                "total": 0
              },
              "wicket": {
                "fielders": [
                  "SK Raina"
                ],
                "kind": "caught",
                "player_out": "TL Suman"
              }
            }
          },
          {
            "16.2": {
              "batsman": "A Symonds",
              "bowler": "SB Jakati",
              "non_striker": "DR Smith",
              "runs": {
                "batsman": 1,
                "extras": 0,
                "total": 1
              }
            }
          },
          {
            "16.3": {
              "batsman": "DR Smith",
              "bowler": "SB Jakati",
              "non_striker": "A Symonds",
              "runs": {
                "batsman": 1,
                "extras": 0,
                "total": 1
              }
            }
          },
          {
            "16.4": {
              "batsman": "A Symonds",
              "bowler": "SB Jakati",
              "non_striker": "DR Smith",
              "runs": {
                "batsman": 6,
                "extras": 0,
                "total": 6
              }
            }
          },
          {
            "16.5": {
              "batsman": "A Symonds",
              "bowler": "SB Jakati",
              "non_striker": "DR Smith",
              "runs": {
                "batsman": 2,
                "extras": 0,
                "total": 2
              }
            }
          },
          {
            "16.6": {
              "batsman": "A Symonds",
              "bowler": "SB Jakati",
              "non_striker": "DR Smith",
              "runs": {
                "batsman": 0,
                "extras": 0,
                "total": 0
              }
            }
          },
          {
            "17.1": {
              "batsman": "DR Smith",
              "bowler": "DE Bollinger",
              "non_striker": "A Symonds",
              "runs": {
                "batsman": 1,
                "extras": 0,
                "total": 1
              }
            }
          },
          {
            "17.2": {
              "batsman": "A Symonds",
              "bowler": "DE Bollinger",
              "non_striker": "DR Smith",
              "runs": {
                "batsman": 1,
                "extras": 0,
                "total": 1
              }
            }
          },
          {
            "17.3": {
              "batsman": "DR Smith",
              "bowler": "DE Bollinger",
              "non_striker": "A Symonds",
              "runs": {
                "batsman": 1,
                "extras": 0,
                "total": 1
              }
            }
          },
          {
            "17.4": {
              "batsman": "A Symonds",
              "bowler": "DE Bollinger",
              "non_striker": "DR Smith",
              "runs": {
                "batsman": 1,
                "extras": 0,
                "total": 1
              }
            }
          },
          {
            "17.5": {
              "batsman": "DR Smith",
              "bowler": "DE Bollinger",
              "non_striker": "A Symonds",
              "runs": {
                "batsman": 1,
                "extras": 0,
                "total": 1
              }
            }
          },
          {
            "17.6": {
              "batsman": "A Symonds",
              "bowler": "DE Bollinger",
              "non_striker": "DR Smith",
              "runs": {
                "batsman": 4,
                "extras": 0,
                "total": 4
              }
            }
          },
          {
            "18.1": {
              "batsman": "DR Smith",
              "bowler": "T Thushara",
              "non_striker": "A Symonds",
              "runs": {
                "batsman": 6,
                "extras": 0,
                "total": 6
              }
            }
          },
          {
            "18.2": {
              "batsman": "DR Smith",
              "bowler": "T Thushara",
              "non_striker": "A Symonds",
              "runs": {
                "batsman": 1,
                "extras": 0,
                "total": 1
              }
            }
          },
          {
            "18.3": {
              "batsman": "A Symonds",
              "bowler": "T Thushara",
              "non_striker": "DR Smith",
              "runs": {
                "batsman": 0,
                "extras": 0,
                "total": 0
              }
            }
          },
          {
            "18.4": {
              "batsman": "A Symonds",
              "bowler": "T Thushara",
              "extras": {
                "wides": 1
              },
              "non_striker": "DR Smith",
              "runs": {
                "batsman": 0,
                "extras": 1,
                "total": 1
              }
            }
          },
          {
            "18.5": {
              "batsman": "A Symonds",
              "bowler": "T Thushara",
              "non_striker": "DR Smith",
              "runs": {
                "batsman": 1,
                "extras": 0,
                "total": 1
              }
            }
          },
          {
            "18.6": {
              "batsman": "DR Smith",
              "bowler": "T Thushara",
              "non_striker": "A Symonds",
              "runs": {
                "batsman": 0,
                "extras": 0,
                "total": 0
              }
            }
          },
          {
            "18.7": {
              "batsman": "DR Smith",
              "bowler": "T Thushara",
              "non_striker": "A Symonds",
              "runs": {
                "batsman": 2,
                "extras": 0,
                "total": 2
              }
            }
          },
          {
            "19.1": {
              "batsman": "A Symonds",
              "bowler": "SK Raina",
              "extras": {
                "wides": 1
              },
              "non_striker": "DR Smith",
              "runs": {
                "batsman": 0,
                "extras": 1,
                "total": 1
              }
            }
          },
          {
            "19.2": {
              "batsman": "A Symonds",
              "bowler": "SK Raina",
              "non_striker": "DR Smith",
              "runs": {
                "batsman": 1,
                "extras": 0,
                "total": 1
              }
            }
          }
        ]
      }
    }
  ]
}