{
  "meta": {
    "data_version": 0.9,
    "created": "2011-04-29T00:00:00.000Z",
    "revision": 2
  },
  "info": {
    "city": "Ahmedabad",
    "competition": "IPL",
    "dates": [
      "2010-03-28T00:00:00.000Z"
    ],
    "gender": "male",
    "match_type": "T20",
    "outcome": {
      "by": {
        "runs": 17
      },
      "winner": "Rajasthan Royals"
    },
    "overs": 20,
    "player_of_match": [
      "NV Ojha"
    ],
    "teams": [
      "Rajasthan Royals",
      "Chennai Super Kings"
    ],
    "toss": {
      "decision": "bat",
      "winner": "Rajasthan Royals"
    },
    "umpires": [
      "SS Hazare",
      "SJA Taufel"
    ],
    "venue": "Sardar Patel Stadium, Motera"
  },
  "innings": [
    {
      "1st innings": {
        "team": "Rajasthan Royals",
        "deliveries": [
          {
            "0.1": {
              "batsman": "MJ Lumb",
              "bowler": "JA Morkel",
              "non_striker": "NV Ojha",
              "runs": {
                "batsman": 2,
                "extras": 0,
                "total": 2
              }
            }
          },
          {
            "0.2": {
              "batsman": "MJ Lumb",
              "bowler": "JA Morkel",
              "non_striker": "NV Ojha",
              "runs": {
                "batsman": 0,
                "extras": 0,
                "total": 0
              }
            }
          },
          {
            "0.3": {
              "batsman": "MJ Lumb",
              "bowler": "JA Morkel",
              "non_striker": "NV Ojha",
              "runs": {
                "batsman": 6,
                "extras": 0,
                "total": 6
              }
            }
          },
          {
            "0.4": {
              "batsman": "MJ Lumb",
              "bowler": "JA Morkel",
              "non_striker": "NV Ojha",
              "runs": {
                "batsman": 1,
                "extras": 0,
                "total": 1
              }
            }
          },
          {
            "0.5": {
              "batsman": "NV Ojha",
              "bowler": "JA Morkel",
              "non_striker": "MJ Lumb",
              "runs": {
                "batsman": 0,
                "extras": 0,
                "total": 0
              }
            }
          },
          {
            "0.6": {
              "batsman": "NV Ojha",
              "bowler": "JA Morkel",
              "non_striker": "MJ Lumb",
              "runs": {
                "batsman": 4,
                "extras": 0,
                "total": 4
              }
            }
          },
          {
            "1.1": {
              "batsman": "MJ Lumb",
              "bowler": "T Thushara",
              "non_striker": "NV Ojha",
              "runs": {
                "batsman": 0,
                "extras": 0,
                "total": 0
              }
            }
          },
          {
            "1.2": {
              "batsman": "MJ Lumb",
              "bowler": "T Thushara",
              "non_striker": "NV Ojha",
              "runs": {
                "batsman": 0,
                "extras": 0,
                "total": 0
              }
            }
          },
          {
            "1.3": {
              "batsman": "MJ Lumb",
              "bowler": "T Thushara",
              "extras": {
                "wides": 1
              },
              "non_striker": "NV Ojha",
              "runs": {
                "batsman": 0,
                "extras": 1,
                "total": 1
              }
            }
          },
          {
            "1.4": {
              "batsman": "MJ Lumb",
              "bowler": "T Thushara",
              "non_striker": "NV Ojha",
              "runs": {
                "batsman": 4,
                "extras": 0,
                "total": 4
              }
            }
          },
          {
            "1.5": {
              "batsman": "MJ Lumb",
              "bowler": "T Thushara",
              "extras": {
                "legbyes": 1
              },
              "non_striker": "NV Ojha",
              "runs": {
                "batsman": 0,
                "extras": 1,
                "total": 1
              }
            }
          },
          {
            "1.6": {
              "batsman": "NV Ojha",
              "bowler": "T Thushara",
              "non_striker": "MJ Lumb",
              "runs": {
                "batsman": 0,
                "extras": 0,
                "total": 0
              }
            }
          },
          {
            "1.7": {
              "batsman": "NV Ojha",
              "bowler": "T Thushara",
              "non_striker": "MJ Lumb",
              "runs": {
                "batsman": 4,
                "extras": 0,
                "total": 4
              }
            }
          },
          {
            "2.1": {
              "batsman": "MJ Lumb",
              "bowler": "M Muralitharan",
              "non_striker": "NV Ojha",
              "runs": {
                "batsman": 0,
                "extras": 0,
                "total": 0
              }
            }
          },
          {
            "2.2": {
              "batsman": "MJ Lumb",
              "bowler": "M Muralitharan",
              "non_striker": "NV Ojha",
              "runs": {
                "batsman": 1,
                "extras": 0,
                "total": 1
              }
            }
          },
          {
            "2.3": {
              "batsman": "NV Ojha",
              "bowler": "M Muralitharan",
              "non_striker": "MJ Lumb",
              "runs": {
                "batsman": 0,
                "extras": 0,
                "total": 0
              }
            }
          },
          {
            "2.4": {
              "batsman": "NV Ojha",
              "bowler": "M Muralitharan",
              "extras": {
                "wides": 1
              },
              "non_striker": "MJ Lumb",
              "runs": {
                "batsman": 0,
                "extras": 1,
                "total": 1
              }
            }
          },
          {
            "2.5": {
              "batsman": "NV Ojha",
              "bowler": "M Muralitharan",
              "non_striker": "MJ Lumb",
              "runs": {
                "batsman": 1,
                "extras": 0,
                "total": 1
              }
            }
          },
          {
            "2.6": {
              "batsman": "MJ Lumb",
              "bowler": "M Muralitharan",
              "non_striker": "NV Ojha",
              "runs": {
                "batsman": 0,
                "extras": 0,
                "total": 0
              }
            }
          },
          {
            "2.7": {
              "batsman": "MJ Lumb",
              "bowler": "M Muralitharan",
              "non_striker": "NV Ojha",
              "runs": {
                "batsman": 4,
                "extras": 0,
                "total": 4
              }
            }
          },
          {
            "3.1": {
              "batsman": "NV Ojha",
              "bowler": "JA Morkel",
              "non_striker": "MJ Lumb",
              "runs": {
                "batsman": 4,
                "extras": 0,
                "total": 4
              }
            }
          },
          {
            "3.2": {
              "batsman": "NV Ojha",
              "bowler": "JA Morkel",
              "non_striker": "MJ Lumb",
              "runs": {
                "batsman": 1,
                "extras": 0,
                "total": 1
              }
            }
          },
          {
            "3.3": {
              "batsman": "MJ Lumb",
              "bowler": "JA Morkel",
              "non_striker": "NV Ojha",
              "runs": {
                "batsman": 2,
                "extras": 0,
                "total": 2
              }
            }
          },
          {
            "3.4": {
              "batsman": "MJ Lumb",
              "bowler": "JA Morkel",
              "non_striker": "NV Ojha",
              "runs": {
                "batsman": 4,
                "extras": 0,
                "total": 4
              }
            }
          },
          {
            "3.5": {
              "batsman": "MJ Lumb",
              "bowler": "JA Morkel",
              "non_striker": "NV Ojha",
              "runs": {
                "batsman": 6,
                "extras": 0,
                "total": 6
              }
            }
          },
          {
            "3.6": {
              "batsman": "MJ Lumb",
              "bowler": "JA Morkel",
              "non_striker": "NV Ojha",
              "runs": {
                "batsman": 0,
                "extras": 0,
                "total": 0
              },
              "wicket": {
                "fielders": [
                  "T Thushara"
                ],
                "kind": "caught",
                "player_out": "MJ Lumb"
              }
            }
          },
          {
            "4.1": {
              "batsman": "NV Ojha",
              "bowler": "T Thushara",
              "non_striker": "FY Fazal",
              "runs": {
                "batsman": 0,
                "extras": 0,
                "total": 0
              }
            }
          },
          {
            "4.2": {
              "batsman": "NV Ojha",
              "bowler": "T Thushara",
              "non_striker": "FY Fazal",
              "runs": {
                "batsman": 0,
                "extras": 0,
                "total": 0
              }
            }
          },
          {
            "4.3": {
              "batsman": "NV Ojha",
              "bowler": "T Thushara",
              "non_striker": "FY Fazal",
              "runs": {
                "batsman": 0,
                "extras": 0,
                "total": 0
              }
            }
          },
          {
            "4.4": {
              "batsman": "NV Ojha",
              "bowler": "T Thushara",
              "non_striker": "FY Fazal",
              "runs": {
                "batsman": 1,
                "extras": 0,
                "total": 1
              }
            }
          },
          {
            "4.5": {
              "batsman": "FY Fazal",
              "bowler": "T Thushara",
              "non_striker": "NV Ojha",
              "runs": {
                "batsman": 0,
                "extras": 0,
                "total": 0
              }
            }
          },
          {
            "4.6": {
              "batsman": "FY Fazal",
              "bowler": "T Thushara",
              "non_striker": "NV Ojha",
              "runs": {
                "batsman": 1,
                "extras": 0,
                "total": 1
              }
            }
          },
          {
            "5.1": {
              "batsman": "FY Fazal",
              "bowler": "M Muralitharan",
              "non_striker": "NV Ojha",
              "runs": {
                "batsman": 1,
                "extras": 0,
                "total": 1
              }
            }
          },
          {
            "5.2": {
              "batsman": "NV Ojha",
              "bowler": "M Muralitharan",
              "non_striker": "FY Fazal",
              "runs": {
                "batsman": 6,
                "extras": 0,
                "total": 6
              }
            }
          },
          {
            "5.3": {
              "batsman": "NV Ojha",
              "bowler": "M Muralitharan",
              "non_striker": "FY Fazal",
              "runs": {
                "batsman": 1,
                "extras": 0,
                "total": 1
              }
            }
          },
          {
            "5.4": {
              "batsman": "FY Fazal",
              "bowler": "M Muralitharan",
              "non_striker": "NV Ojha",
              "runs": {
                "batsman": 0,
                "extras": 0,
                "total": 0
              }
            }
          },
          {
            "5.5": {
              "batsman": "FY Fazal",
              "bowler": "M Muralitharan",
              "non_striker": "NV Ojha",
              "runs": {
                "batsman": 0,
                "extras": 0,
                "total": 0
              }
            }
          },
          {
            "5.6": {
              "batsman": "FY Fazal",
              "bowler": "M Muralitharan",
              "non_striker": "NV Ojha",
              "runs": {
                "batsman": 1,
                "extras": 0,
                "total": 1
              }
            }
          },
          {
            "6.1": {
              "batsman": "FY Fazal",
              "bowler": "Joginder Sharma",
              "non_striker": "NV Ojha",
              "runs": {
                "batsman": 4,
                "extras": 0,
                "total": 4
              }
            }
          },
          {
            "6.2": {
              "batsman": "FY Fazal",
              "bowler": "Joginder Sharma",
              "non_striker": "NV Ojha",
              "runs": {
                "batsman": 1,
                "extras": 0,
                "total": 1
              }
            }
          },
          {
            "6.3": {
              "batsman": "NV Ojha",
              "bowler": "Joginder Sharma",
              "non_striker": "FY Fazal",
              "runs": {
                "batsman": 1,
                "extras": 0,
                "total": 1
              }
            }
          },
          {
            "6.4": {
              "batsman": "FY Fazal",
              "bowler": "Joginder Sharma",
              "non_striker": "NV Ojha",
              "runs": {
                "batsman": 1,
                "extras": 0,
                "total": 1
              }
            }
          },
          {
            "6.5": {
              "batsman": "NV Ojha",
              "bowler": "Joginder Sharma",
              "non_striker": "FY Fazal",
              "runs": {
                "batsman": 1,
                "extras": 0,
                "total": 1
              }
            }
          },
          {
            "6.6": {
              "batsman": "FY Fazal",
              "bowler": "Joginder Sharma",
              "non_striker": "NV Ojha",
              "runs": {
                "batsman": 2,
                "extras": 0,
                "total": 2
              }
            }
          },
          {
            "7.1": {
              "batsman": "NV Ojha",
              "bowler": "SK Raina",
              "non_striker": "FY Fazal",
              "runs": {
                "batsman": 1,
                "extras": 0,
                "total": 1
              }
            }
          },
          {
            "7.2": {
              "batsman": "FY Fazal",
              "bowler": "SK Raina",
              "non_striker": "NV Ojha",
              "runs": {
                "batsman": 1,
                "extras": 0,
                "total": 1
              }
            }
          },
          {
            "7.3": {
              "batsman": "NV Ojha",
              "bowler": "SK Raina",
              "non_striker": "FY Fazal",
              "runs": {
                "batsman": 1,
                "extras": 0,
                "total": 1
              }
            }
          },
          {
            "7.4": {
              "batsman": "FY Fazal",
              "bowler": "SK Raina",
              "non_striker": "NV Ojha",
              "runs": {
                "batsman": 1,
                "extras": 0,
                "total": 1
              }
            }
          },
          {
            "7.5": {
              "batsman": "NV Ojha",
              "bowler": "SK Raina",
              "non_striker": "FY Fazal",
              "runs": {
                "batsman": 0,
                "extras": 0,
                "total": 0
              }
            }
          },
          {
            "7.6": {
              "batsman": "NV Ojha",
              "bowler": "SK Raina",
              "non_striker": "FY Fazal",
              "runs": {
                "batsman": 1,
                "extras": 0,
                "total": 1
              }
            }
          },
          {
            "8.1": {
              "batsman": "NV Ojha",
              "bowler": "Joginder Sharma",
              "non_striker": "FY Fazal",
              "runs": {
                "batsman": 2,
                "extras": 0,
                "total": 2
              }
            }
          },
          {
            "8.2": {
              "batsman": "NV Ojha",
              "bowler": "Joginder Sharma",
              "non_striker": "FY Fazal",
              "runs": {
                "batsman": 4,
                "extras": 0,
                "total": 4
              }
            }
          },
          {
            "8.3": {
              "batsman": "NV Ojha",
              "bowler": "Joginder Sharma",
              "non_striker": "FY Fazal",
              "runs": {
                "batsman": 2,
                "extras": 0,
                "total": 2
              }
            }
          },
          {
            "8.4": {
              "batsman": "NV Ojha",
              "bowler": "Joginder Sharma",
              "non_striker": "FY Fazal",
              "runs": {
                "batsman": 4,
                "extras": 0,
                "total": 4
              }
            }
          },
          {
            "8.5": {
              "batsman": "NV Ojha",
              "bowler": "Joginder Sharma",
              "non_striker": "FY Fazal",
              "runs": {
                "batsman": 1,
                "extras": 0,
                "total": 1
              }
            }
          },
          {
            "8.6": {
              "batsman": "FY Fazal",
              "bowler": "Joginder Sharma",
              "non_striker": "NV Ojha",
              "runs": {
                "batsman": 0,
                "extras": 0,
                "total": 0
              }
            }
          },
          {
            "9.1": {
              "batsman": "NV Ojha",
              "bowler": "SK Raina",
              "non_striker": "FY Fazal",
              "runs": {
                "batsman": 0,
                "extras": 0,
                "total": 0
              }
            }
          },
          {
            "9.2": {
              "batsman": "NV Ojha",
              "bowler": "SK Raina",
              "non_striker": "FY Fazal",
              "runs": {
                "batsman": 1,
                "extras": 0,
                "total": 1
              }
            }
          },
          {
            "9.3": {
              "batsman": "FY Fazal",
              "bowler": "SK Raina",
              "non_striker": "NV Ojha",
              "runs": {
                "batsman": 1,
                "extras": 0,
                "total": 1
              }
            }
          },
          {
            "9.4": {
              "batsman": "NV Ojha",
              "bowler": "SK Raina",
              "non_striker": "FY Fazal",
              "runs": {
                "batsman": 6,
                "extras": 0,
                "total": 6
              }
            }
          },
          {
            "9.5": {
              "batsman": "NV Ojha",
              "bowler": "SK Raina",
              "non_striker": "FY Fazal",
              "runs": {
                "batsman": 1,
                "extras": 0,
                "total": 1
              }
            }
          },
          {
            "9.6": {
              "batsman": "FY Fazal",
              "bowler": "SK Raina",
              "non_striker": "NV Ojha",
              "runs": {
                "batsman": 1,
                "extras": 0,
                "total": 1
              }
            }
          },
          {
            "10.1": {
              "batsman": "FY Fazal",
              "bowler": "SB Jakati",
              "non_striker": "NV Ojha",
              "runs": {
                "batsman": 1,
                "extras": 0,
                "total": 1
              }
            }
          },
          {
            "10.2": {
              "batsman": "NV Ojha",
              "bowler": "SB Jakati",
              "non_striker": "FY Fazal",
              "runs": {
                "batsman": 0,
                "extras": 0,
                "total": 0
              }
            }
          },
          {
            "10.3": {
              "batsman": "NV Ojha",
              "bowler": "SB Jakati",
              "non_striker": "FY Fazal",
              "runs": {
                "batsman": 1,
                "extras": 0,
                "total": 1
              }
            }
          },
          {
            "10.4": {
              "batsman": "FY Fazal",
              "bowler": "SB Jakati",
              "non_striker": "NV Ojha",
              "runs": {
                "batsman": 1,
                "extras": 0,
                "total": 1
              }
            }
          },
          {
            "10.5": {
              "batsman": "NV Ojha",
              "bowler": "SB Jakati",
              "non_striker": "FY Fazal",
              "runs": {
                "batsman": 1,
                "extras": 0,
                "total": 1
              }
            }
          },
          {
            "10.6": {
              "batsman": "FY Fazal",
              "bowler": "SB Jakati",
              "non_striker": "NV Ojha",
              "runs": {
                "batsman": 0,
                "extras": 0,
                "total": 0
              },
              "wicket": {
                "fielders": [
                  "M Vijay"
                ],
                "kind": "caught",
                "player_out": "FY Fazal"
              }
            }
          },
          {
            "11.1": {
              "batsman": "YK Pathan",
              "bowler": "M Muralitharan",
              "non_striker": "NV Ojha",
              "runs": {
                "batsman": 1,
                "extras": 0,
                "total": 1
              }
            }
          },
          {
            "11.2": {
              "batsman": "NV Ojha",
              "bowler": "M Muralitharan",
              "non_striker": "YK Pathan",
              "runs": {
                "batsman": 1,
                "extras": 0,
                "total": 1
              }
            }
          },
          {
            "11.3": {
              "batsman": "YK Pathan",
              "bowler": "M Muralitharan",
              "non_striker": "NV Ojha",
              "runs": {
                "batsman": 1,
                "extras": 0,
                "total": 1
              }
            }
          },
          {
            "11.4": {
              "batsman": "NV Ojha",
              "bowler": "M Muralitharan",
              "non_striker": "YK Pathan",
              "runs": {
                "batsman": 0,
                "extras": 0,
                "total": 0
              }
            }
          },
          {
            "11.5": {
              "batsman": "NV Ojha",
              "bowler": "M Muralitharan",
              "non_striker": "YK Pathan",
              "runs": {
                "batsman": 6,
                "extras": 0,
                "total": 6
              }
            }
          },
          {
            "11.6": {
              "batsman": "NV Ojha",
              "bowler": "M Muralitharan",
              "non_striker": "YK Pathan",
              "runs": {
                "batsman": 2,
                "extras": 0,
                "total": 2
              }
            }
          },
          {
            "12.1": {
              "batsman": "YK Pathan",
              "bowler": "SB Jakati",
              "non_striker": "NV Ojha",
              "runs": {
                "batsman": 2,
                "extras": 0,
                "total": 2
              }
            }
          },
          {
            "12.2": {
              "batsman": "YK Pathan",
              "bowler": "SB Jakati",
              "non_striker": "NV Ojha",
              "runs": {
                "batsman": 0,
                "extras": 0,
                "total": 0
              }
            }
          },
          {
            "12.3": {
              "batsman": "YK Pathan",
              "bowler": "SB Jakati",
              "non_striker": "NV Ojha",
              "runs": {
                "batsman": 4,
                "extras": 0,
                "total": 4
              }
            }
          },
          {
            "12.4": {
              "batsman": "YK Pathan",
              "bowler": "SB Jakati",
              "non_striker": "NV Ojha",
              "runs": {
                "batsman": 0,
                "extras": 0,
                "total": 0
              },
              "wicket": {
                "fielders": [
                  "SK Raina"
                ],
                "kind": "caught",
                "player_out": "YK Pathan"
              }
            }
          },
          {
            "12.5": {
              "batsman": "AC Voges",
              "bowler": "SB Jakati",
              "non_striker": "NV Ojha",
              "runs": {
                "batsman": 1,
                "extras": 0,
                "total": 1
              }
            }
          },
          {
            "12.6": {
              "batsman": "NV Ojha",
              "bowler": "SB Jakati",
              "non_striker": "AC Voges",
              "runs": {
                "batsman": 0,
                "extras": 0,
                "total": 0
              }
            }
          },
          {
            "13.1": {
              "batsman": "AC Voges",
              "bowler": "M Muralitharan",
              "non_striker": "NV Ojha",
              "runs": {
                "batsman": 1,
                "extras": 0,
                "total": 1
              }
            }
          },
          {
            "13.2": {
              "batsman": "NV Ojha",
              "bowler": "M Muralitharan",
              "non_striker": "AC Voges",
              "runs": {
                "batsman": 1,
                "extras": 0,
                "total": 1
              }
            }
          },
          {
            "13.3": {
              "batsman": "AC Voges",
              "bowler": "M Muralitharan",
              "non_striker": "NV Ojha",
              "runs": {
                "batsman": 0,
                "extras": 0,
                "total": 0
              }
            }
          },
          {
            "13.4": {
              "batsman": "AC Voges",
              "bowler": "M Muralitharan",
              "non_striker": "NV Ojha",
              "runs": {
                "batsman": 2,
                "extras": 0,
                "total": 2
              }
            }
          },
          {
            "13.5": {
              "batsman": "AC Voges",
              "bowler": "M Muralitharan",
              "non_striker": "NV Ojha",
              "runs": {
                "batsman": 2,
                "extras": 0,
                "total": 2
              }
            }
          },
          {
            "13.6": {
              "batsman": "AC Voges",
              "bowler": "M Muralitharan",
              "non_striker": "NV Ojha",
              "runs": {
                "batsman": 1,
                "extras": 0,
                "total": 1
              }
            }
          },
          {
            "14.1": {
              "batsman": "AC Voges",
              "bowler": "SB Jakati",
              "non_striker": "NV Ojha",
              "runs": {
                "batsman": 0,
                "extras": 0,
                "total": 0
              }
            }
          },
          {
            "14.2": {
              "batsman": "AC Voges",
              "bowler": "SB Jakati",
              "non_striker": "NV Ojha",
              "runs": {
                "batsman": 1,
                "extras": 0,
                "total": 1
              }
            }
          },
          {
            "14.3": {
              "batsman": "NV Ojha",
              "bowler": "SB Jakati",
              "non_striker": "AC Voges",
              "runs": {
                "batsman": 1,
                "extras": 0,
                "total": 1
              }
            }
          },
          {
            "14.4": {
              "batsman": "AC Voges",
              "bowler": "SB Jakati",
              "non_striker": "NV Ojha",
              "runs": {
                "batsman": 1,
                "extras": 0,
                "total": 1
              }
            }
          },
          {
            "14.5": {
              "batsman": "NV Ojha",
              "bowler": "SB Jakati",
              "non_striker": "AC Voges",
              "runs": {
                "batsman": 1,
                "extras": 0,
                "total": 1
              }
            }
          },
          {
            "14.6": {
              "batsman": "AC Voges",
              "bowler": "SB Jakati",
              "non_striker": "NV Ojha",
              "runs": {
                "batsman": 0,
                "extras": 0,
                "total": 0
              }
            }
          },
          {
            "15.1": {
              "batsman": "NV Ojha",
              "bowler": "JA Morkel",
              "non_striker": "AC Voges",
              "runs": {
                "batsman": 0,
                "extras": 0,
                "total": 0
              }
            }
          },
          {
            "15.2": {
              "batsman": "NV Ojha",
              "bowler": "JA Morkel",
              "non_striker": "AC Voges",
              "runs": {
                "batsman": 1,
                "extras": 0,
                "total": 1
              }
            }
          },
          {
            "15.3": {
              "batsman": "AC Voges",
              "bowler": "JA Morkel",
              "non_striker": "NV Ojha",
              "runs": {
                "batsman": 1,
                "extras": 0,
                "total": 1
              }
            }
          },
          {
            "15.4": {
              "batsman": "NV Ojha",
              "bowler": "JA Morkel",
              "non_striker": "AC Voges",
              "runs": {
                "batsman": 4,
                "extras": 0,
                "total": 4
              }
            }
          },
          {
            "15.5": {
              "batsman": "NV Ojha",
              "bowler": "JA Morkel",
              "non_striker": "AC Voges",
              "runs": {
                "batsman": 0,
                "extras": 0,
                "total": 0
              }
            }
          },
          {
            "15.6": {
              "batsman": "NV Ojha",
              "bowler": "JA Morkel",
              "non_striker": "AC Voges",
              "runs": {
                "batsman": 0,
                "extras": 0,
                "total": 0
              }
            }
          },
          {
            "16.1": {
              "batsman": "AC Voges",
              "bowler": "SB Jakati",
              "non_striker": "NV Ojha",
              "runs": {
                "batsman": 1,
                "extras": 0,
                "total": 1
              }
            }
          },
          {
            "16.2": {
              "batsman": "NV Ojha",
              "bowler": "SB Jakati",
              "non_striker": "AC Voges",
              "runs": {
                "batsman": 6,
                "extras": 0,
                "total": 6
              }
            }
          },
          {
            "16.3": {
              "batsman": "NV Ojha",
              "bowler": "SB Jakati",
              "non_striker": "AC Voges",
              "runs": {
                "batsman": 1,
                "extras": 0,
                "total": 1
              }
            }
          },
          {
            "16.4": {
              "batsman": "AC Voges",
              "bowler": "SB Jakati",
              "non_striker": "NV Ojha",
              "runs": {
                "batsman": 0,
                "extras": 0,
                "total": 0
              }
            }
          },
          {
            "16.5": {
              "batsman": "AC Voges",
              "bowler": "SB Jakati",
              "non_striker": "NV Ojha",
              "runs": {
                "batsman": 1,
                "extras": 0,
                "total": 1
              }
            }
          },
          {
            "16.6": {
              "batsman": "NV Ojha",
              "bowler": "SB Jakati",
              "non_striker": "AC Voges",
              "runs": {
                "batsman": 6,
                "extras": 0,
                "total": 6
              }
            }
          },
          {
            "17.1": {
              "batsman": "AC Voges",
              "bowler": "T Thushara",
              "non_striker": "NV Ojha",
              "runs": {
                "batsman": 4,
                "extras": 0,
                "total": 4
              }
            }
          },
          {
            "17.2": {
              "batsman": "AC Voges",
              "bowler": "T Thushara",
              "non_striker": "NV Ojha",
              "runs": {
                "batsman": 1,
                "extras": 0,
                "total": 1
              }
            }
          },
          {
            "17.3": {
              "batsman": "NV Ojha",
              "bowler": "T Thushara",
              "non_striker": "AC Voges",
              "runs": {
                "batsman": 0,
                "extras": 0,
                "total": 0
              },
              "wicket": {
                "fielders": [
                  "Joginder Sharma"
                ],
                "kind": "caught",
                "player_out": "NV Ojha"
              }
            }
          },
          {
            "17.4": {
              "batsman": "AC Voges",
              "bowler": "T Thushara",
              "non_striker": "AA Jhunjhunwala",
              "runs": {
                "batsman": 1,
                "extras": 0,
                "total": 1
              }
            }
          },
          {
            "17.5": {
              "batsman": "AA Jhunjhunwala",
              "bowler": "T Thushara",
              "non_striker": "AC Voges",
              "runs": {
                "batsman": 4,
                "extras": 0,
                "total": 4
              }
            }
          },
          {
            "17.6": {
              "batsman": "AA Jhunjhunwala",
              "bowler": "T Thushara",
              "non_striker": "AC Voges",
              "runs": {
                "batsman": 0,
                "extras": 0,
                "total": 0
              }
            }
          },
          {
            "18.1": {
              "batsman": "AC Voges",
              "bowler": "JA Morkel",
              "non_striker": "AA Jhunjhunwala",
              "runs": {
                "batsman": 2,
                "extras": 0,
                "total": 2
              }
            }
          },
          {
            "18.2": {
              "batsman": "AC Voges",
              "bowler": "JA Morkel",
              "non_striker": "AA Jhunjhunwala",
              "runs": {
                "batsman": 0,
                "extras": 0,
                "total": 0
              },
              "wicket": {
                "fielders": [
                  "M Muralitharan"
                ],
                "kind": "caught",
                "player_out": "AC Voges"
              }
            }
          },
          {
            "18.3": {
              "batsman": "AA Jhunjhunwala",
              "bowler": "JA Morkel",
              "non_striker": "P Dogra",
              "runs": {
                "batsman": 2,
                "extras": 0,
                "total": 2
              }
            }
          },
          {
            "18.4": {
              "batsman": "AA Jhunjhunwala",
              "bowler": "JA Morkel",
              "non_striker": "P Dogra",
              "runs": {
                "batsman": 1,
                "extras": 0,
                "total": 1
              }
            }
          },
          {
            "18.5": {
              "batsman": "P Dogra",
              "bowler": "JA Morkel",
              "non_striker": "AA Jhunjhunwala",
              "runs": {
                "batsman": 1,
                "extras": 0,
                "total": 1
              }
            }
          },
          {
            "18.6": {
              "batsman": "AA Jhunjhunwala",
              "bowler": "JA Morkel",
              "non_striker": "P Dogra",
              "runs": {
                "batsman": 4,
                "extras": 0,
                "total": 4
              }
            }
          },
          {
            "19.1": {
              "batsman": "P Dogra",
              "bowler": "T Thushara",
              "non_striker": "AA Jhunjhunwala",
              "runs": {
                "batsman": 4,
                "extras": 0,
                "total": 4
              }
            }
          },
          {
            "19.2": {
              "batsman": "P Dogra",
              "bowler": "T Thushara",
              "non_striker": "AA Jhunjhunwala",
              "runs": {
                "batsman": 0,
                "extras": 0,
                "total": 0
              },
              "wicket": {
                "fielders": [
                  "MS Dhoni",
                  "T Thushara"
                ],
                "kind": "run out",
                "player_out": "P Dogra"
              }
            }
          },
          {
            "19.3": {
              "batsman": "AA Jhunjhunwala",
              "bowler": "T Thushara",
              "non_striker": "S Narwal",
              "runs": {
                "batsman": 0,
                "extras": 0,
                "total": 0
              },
              "wicket": {
                "fielders": [
                  "M Vijay"
                ],
                "kind": "caught",
                "player_out": "AA Jhunjhunwala"
              }
            }
          },
          {
            "19.4": {
              "batsman": "S Narwal",
              "bowler": "T Thushara",
              "non_striker": "SK Warne",
              "runs": {
                "batsman": 1,
                "extras": 0,
                "total": 1
              },
              "wicket": {
                "fielders": [
                  "SB Jakati",
                  "MS Dhoni"
                ],
                "kind": "run out",
                "player_out": "SK Warne"
              }
            }
          },
          {
            "19.5": {
              "batsman": "SW Tait",
              "bowler": "T Thushara",
              "non_striker": "S Narwal",
              "runs": {
                "batsman": 1,
                "extras": 0,
                "total": 1
              }
            }
          },
          {
            "19.6": {
              "batsman": "S Narwal",
              "bowler": "T Thushara",
              "non_striker": "SW Tait",
              "runs": {
                "batsman": 1,
                "extras": 0,
                "total": 1
              }
            }
          }
        ]
      }
    },
    {
      "2nd innings": {
        "team": "Chennai Super Kings",
        "deliveries": [
          {
            "0.1": {
              "batsman": "M Vijay",
              "bowler": "YK Pathan",
              "non_striker": "ML Hayden",
              "runs": {
                "batsman": 1,
                "extras": 0,
                "total": 1
              }
            }
          },
          {
            "0.2": {
              "batsman": "ML Hayden",
              "bowler": "YK Pathan",
              "non_striker": "M Vijay",
              "runs": {
                "batsman": 0,
                "extras": 0,
                "total": 0
              }
            }
          },
          {
            "0.3": {
              "batsman": "ML Hayden",
              "bowler": "YK Pathan",
              "non_striker": "M Vijay",
              "runs": {
                "batsman": 1,
                "extras": 0,
                "total": 1
              }
            }
          },
          {
            "0.4": {
              "batsman": "M Vijay",
              "bowler": "YK Pathan",
              "non_striker": "ML Hayden",
              "runs": {
                "batsman": 1,
                "extras": 0,
                "total": 1
              }
            }
          },
          {
            "0.5": {
              "batsman": "ML Hayden",
              "bowler": "YK Pathan",
              "non_striker": "M Vijay",
              "runs": {
                "batsman": 1,
                "extras": 0,
                "total": 1
              }
            }
          },
          {
            "0.6": {
              "batsman": "M Vijay",
              "bowler": "YK Pathan",
              "non_striker": "ML Hayden",
              "runs": {
                "batsman": 0,
                "extras": 0,
                "total": 0
              }
            }
          },
          {
            "1.1": {
              "batsman": "ML Hayden",
              "bowler": "S Narwal",
              "non_striker": "M Vijay",
              "runs": {
                "batsman": 6,
                "extras": 0,
                "total": 6
              }
            }
          },
          {
            "1.2": {
              "batsman": "ML Hayden",
              "bowler": "S Narwal",
              "non_striker": "M Vijay",
              "runs": {
                "batsman": 2,
                "extras": 0,
                "total": 2
              }
            }
          },
          {
            "1.3": {
              "batsman": "ML Hayden",
              "bowler": "S Narwal",
              "non_striker": "M Vijay",
              "runs": {
                "batsman": 1,
                "extras": 0,
                "total": 1
              }
            }
          },
          {
            "1.4": {
              "batsman": "M Vijay",
              "bowler": "S Narwal",
              "non_striker": "ML Hayden",
              "runs": {
                "batsman": 0,
                "extras": 0,
                "total": 0
              }
            }
          },
          {
            "1.5": {
              "batsman": "M Vijay",
              "bowler": "S Narwal",
              "non_striker": "ML Hayden",
              "runs": {
                "batsman": 1,
                "extras": 0,
                "total": 1
              }
            }
          },
          {
            "1.6": {
              "batsman": "ML Hayden",
              "bowler": "S Narwal",
              "non_striker": "M Vijay",
              "runs": {
                "batsman": 1,
                "extras": 0,
                "total": 1
              }
            }
          },
          {
            "2.1": {
              "batsman": "ML Hayden",
              "bowler": "SW Tait",
              "non_striker": "M Vijay",
              "runs": {
                "batsman": 0,
                "extras": 0,
                "total": 0
              }
            }
          },
          {
            "2.2": {
              "batsman": "ML Hayden",
              "bowler": "SW Tait",
              "non_striker": "M Vijay",
              "runs": {
                "batsman": 0,
                "extras": 0,
                "total": 0
              }
            }
          },
          {
            "2.3": {
              "batsman": "ML Hayden",
              "bowler": "SW Tait",
              "non_striker": "M Vijay",
              "runs": {
                "batsman": 1,
                "extras": 0,
                "total": 1
              }
            }
          },
          {
            "2.4": {
              "batsman": "M Vijay",
              "bowler": "SW Tait",
              "non_striker": "ML Hayden",
              "runs": {
                "batsman": 0,
                "extras": 0,
                "total": 0
              }
            }
          },
          {
            "2.5": {
              "batsman": "M Vijay",
              "bowler": "SW Tait",
              "non_striker": "ML Hayden",
              "runs": {
                "batsman": 0,
                "extras": 0,
                "total": 0
              }
            }
          },
          {
            "2.6": {
              "batsman": "M Vijay",
              "bowler": "SW Tait",
              "non_striker": "ML Hayden",
              "runs": {
                "batsman": 2,
                "extras": 0,
                "total": 2
              }
            }
          },
          {
            "3.1": {
              "batsman": "ML Hayden",
              "bowler": "YK Pathan",
              "non_striker": "M Vijay",
              "runs": {
                "batsman": 2,
                "extras": 0,
                "total": 2
              }
            }
          },
          {
            "3.2": {
              "batsman": "ML Hayden",
              "bowler": "YK Pathan",
              "non_striker": "M Vijay",
              "runs": {
                "batsman": 0,
                "extras": 0,
                "total": 0
              }
            }
          },
          {
            "3.3": {
              "batsman": "ML Hayden",
              "bowler": "YK Pathan",
              "non_striker": "M Vijay",
              "runs": {
                "batsman": 4,
                "extras": 0,
                "total": 4
              }
            }
          },
          {
            "3.4": {
              "batsman": "ML Hayden",
              "bowler": "YK Pathan",
              "non_striker": "M Vijay",
              "runs": {
                "batsman": 0,
                "extras": 0,
                "total": 0
              },
              "wicket": {
                "kind": "caught and bowled",
                "player_out": "ML Hayden"
              }
            }
          },
          {
            "3.5": {
              "batsman": "SK Raina",
              "bowler": "YK Pathan",
              "non_striker": "M Vijay",
              "runs": {
                "batsman": 0,
                "extras": 0,
                "total": 0
              }
            }
          },
          {
            "3.6": {
              "batsman": "SK Raina",
              "bowler": "YK Pathan",
              "non_striker": "M Vijay",
              "runs": {
                "batsman": 2,
                "extras": 0,
                "total": 2
              }
            }
          },
          {
            "4.1": {
              "batsman": "M Vijay",
              "bowler": "S Narwal",
              "non_striker": "SK Raina",
              "runs": {
                "batsman": 6,
                "extras": 0,
                "total": 6
              }
            }
          },
          {
            "4.2": {
              "batsman": "M Vijay",
              "bowler": "S Narwal",
              "non_striker": "SK Raina",
              "runs": {
                "batsman": 0,
                "extras": 0,
                "total": 0
              }
            }
          },
          {
            "4.3": {
              "batsman": "M Vijay",
              "bowler": "S Narwal",
              "non_striker": "SK Raina",
              "runs": {
                "batsman": 4,
                "extras": 0,
                "total": 4
              }
            }
          },
          {
            "4.4": {
              "batsman": "M Vijay",
              "bowler": "S Narwal",
              "non_striker": "SK Raina",
              "runs": {
                "batsman": 4,
                "extras": 0,
                "total": 4
              }
            }
          },
          {
            "4.5": {
              "batsman": "M Vijay",
              "bowler": "S Narwal",
              "non_striker": "SK Raina",
              "runs": {
                "batsman": 6,
                "extras": 0,
                "total": 6
              }
            }
          },
          {
            "4.6": {
              "batsman": "M Vijay",
              "bowler": "S Narwal",
              "non_striker": "SK Raina",
              "runs": {
                "batsman": 4,
                "extras": 0,
                "total": 4
              }
            }
          },
          {
            "5.1": {
              "batsman": "SK Raina",
              "bowler": "SW Tait",
              "non_striker": "M Vijay",
              "runs": {
                "batsman": 4,
                "extras": 0,
                "total": 4
              }
            }
          },
          {
            "5.2": {
              "batsman": "SK Raina",
              "bowler": "SW Tait",
              "non_striker": "M Vijay",
              "runs": {
                "batsman": 2,
                "extras": 0,
                "total": 2
              }
            }
          },
          {
            "5.3": {
              "batsman": "SK Raina",
              "bowler": "SW Tait",
              "non_striker": "M Vijay",
              "runs": {
                "batsman": 1,
                "extras": 0,
                "total": 1
              }
            }
          },
          {
            "5.4": {
              "batsman": "M Vijay",
              "bowler": "SW Tait",
              "non_striker": "SK Raina",
              "runs": {
                "batsman": 0,
                "extras": 0,
                "total": 0
              }
            }
          },
          {
            "5.5": {
              "batsman": "M Vijay",
              "bowler": "SW Tait",
              "non_striker": "SK Raina",
              "runs": {
                "batsman": 0,
                "extras": 0,
                "total": 0
              }
            }
          },
          {
            "5.6": {
              "batsman": "M Vijay",
              "bowler": "SW Tait",
              "non_striker": "SK Raina",
              "runs": {
                "batsman": 1,
                "extras": 0,
                "total": 1
              }
            }
          },
          {
            "6.1": {
              "batsman": "M Vijay",
              "bowler": "YK Pathan",
              "non_striker": "SK Raina",
              "runs": {
                "batsman": 1,
                "extras": 0,
                "total": 1
              }
            }
          },
          {
            "6.2": {
              "batsman": "SK Raina",
              "bowler": "YK Pathan",
              "non_striker": "M Vijay",
              "runs": {
                "batsman": 1,
                "extras": 0,
                "total": 1
              }
            }
          },
          {
            "6.3": {
              "batsman": "M Vijay",
              "bowler": "YK Pathan",
              "non_striker": "SK Raina",
              "runs": {
                "batsman": 1,
                "extras": 0,
                "total": 1
              }
            }
          },
          {
            "6.4": {
              "batsman": "SK Raina",
              "bowler": "YK Pathan",
              "extras": {
                "wides": 1
              },
              "non_striker": "M Vijay",
              "runs": {
                "batsman": 0,
                "extras": 1,
                "total": 1
              }
            }
          },
          {
            "6.5": {
              "batsman": "SK Raina",
              "bowler": "YK Pathan",
              "non_striker": "M Vijay",
              "runs": {
                "batsman": 1,
                "extras": 0,
                "total": 1
              }
            }
          },
          {
            "6.6": {
              "batsman": "M Vijay",
              "bowler": "YK Pathan",
              "non_striker": "SK Raina",
              "runs": {
                "batsman": 4,
                "extras": 0,
                "total": 4
              }
            }
          },
          {
            "6.7": {
              "batsman": "M Vijay",
              "bowler": "YK Pathan",
              "non_striker": "SK Raina",
              "runs": {
                "batsman": 1,
                "extras": 0,
                "total": 1
              }
            }
          },
          {
            "7.1": {
              "batsman": "M Vijay",
              "bowler": "SK Warne",
              "non_striker": "SK Raina",
              "runs": {
                "batsman": 1,
                "extras": 0,
                "total": 1
              }
            }
          },
          {
            "7.2": {
              "batsman": "SK Raina",
              "bowler": "SK Warne",
              "non_striker": "M Vijay",
              "runs": {
                "batsman": 1,
                "extras": 0,
                "total": 1
              }
            }
          },
          {
            "7.3": {
              "batsman": "M Vijay",
              "bowler": "SK Warne",
              "non_striker": "SK Raina",
              "runs": {
                "batsman": 1,
                "extras": 0,
                "total": 1
              }
            }
          },
          {
            "7.4": {
              "batsman": "SK Raina",
              "bowler": "SK Warne",
              "non_striker": "M Vijay",
              "runs": {
                "batsman": 0,
                "extras": 0,
                "total": 0
              }
            }
          },
          {
            "7.5": {
              "batsman": "SK Raina",
              "bowler": "SK Warne",
              "non_striker": "M Vijay",
              "runs": {
                "batsman": 1,
                "extras": 0,
                "total": 1
              }
            }
          },
          {
            "7.6": {
              "batsman": "M Vijay",
              "bowler": "SK Warne",
              "non_striker": "SK Raina",
              "runs": {
                "batsman": 1,
                "extras": 0,
                "total": 1
              }
            }
          },
          {
            "8.1": {
              "batsman": "M Vijay",
              "bowler": "SK Trivedi",
              "non_striker": "SK Raina",
              "runs": {
                "batsman": 0,
                "extras": 0,
                "total": 0
              }
            }
          },
          {
            "8.2": {
              "batsman": "M Vijay",
              "bowler": "SK Trivedi",
              "non_striker": "SK Raina",
              "runs": {
                "batsman": 2,
                "extras": 0,
                "total": 2
              }
            }
          },
          {
            "8.3": {
              "batsman": "M Vijay",
              "bowler": "SK Trivedi",
              "non_striker": "SK Raina",
              "runs": {
                "batsman": 0,
                "extras": 0,
                "total": 0
              }
            }
          },
          {
            "8.4": {
              "batsman": "M Vijay",
              "bowler": "SK Trivedi",
              "non_striker": "SK Raina",
              "runs": {
                "batsman": 0,
                "extras": 0,
                "total": 0
              },
              "wicket": {
                "fielders": [
                  "YK Pathan"
                ],
                "kind": "run out",
                "player_out": "M Vijay"
              }
            }
          },
          {
            "8.5": {
              "batsman": "MS Dhoni",
              "bowler": "SK Trivedi",
              "non_striker": "SK Raina",
              "runs": {
                "batsman": 0,
                "extras": 0,
                "total": 0
              }
            }
          },
          {
            "8.6": {
              "batsman": "MS Dhoni",
              "bowler": "SK Trivedi",
              "non_striker": "SK Raina",
              "runs": {
                "batsman": 1,
                "extras": 0,
                "total": 1
              }
            }
          },
          {
            "9.1": {
              "batsman": "MS Dhoni",
              "bowler": "SK Warne",
              "non_striker": "SK Raina",
              "runs": {
                "batsman": 1,
                "extras": 0,
                "total": 1
              }
            }
          },
          {
            "9.2": {
              "batsman": "SK Raina",
              "bowler": "SK Warne",
              "non_striker": "MS Dhoni",
              "runs": {
                "batsman": 1,
                "extras": 0,
                "total": 1
              }
            }
          },
          {
            "9.3": {
              "batsman": "MS Dhoni",
              "bowler": "SK Warne",
              "non_striker": "SK Raina",
              "runs": {
                "batsman": 1,
                "extras": 0,
                "total": 1
              }
            }
          },
          {
            "9.4": {
              "batsman": "SK Raina",
              "bowler": "SK Warne",
              "non_striker": "MS Dhoni",
              "runs": {
                "batsman": 0,
                "extras": 0,
                "total": 0
              },
              "wicket": {
                "kind": "bowled",
                "player_out": "SK Raina"
              }
            }
          },
          {
            "9.5": {
              "batsman": "S Badrinath",
              "bowler": "SK Warne",
              "non_striker": "MS Dhoni",
              "runs": {
                "batsman": 0,
                "extras": 0,
                "total": 0
              }
            }
          },
          {
            "9.6": {
              "batsman": "S Badrinath",
              "bowler": "SK Warne",
              "non_striker": "MS Dhoni",
              "runs": {
                "batsman": 1,
                "extras": 0,
                "total": 1
              }
            }
          },
          {
            "10.1": {
              "batsman": "S Badrinath",
              "bowler": "SK Trivedi",
              "non_striker": "MS Dhoni",
              "runs": {
                "batsman": 1,
                "extras": 0,
                "total": 1
              }
            }
          },
          {
            "10.2": {
              "batsman": "MS Dhoni",
              "bowler": "SK Trivedi",
              "non_striker": "S Badrinath",
              "runs": {
                "batsman": 1,
                "extras": 0,
                "total": 1
              }
            }
          },
          {
            "10.3": {
              "batsman": "S Badrinath",
              "bowler": "SK Trivedi",
              "non_striker": "MS Dhoni",
              "runs": {
                "batsman": 0,
                "extras": 0,
                "total": 0
              }
            }
          },
          {
            "10.4": {
              "batsman": "S Badrinath",
              "bowler": "SK Trivedi",
              "non_striker": "MS Dhoni",
              "runs": {
                "batsman": 2,
                "extras": 0,
                "total": 2
              }
            }
          },
          {
            "10.5": {
              "batsman": "S Badrinath",
              "bowler": "SK Trivedi",
              "non_striker": "MS Dhoni",
              "runs": {
                "batsman": 0,
                "extras": 0,
                "total": 0
              }
            }
          },
          {
            "10.6": {
              "batsman": "S Badrinath",
              "bowler": "SK Trivedi",
              "non_striker": "MS Dhoni",
              "runs": {
                "batsman": 1,
                "extras": 0,
                "total": 1
              }
            }
          },
          {
            "11.1": {
              "batsman": "S Badrinath",
              "bowler": "SK Warne",
              "non_striker": "MS Dhoni",
              "runs": {
                "batsman": 0,
                "extras": 0,
                "total": 0
              }
            }
          },
          {
            "11.2": {
              "batsman": "S Badrinath",
              "bowler": "SK Warne",
              "non_striker": "MS Dhoni",
              "runs": {
                "batsman": 2,
                "extras": 0,
                "total": 2
              }
            }
          },
          {
            "11.3": {
              "batsman": "S Badrinath",
              "bowler": "SK Warne",
              "non_striker": "MS Dhoni",
              "runs": {
                "batsman": 0,
                "extras": 0,
                "total": 0
              }
            }
          },
          {
            "11.4": {
              "batsman": "S Badrinath",
              "bowler": "SK Warne",
              "non_striker": "MS Dhoni",
              "runs": {
                "batsman": 1,
                "extras": 0,
                "total": 1
              }
            }
          },
          {
            "11.5": {
              "batsman": "MS Dhoni",
              "bowler": "SK Warne",
              "non_striker": "S Badrinath",
              "runs": {
                "batsman": 1,
                "extras": 0,
                "total": 1
              }
            }
          },
          {
            "11.6": {
              "batsman": "S Badrinath",
              "bowler": "SK Warne",
              "non_striker": "MS Dhoni",
              "runs": {
                "batsman": 1,
                "extras": 0,
                "total": 1
              }
            }
          },
          {
            "12.1": {
              "batsman": "S Badrinath",
              "bowler": "SK Trivedi",
              "non_striker": "MS Dhoni",
              "runs": {
                "batsman": 1,
                "extras": 0,
                "total": 1
              }
            }
          },
          {
            "12.2": {
              "batsman": "MS Dhoni",
              "bowler": "SK Trivedi",
              "non_striker": "S Badrinath",
              "runs": {
                "batsman": 0,
                "extras": 0,
                "total": 0
              }
            }
          },
          {
            "12.3": {
              "batsman": "MS Dhoni",
              "bowler": "SK Trivedi",
              "non_striker": "S Badrinath",
              "runs": {
                "batsman": 0,
                "extras": 0,
                "total": 0
              }
            }
          },
          {
            "12.4": {
              "batsman": "MS Dhoni",
              "bowler": "SK Trivedi",
              "non_striker": "S Badrinath",
              "runs": {
                "batsman": 1,
                "extras": 0,
                "total": 1
              }
            }
          },
          {
            "12.5": {
              "batsman": "S Badrinath",
              "bowler": "SK Trivedi",
              "non_striker": "MS Dhoni",
              "runs": {
                "batsman": 1,
                "extras": 0,
                "total": 1
              }
            }
          },
          {
            "12.6": {
              "batsman": "MS Dhoni",
              "bowler": "SK Trivedi",
              "non_striker": "S Badrinath",
              "runs": {
                "batsman": 4,
                "extras": 0,
                "total": 4
              }
            }
          },
          {
            "13.1": {
              "batsman": "S Badrinath",
              "bowler": "AC Voges",
              "non_striker": "MS Dhoni",
              "runs": {
                "batsman": 4,
                "extras": 0,
                "total": 4
              }
            }
          },
          {
            "13.2": {
              "batsman": "S Badrinath",
              "bowler": "AC Voges",
              "non_striker": "MS Dhoni",
              "runs": {
                "batsman": 1,
                "extras": 0,
                "total": 1
              }
            }
          },
          {
            "13.3": {
              "batsman": "MS Dhoni",
              "bowler": "AC Voges",
              "non_striker": "S Badrinath",
              "runs": {
                "batsman": 1,
                "extras": 0,
                "total": 1
              }
            }
          },
          {
            "13.4": {
              "batsman": "S Badrinath",
              "bowler": "AC Voges",
              "non_striker": "MS Dhoni",
              "runs": {
                "batsman": 1,
                "extras": 0,
                "total": 1
              }
            }
          },
          {
            "13.5": {
              "batsman": "MS Dhoni",
              "bowler": "AC Voges",
              "non_striker": "S Badrinath",
              "runs": {
                "batsman": 1,
                "extras": 0,
                "total": 1
              }
            }
          },
          {
            "13.6": {
              "batsman": "S Badrinath",
              "bowler": "AC Voges",
              "non_striker": "MS Dhoni",
              "runs": {
                "batsman": 0,
                "extras": 0,
                "total": 0
              }
            }
          },
          {
            "14.1": {
              "batsman": "MS Dhoni",
              "bowler": "S Narwal",
              "non_striker": "S Badrinath",
              "runs": {
                "batsman": 4,
                "extras": 0,
                "total": 4
              }
            }
          },
          {
            "14.2": {
              "batsman": "MS Dhoni",
              "bowler": "S Narwal",
              "non_striker": "S Badrinath",
              "runs": {
                "batsman": 1,
                "extras": 0,
                "total": 1
              }
            }
          },
          {
            "14.3": {
              "batsman": "S Badrinath",
              "bowler": "S Narwal",
              "non_striker": "MS Dhoni",
              "runs": {
                "batsman": 1,
                "extras": 0,
                "total": 1
              }
            }
          },
          {
            "14.4": {
              "batsman": "MS Dhoni",
              "bowler": "S Narwal",
              "non_striker": "S Badrinath",
              "runs": {
                "batsman": 2,
                "extras": 0,
                "total": 2
              }
            }
          },
          {
            "14.5": {
              "batsman": "MS Dhoni",
              "bowler": "S Narwal",
              "extras": {
                "wides": 1
              },
              "non_striker": "S Badrinath",
              "runs": {
                "batsman": 0,
                "extras": 1,
                "total": 1
              }
            }
          },
          {
            "14.6": {
              "batsman": "MS Dhoni",
              "bowler": "S Narwal",
              "non_striker": "S Badrinath",
              "runs": {
                "batsman": 1,
                "extras": 0,
                "total": 1
              }
            }
          },
          {
            "14.7": {
              "batsman": "S Badrinath",
              "bowler": "S Narwal",
              "non_striker": "MS Dhoni",
              "runs": {
                "batsman": 4,
                "extras": 0,
                "total": 4
              }
            }
          },
          {
            "15.1": {
              "batsman": "MS Dhoni",
              "bowler": "YK Pathan",
              "extras": {
                "wides": 1
              },
              "non_striker": "S Badrinath",
              "runs": {
                "batsman": 0,
                "extras": 1,
                "total": 1
              }
            }
          },
          {
            "15.2": {
              "batsman": "MS Dhoni",
              "bowler": "YK Pathan",
              "extras": {
                "legbyes": 1
              },
              "non_striker": "S Badrinath",
              "runs": {
                "batsman": 0,
                "extras": 1,
                "total": 1
              }
            }
          },
          {
            "15.3": {
              "batsman": "S Badrinath",
              "bowler": "YK Pathan",
              "non_striker": "MS Dhoni",
              "runs": {
                "batsman": 1,
                "extras": 0,
                "total": 1
              }
            }
          },
          {
            "15.4": {
              "batsman": "MS Dhoni",
              "bowler": "YK Pathan",
              "non_striker": "S Badrinath",
              "runs": {
                "batsman": 0,
                "extras": 0,
                "total": 0
              }
            }
          },
          {
            "15.5": {
              "batsman": "MS Dhoni",
              "bowler": "YK Pathan",
              "non_striker": "S Badrinath",
              "runs": {
                "batsman": 1,
                "extras": 0,
                "total": 1
              },
              "wicket": {
                "fielders": [
                  "AC Voges",
                  "NV Ojha"
                ],
                "kind": "run out",
                "player_out": "MS Dhoni"
              }
            }
          },
          {
            "15.6": {
              "batsman": "JA Morkel",
              "bowler": "YK Pathan",
              "non_striker": "S Badrinath",
              "runs": {
                "batsman": 1,
                "extras": 0,
                "total": 1
              }
            }
          },
          {
            "15.7": {
              "batsman": "S Badrinath",
              "bowler": "YK Pathan",
              "extras": {
                "legbyes": 1
              },
              "non_striker": "JA Morkel",
              "runs": {
                "batsman": 0,
                "extras": 1,
                "total": 1
              }
            }
          },
          {
            "16.1": {
              "batsman": "S Badrinath",
              "bowler": "SW Tait",
              "non_striker": "JA Morkel",
              "runs": {
                "batsman": 1,
                "extras": 0,
                "total": 1
              }
            }
          },
          {
            "16.2": {
              "batsman": "JA Morkel",
              "bowler": "SW Tait",
              "non_striker": "S Badrinath",
              "runs": {
                "batsman": 0,
                "extras": 0,
                "total": 0
              }
            }
          },
          {
            "16.3": {
              "batsman": "JA Morkel",
              "bowler": "SW Tait",
              "non_striker": "S Badrinath",
              "runs": {
                "batsman": 0,
                "extras": 0,
                "total": 0
              }
            }
          },
          {
            "16.4": {
              "batsman": "JA Morkel",
              "bowler": "SW Tait",
              "non_striker": "S Badrinath",
              "runs": {
                "batsman": 4,
                "extras": 0,
                "total": 4
              }
            }
          },
          {
            "16.5": {
              "batsman": "JA Morkel",
              "bowler": "SW Tait",
              "non_striker": "S Badrinath",
              "runs": {
                "batsman": 1,
                "extras": 0,
                "total": 1
              }
            }
          },
          {
            "16.6": {
              "batsman": "S Badrinath",
              "bowler": "SW Tait",
              "non_striker": "JA Morkel",
              "runs": {
                "batsman": 0,
                "extras": 0,
                "total": 0
              }
            }
          },
          {
            "17.1": {
              "batsman": "JA Morkel",
              "bowler": "SK Warne",
              "non_striker": "S Badrinath",
              "runs": {
                "batsman": 1,
                "extras": 0,
                "total": 1
              }
            }
          },
          {
            "17.2": {
              "batsman": "S Badrinath",
              "bowler": "SK Warne",
              "non_striker": "JA Morkel",
              "runs": {
                "batsman": 0,
                "extras": 0,
                "total": 0
              }
            }
          },
          {
            "17.3": {
              "batsman": "S Badrinath",
              "bowler": "SK Warne",
              "non_striker": "JA Morkel",
              "runs": {
                "batsman": 1,
                "extras": 0,
                "total": 1
              }
            }
          },
          {
            "17.4": {
              "batsman": "JA Morkel",
              "bowler": "SK Warne",
              "non_striker": "S Badrinath",
              "runs": {
                "batsman": 6,
                "extras": 0,
                "total": 6
              }
            }
          },
          {
            "17.5": {
              "batsman": "JA Morkel",
              "bowler": "SK Warne",
              "non_striker": "S Badrinath",
              "runs": {
                "batsman": 6,
                "extras": 0,
                "total": 6
              }
            }
          },
          {
            "17.6": {
              "batsman": "JA Morkel",
              "bowler": "SK Warne",
              "non_striker": "S Badrinath",
              "runs": {
                "batsman": 6,
                "extras": 0,
                "total": 6
              }
            }
          },
          {
            "18.1": {
              "batsman": "S Badrinath",
              "bowler": "SW Tait",
              "non_striker": "JA Morkel",
              "runs": {
                "batsman": 0,
                "extras": 0,
                "total": 0
              },
              "wicket": {
                "fielders": [
                  "YK Pathan"
                ],
                "kind": "caught",
                "player_out": "S Badrinath"
              }
            }
          },
          {
            "18.2": {
              "batsman": "JA Morkel",
              "bowler": "SW Tait",
              "non_striker": "KB Arun Karthik",
              "runs": {
                "batsman": 1,
                "extras": 0,
                "total": 1
              }
            }
          },
          {
            "18.3": {
              "batsman": "KB Arun Karthik",
              "bowler": "SW Tait",
              "non_striker": "JA Morkel",
              "runs": {
                "batsman": 1,
                "extras": 0,
                "total": 1
              }
            }
          },
          {
            "18.4": {
              "batsman": "JA Morkel",
              "bowler": "SW Tait",
              "non_striker": "KB Arun Karthik",
              "runs": {
                "batsman": 2,
                "extras": 0,
                "total": 2
              }
            }
          },
          {
            "18.5": {
              "batsman": "JA Morkel",
              "bowler": "SW Tait",
              "non_striker": "KB Arun Karthik",
              "runs": {
                "batsman": 0,
                "extras": 0,
                "total": 0
              },
              "wicket": {
                "fielders": [
                  "FY Fazal"
                ],
                "kind": "caught",
                "player_out": "JA Morkel"
              }
            }
          },
          {
            "18.6": {
              "batsman": "KB Arun Karthik",
              "bowler": "SW Tait",
              "non_striker": "T Thushara",
              "runs": {
                "batsman": 1,
                "extras": 0,
                "total": 1
              }
            }
          },
          {
            "19.1": {
              "batsman": "KB Arun Karthik",
              "bowler": "SK Trivedi",
              "non_striker": "T Thushara",
              "runs": {
                "batsman": 0,
                "extras": 0,
                "total": 0
              }
            }
          },
          {
            "19.2": {
              "batsman": "KB Arun Karthik",
              "bowler": "SK Trivedi",
              "non_striker": "T Thushara",
              "runs": {
                "batsman": 1,
                "extras": 0,
                "total": 1
              }
            }
          },
          {
            "19.3": {
              "batsman": "T Thushara",
              "bowler": "SK Trivedi",
              "non_striker": "KB Arun Karthik",
              "runs": {
                "batsman": 0,
                "extras": 0,
                "total": 0
              }
            }
          },
          {
            "19.4": {
              "batsman": "T Thushara",
              "bowler": "SK Trivedi",
              "non_striker": "KB Arun Karthik",
              "runs": {
                "batsman": 1,
                "extras": 0,
                "total": 1
              }
            }
          },
          {
            "19.5": {
              "batsman": "KB Arun Karthik",
              "bowler": "SK Trivedi",
              "extras": {
                "legbyes": 1
              },
              "non_striker": "T Thushara",
              "runs": {
                "batsman": 0,
                "extras": 1,
                "total": 1
              }
            }
          },
          {
            "19.6": {
              "batsman": "T Thushara",
              "bowler": "SK Trivedi",
              "non_striker": "KB Arun Karthik",
              "runs": {
                "batsman": 1,
                "extras": 0,
                "total": 1
              }
            }
          }
        ]
      }
    }
  ]
}