{
  "meta": {
    "data_version": 0.9,
    "created": "2011-04-29T00:00:00.000Z",
    "revision": 2
  },
  "info": {
    "city": "Mumbai",
    "competition": "IPL",
    "dates": [
      "2010-03-12T00:00:00.000Z"
    ],
    "gender": "male",
    "match_type": "T20",
    "outcome": {
      "by": {
        "runs": 11
      },
      "winner": "Kolkata Knight Riders"
    },
    "overs": 20,
    "player_of_match": [
      "AD Mathews"
    ],
    "teams": [
      "Deccan Chargers",
      "Kolkata Knight Riders"
    ],
    "toss": {
      "decision": "field",
      "winner": "Deccan Chargers"
    },
    "umpires": [
      "RE Koertzen",
      "RB Tiffin"
    ],
    "venue": "Dr DY Patil Sports Academy"
  },
  "innings": [
    {
      "1st innings": {
        "team": "Kolkata Knight Riders",
        "deliveries": [
          {
            "0.1": {
              "batsman": "MK Tiwary",
              "bowler": "WPUJC Vaas",
              "non_striker": "BJ Hodge",
              "runs": {
                "batsman": 0,
                "extras": 0,
                "total": 0
              },
              "wicket": {
                "fielders": [
                  "RG Sharma"
                ],
                "kind": "caught",
                "player_out": "MK Tiwary"
              }
            }
          },
          {
            "0.2": {
              "batsman": "SC Ganguly",
              "bowler": "WPUJC Vaas",
              "non_striker": "BJ Hodge",
              "runs": {
                "batsman": 0,
                "extras": 0,
                "total": 0
              }
            }
          },
          {
            "0.3": {
              "batsman": "SC Ganguly",
              "bowler": "WPUJC Vaas",
              "non_striker": "BJ Hodge",
              "runs": {
                "batsman": 0,
                "extras": 0,
                "total": 0
              }
            }
          },
          {
            "0.4": {
              "batsman": "SC Ganguly",
              "bowler": "WPUJC Vaas",
              "non_striker": "BJ Hodge",
              "runs": {
                "batsman": 0,
                "extras": 0,
                "total": 0
              },
              "wicket": {
                "fielders": [
                  "Anirudh Singh"
                ],
                "kind": "caught",
                "player_out": "SC Ganguly"
              }
            }
          },
          {
            "0.5": {
              "batsman": "CA Pujara",
              "bowler": "WPUJC Vaas",
              "extras": {
                "legbyes": 1
              },
              "non_striker": "BJ Hodge",
              "runs": {
                "batsman": 0,
                "extras": 1,
                "total": 1
              }
            }
          },
          {
            "0.6": {
              "batsman": "BJ Hodge",
              "bowler": "WPUJC Vaas",
              "non_striker": "CA Pujara",
              "runs": {
                "batsman": 0,
                "extras": 0,
                "total": 0
              }
            }
          },
          {
            "1.1": {
              "batsman": "CA Pujara",
              "bowler": "RP Singh",
              "non_striker": "BJ Hodge",
              "runs": {
                "batsman": 0,
                "extras": 0,
                "total": 0
              }
            }
          },
          {
            "1.2": {
              "batsman": "CA Pujara",
              "bowler": "RP Singh",
              "non_striker": "BJ Hodge",
              "runs": {
                "batsman": 0,
                "extras": 0,
                "total": 0
              }
            }
          },
          {
            "1.3": {
              "batsman": "CA Pujara",
              "bowler": "RP Singh",
              "non_striker": "BJ Hodge",
              "runs": {
                "batsman": 4,
                "extras": 0,
                "total": 4
              }
            }
          },
          {
            "1.4": {
              "batsman": "CA Pujara",
              "bowler": "RP Singh",
              "non_striker": "BJ Hodge",
              "runs": {
                "batsman": 0,
                "extras": 0,
                "total": 0
              }
            }
          },
          {
            "1.5": {
              "batsman": "CA Pujara",
              "bowler": "RP Singh",
              "non_striker": "BJ Hodge",
              "runs": {
                "batsman": 1,
                "extras": 0,
                "total": 1
              }
            }
          },
          {
            "1.6": {
              "batsman": "BJ Hodge",
              "bowler": "RP Singh",
              "non_striker": "CA Pujara",
              "runs": {
                "batsman": 0,
                "extras": 0,
                "total": 0
              }
            }
          },
          {
            "2.1": {
              "batsman": "CA Pujara",
              "bowler": "WPUJC Vaas",
              "non_striker": "BJ Hodge",
              "runs": {
                "batsman": 0,
                "extras": 0,
                "total": 0
              }
            }
          },
          {
            "2.2": {
              "batsman": "CA Pujara",
              "bowler": "WPUJC Vaas",
              "extras": {
                "legbyes": 4
              },
              "non_striker": "BJ Hodge",
              "runs": {
                "batsman": 0,
                "extras": 4,
                "total": 4
              }
            }
          },
          {
            "2.3": {
              "batsman": "CA Pujara",
              "bowler": "WPUJC Vaas",
              "non_striker": "BJ Hodge",
              "runs": {
                "batsman": 4,
                "extras": 0,
                "total": 4
              }
            }
          },
          {
            "2.4": {
              "batsman": "CA Pujara",
              "bowler": "WPUJC Vaas",
              "non_striker": "BJ Hodge",
              "runs": {
                "batsman": 0,
                "extras": 0,
                "total": 0
              }
            }
          },
          {
            "2.5": {
              "batsman": "CA Pujara",
              "bowler": "WPUJC Vaas",
              "non_striker": "BJ Hodge",
              "runs": {
                "batsman": 0,
                "extras": 0,
                "total": 0
              }
            }
          },
          {
            "2.6": {
              "batsman": "CA Pujara",
              "bowler": "WPUJC Vaas",
              "non_striker": "BJ Hodge",
              "runs": {
                "batsman": 0,
                "extras": 0,
                "total": 0
              }
            }
          },
          {
            "3.1": {
              "batsman": "BJ Hodge",
              "bowler": "Jaskaran Singh",
              "extras": {
                "wides": 1
              },
              "non_striker": "CA Pujara",
              "runs": {
                "batsman": 0,
                "extras": 1,
                "total": 1
              }
            }
          },
          {
            "3.2": {
              "batsman": "BJ Hodge",
              "bowler": "Jaskaran Singh",
              "non_striker": "CA Pujara",
              "runs": {
                "batsman": 4,
                "extras": 0,
                "total": 4
              }
            }
          },
          {
            "3.3": {
              "batsman": "BJ Hodge",
              "bowler": "Jaskaran Singh",
              "non_striker": "CA Pujara",
              "runs": {
                "batsman": 1,
                "extras": 0,
                "total": 1
              }
            }
          },
          {
            "3.4": {
              "batsman": "CA Pujara",
              "bowler": "Jaskaran Singh",
              "non_striker": "BJ Hodge",
              "runs": {
                "batsman": 1,
                "extras": 0,
                "total": 1
              }
            }
          },
          {
            "3.5": {
              "batsman": "BJ Hodge",
              "bowler": "Jaskaran Singh",
              "non_striker": "CA Pujara",
              "runs": {
                "batsman": 0,
                "extras": 0,
                "total": 0
              }
            }
          },
          {
            "3.6": {
              "batsman": "BJ Hodge",
              "bowler": "Jaskaran Singh",
              "non_striker": "CA Pujara",
              "runs": {
                "batsman": 1,
                "extras": 0,
                "total": 1
              }
            }
          },
          {
            "3.7": {
              "batsman": "CA Pujara",
              "bowler": "Jaskaran Singh",
              "non_striker": "BJ Hodge",
              "runs": {
                "batsman": 0,
                "extras": 0,
                "total": 0
              }
            }
          },
          {
            "4.1": {
              "batsman": "BJ Hodge",
              "bowler": "RP Singh",
              "extras": {
                "wides": 1
              },
              "non_striker": "CA Pujara",
              "runs": {
                "batsman": 0,
                "extras": 1,
                "total": 1
              }
            }
          },
          {
            "4.2": {
              "batsman": "BJ Hodge",
              "bowler": "RP Singh",
              "non_striker": "CA Pujara",
              "runs": {
                "batsman": 6,
                "extras": 0,
                "total": 6
              }
            }
          },
          {
            "4.3": {
              "batsman": "BJ Hodge",
              "bowler": "RP Singh",
              "extras": {
                "wides": 1
              },
              "non_striker": "CA Pujara",
              "runs": {
                "batsman": 0,
                "extras": 1,
                "total": 1
              }
            }
          },
          {
            "4.4": {
              "batsman": "BJ Hodge",
              "bowler": "RP Singh",
              "non_striker": "CA Pujara",
              "runs": {
                "batsman": 1,
                "extras": 0,
                "total": 1
              }
            }
          },
          {
            "4.5": {
              "batsman": "CA Pujara",
              "bowler": "RP Singh",
              "non_striker": "BJ Hodge",
              "runs": {
                "batsman": 0,
                "extras": 0,
                "total": 0
              }
            }
          },
          {
            "4.6": {
              "batsman": "CA Pujara",
              "bowler": "RP Singh",
              "non_striker": "BJ Hodge",
              "runs": {
                "batsman": 0,
                "extras": 0,
                "total": 0
              },
              "wicket": {
                "fielders": [
                  "PP Ojha"
                ],
                "kind": "caught",
                "player_out": "CA Pujara"
              }
            }
          },
          {
            "4.7": {
              "batsman": "OA Shah",
              "bowler": "RP Singh",
              "non_striker": "BJ Hodge",
              "runs": {
                "batsman": 0,
                "extras": 0,
                "total": 0
              }
            }
          },
          {
            "4.8": {
              "batsman": "OA Shah",
              "bowler": "RP Singh",
              "non_striker": "BJ Hodge",
              "runs": {
                "batsman": 0,
                "extras": 0,
                "total": 0
              }
            }
          },
          {
            "5.1": {
              "batsman": "BJ Hodge",
              "bowler": "Jaskaran Singh",
              "non_striker": "OA Shah",
              "runs": {
                "batsman": 0,
                "extras": 0,
                "total": 0
              },
              "wicket": {
                "fielders": [
                  "HH Gibbs"
                ],
                "kind": "caught",
                "player_out": "BJ Hodge"
              }
            }
          },
          {
            "5.2": {
              "batsman": "AD Mathews",
              "bowler": "Jaskaran Singh",
              "non_striker": "OA Shah",
              "runs": {
                "batsman": 6,
                "extras": 0,
                "total": 6
              }
            }
          },
          {
            "5.3": {
              "batsman": "AD Mathews",
              "bowler": "Jaskaran Singh",
              "non_striker": "OA Shah",
              "runs": {
                "batsman": 0,
                "extras": 0,
                "total": 0
              }
            }
          },
          {
            "5.4": {
              "batsman": "AD Mathews",
              "bowler": "Jaskaran Singh",
              "non_striker": "OA Shah",
              "runs": {
                "batsman": 0,
                "extras": 0,
                "total": 0
              }
            }
          },
          {
            "5.5": {
              "batsman": "AD Mathews",
              "bowler": "Jaskaran Singh",
              "non_striker": "OA Shah",
              "runs": {
                "batsman": 0,
                "extras": 0,
                "total": 0
              }
            }
          },
          {
            "5.6": {
              "batsman": "AD Mathews",
              "bowler": "Jaskaran Singh",
              "non_striker": "OA Shah",
              "runs": {
                "batsman": 1,
                "extras": 0,
                "total": 1
              }
            }
          },
          {
            "6.1": {
              "batsman": "AD Mathews",
              "bowler": "RP Singh",
              "non_striker": "OA Shah",
              "runs": {
                "batsman": 4,
                "extras": 0,
                "total": 4
              }
            }
          },
          {
            "6.2": {
              "batsman": "AD Mathews",
              "bowler": "RP Singh",
              "non_striker": "OA Shah",
              "runs": {
                "batsman": 0,
                "extras": 0,
                "total": 0
              }
            }
          },
          {
            "6.3": {
              "batsman": "AD Mathews",
              "bowler": "RP Singh",
              "non_striker": "OA Shah",
              "runs": {
                "batsman": 1,
                "extras": 0,
                "total": 1
              }
            }
          },
          {
            "6.4": {
              "batsman": "OA Shah",
              "bowler": "RP Singh",
              "non_striker": "AD Mathews",
              "runs": {
                "batsman": 1,
                "extras": 0,
                "total": 1
              }
            }
          },
          {
            "6.5": {
              "batsman": "AD Mathews",
              "bowler": "RP Singh",
              "non_striker": "OA Shah",
              "runs": {
                "batsman": 2,
                "extras": 0,
                "total": 2
              }
            }
          },
          {
            "6.6": {
              "batsman": "AD Mathews",
              "bowler": "RP Singh",
              "non_striker": "OA Shah",
              "runs": {
                "batsman": 0,
                "extras": 0,
                "total": 0
              }
            }
          },
          {
            "7.1": {
              "batsman": "OA Shah",
              "bowler": "PP Ojha",
              "non_striker": "AD Mathews",
              "runs": {
                "batsman": 0,
                "extras": 0,
                "total": 0
              }
            }
          },
          {
            "7.2": {
              "batsman": "OA Shah",
              "bowler": "PP Ojha",
              "non_striker": "AD Mathews",
              "runs": {
                "batsman": 0,
                "extras": 0,
                "total": 0
              }
            }
          },
          {
            "7.3": {
              "batsman": "OA Shah",
              "bowler": "PP Ojha",
              "non_striker": "AD Mathews",
              "runs": {
                "batsman": 2,
                "extras": 0,
                "total": 2
              }
            }
          },
          {
            "7.4": {
              "batsman": "OA Shah",
              "bowler": "PP Ojha",
              "non_striker": "AD Mathews",
              "runs": {
                "batsman": 0,
                "extras": 0,
                "total": 0
              }
            }
          },
          {
            "7.5": {
              "batsman": "OA Shah",
              "bowler": "PP Ojha",
              "non_striker": "AD Mathews",
              "runs": {
                "batsman": 0,
                "extras": 0,
                "total": 0
              }
            }
          },
          {
            "7.6": {
              "batsman": "OA Shah",
              "bowler": "PP Ojha",
              "non_striker": "AD Mathews",
              "runs": {
                "batsman": 1,
                "extras": 0,
                "total": 1
              }
            }
          },
          {
            "8.1": {
              "batsman": "OA Shah",
              "bowler": "A Symonds",
              "non_striker": "AD Mathews",
              "runs": {
                "batsman": 0,
                "extras": 0,
                "total": 0
              }
            }
          },
          {
            "8.2": {
              "batsman": "OA Shah",
              "bowler": "A Symonds",
              "non_striker": "AD Mathews",
              "runs": {
                "batsman": 1,
                "extras": 0,
                "total": 1
              }
            }
          },
          {
            "8.3": {
              "batsman": "AD Mathews",
              "bowler": "A Symonds",
              "non_striker": "OA Shah",
              "runs": {
                "batsman": 2,
                "extras": 0,
                "total": 2
              }
            }
          },
          {
            "8.4": {
              "batsman": "AD Mathews",
              "bowler": "A Symonds",
              "non_striker": "OA Shah",
              "runs": {
                "batsman": 0,
                "extras": 0,
                "total": 0
              }
            }
          },
          {
            "8.5": {
              "batsman": "AD Mathews",
              "bowler": "A Symonds",
              "non_striker": "OA Shah",
              "runs": {
                "batsman": 1,
                "extras": 0,
                "total": 1
              }
            }
          },
          {
            "8.6": {
              "batsman": "OA Shah",
              "bowler": "A Symonds",
              "non_striker": "AD Mathews",
              "runs": {
                "batsman": 2,
                "extras": 0,
                "total": 2
              }
            }
          },
          {
            "9.1": {
              "batsman": "AD Mathews",
              "bowler": "PP Ojha",
              "non_striker": "OA Shah",
              "runs": {
                "batsman": 0,
                "extras": 0,
                "total": 0
              }
            }
          },
          {
            "9.2": {
              "batsman": "AD Mathews",
              "bowler": "PP Ojha",
              "non_striker": "OA Shah",
              "runs": {
                "batsman": 0,
                "extras": 0,
                "total": 0
              }
            }
          },
          {
            "9.3": {
              "batsman": "AD Mathews",
              "bowler": "PP Ojha",
              "non_striker": "OA Shah",
              "runs": {
                "batsman": 1,
                "extras": 0,
                "total": 1
              }
            }
          },
          {
            "9.4": {
              "batsman": "OA Shah",
              "bowler": "PP Ojha",
              "non_striker": "AD Mathews",
              "runs": {
                "batsman": 1,
                "extras": 0,
                "total": 1
              }
            }
          },
          {
            "9.5": {
              "batsman": "AD Mathews",
              "bowler": "PP Ojha",
              "non_striker": "OA Shah",
              "runs": {
                "batsman": 0,
                "extras": 0,
                "total": 0
              }
            }
          },
          {
            "9.6": {
              "batsman": "AD Mathews",
              "bowler": "PP Ojha",
              "non_striker": "OA Shah",
              "runs": {
                "batsman": 0,
                "extras": 0,
                "total": 0
              }
            }
          },
          {
            "10.1": {
              "batsman": "OA Shah",
              "bowler": "A Symonds",
              "non_striker": "AD Mathews",
              "runs": {
                "batsman": 1,
                "extras": 0,
                "total": 1
              }
            }
          },
          {
            "10.2": {
              "batsman": "AD Mathews",
              "bowler": "A Symonds",
              "extras": {
                "legbyes": 1
              },
              "non_striker": "OA Shah",
              "runs": {
                "batsman": 0,
                "extras": 1,
                "total": 1
              }
            }
          },
          {
            "10.3": {
              "batsman": "OA Shah",
              "bowler": "A Symonds",
              "non_striker": "AD Mathews",
              "runs": {
                "batsman": 0,
                "extras": 0,
                "total": 0
              }
            }
          },
          {
            "10.4": {
              "batsman": "OA Shah",
              "bowler": "A Symonds",
              "non_striker": "AD Mathews",
              "runs": {
                "batsman": 0,
                "extras": 0,
                "total": 0
              }
            }
          },
          {
            "10.5": {
              "batsman": "OA Shah",
              "bowler": "A Symonds",
              "non_striker": "AD Mathews",
              "runs": {
                "batsman": 1,
                "extras": 0,
                "total": 1
              }
            }
          },
          {
            "10.6": {
              "batsman": "AD Mathews",
              "bowler": "A Symonds",
              "extras": {
                "wides": 1
              },
              "non_striker": "OA Shah",
              "runs": {
                "batsman": 0,
                "extras": 1,
                "total": 1
              }
            }
          },
          {
            "10.7": {
              "batsman": "AD Mathews",
              "bowler": "A Symonds",
              "non_striker": "OA Shah",
              "runs": {
                "batsman": 0,
                "extras": 0,
                "total": 0
              }
            }
          },
          {
            "11.1": {
              "batsman": "OA Shah",
              "bowler": "Jaskaran Singh",
              "non_striker": "AD Mathews",
              "runs": {
                "batsman": 1,
                "extras": 0,
                "total": 1
              }
            }
          },
          {
            "11.2": {
              "batsman": "AD Mathews",
              "bowler": "Jaskaran Singh",
              "non_striker": "OA Shah",
              "runs": {
                "batsman": 0,
                "extras": 0,
                "total": 0
              }
            }
          },
          {
            "11.3": {
              "batsman": "AD Mathews",
              "bowler": "Jaskaran Singh",
              "non_striker": "OA Shah",
              "runs": {
                "batsman": 0,
                "extras": 0,
                "total": 0
              }
            }
          },
          {
            "11.4": {
              "batsman": "AD Mathews",
              "bowler": "Jaskaran Singh",
              "non_striker": "OA Shah",
              "runs": {
                "batsman": 4,
                "extras": 0,
                "total": 4
              }
            }
          },
          {
            "11.5": {
              "batsman": "AD Mathews",
              "bowler": "Jaskaran Singh",
              "non_striker": "OA Shah",
              "runs": {
                "batsman": 4,
                "extras": 0,
                "total": 4
              }
            }
          },
          {
            "11.6": {
              "batsman": "AD Mathews",
              "bowler": "Jaskaran Singh",
              "non_striker": "OA Shah",
              "runs": {
                "batsman": 1,
                "extras": 0,
                "total": 1
              }
            }
          },
          {
            "12.1": {
              "batsman": "AD Mathews",
              "bowler": "A Symonds",
              "non_striker": "OA Shah",
              "runs": {
                "batsman": 1,
                "extras": 0,
                "total": 1
              }
            }
          },
          {
            "12.2": {
              "batsman": "OA Shah",
              "bowler": "A Symonds",
              "non_striker": "AD Mathews",
              "runs": {
                "batsman": 1,
                "extras": 0,
                "total": 1
              }
            }
          },
          {
            "12.3": {
              "batsman": "AD Mathews",
              "bowler": "A Symonds",
              "non_striker": "OA Shah",
              "runs": {
                "batsman": 1,
                "extras": 0,
                "total": 1
              }
            }
          },
          {
            "12.4": {
              "batsman": "OA Shah",
              "bowler": "A Symonds",
              "non_striker": "AD Mathews",
              "runs": {
                "batsman": 1,
                "extras": 0,
                "total": 1
              }
            }
          },
          {
            "12.5": {
              "batsman": "AD Mathews",
              "bowler": "A Symonds",
              "non_striker": "OA Shah",
              "runs": {
                "batsman": 0,
                "extras": 0,
                "total": 0
              }
            }
          },
          {
            "12.6": {
              "batsman": "AD Mathews",
              "bowler": "A Symonds",
              "extras": {
                "wides": 1
              },
              "non_striker": "OA Shah",
              "runs": {
                "batsman": 0,
                "extras": 1,
                "total": 1
              }
            }
          },
          {
            "12.7": {
              "batsman": "AD Mathews",
              "bowler": "A Symonds",
              "non_striker": "OA Shah",
              "runs": {
                "batsman": 2,
                "extras": 0,
                "total": 2
              }
            }
          },
          {
            "13.1": {
              "batsman": "OA Shah",
              "bowler": "PP Ojha",
              "non_striker": "AD Mathews",
              "runs": {
                "batsman": 1,
                "extras": 0,
                "total": 1
              }
            }
          },
          {
            "13.2": {
              "batsman": "AD Mathews",
              "bowler": "PP Ojha",
              "non_striker": "OA Shah",
              "runs": {
                "batsman": 1,
                "extras": 0,
                "total": 1
              }
            }
          },
          {
            "13.3": {
              "batsman": "OA Shah",
              "bowler": "PP Ojha",
              "non_striker": "AD Mathews",
              "runs": {
                "batsman": 0,
                "extras": 0,
                "total": 0
              }
            }
          },
          {
            "13.4": {
              "batsman": "OA Shah",
              "bowler": "PP Ojha",
              "non_striker": "AD Mathews",
              "runs": {
                "batsman": 0,
                "extras": 0,
                "total": 0
              }
            }
          },
          {
            "13.5": {
              "batsman": "OA Shah",
              "bowler": "PP Ojha",
              "non_striker": "AD Mathews",
              "runs": {
                "batsman": 0,
                "extras": 0,
                "total": 0
              }
            }
          },
          {
            "13.6": {
              "batsman": "OA Shah",
              "bowler": "PP Ojha",
              "non_striker": "AD Mathews",
              "runs": {
                "batsman": 1,
                "extras": 0,
                "total": 1
              }
            }
          },
          {
            "14.1": {
              "batsman": "OA Shah",
              "bowler": "A Symonds",
              "non_striker": "AD Mathews",
              "runs": {
                "batsman": 1,
                "extras": 0,
                "total": 1
              }
            }
          },
          {
            "14.2": {
              "batsman": "AD Mathews",
              "bowler": "A Symonds",
              "non_striker": "OA Shah",
              "runs": {
                "batsman": 1,
                "extras": 0,
                "total": 1
              }
            }
          },
          {
            "14.3": {
              "batsman": "OA Shah",
              "bowler": "A Symonds",
              "non_striker": "AD Mathews",
              "runs": {
                "batsman": 1,
                "extras": 0,
                "total": 1
              }
            }
          },
          {
            "14.4": {
              "batsman": "AD Mathews",
              "bowler": "A Symonds",
              "extras": {
                "legbyes": 1
              },
              "non_striker": "OA Shah",
              "runs": {
                "batsman": 0,
                "extras": 1,
                "total": 1
              }
            }
          },
          {
            "14.5": {
              "batsman": "OA Shah",
              "bowler": "A Symonds",
              "non_striker": "AD Mathews",
              "runs": {
                "batsman": 6,
                "extras": 0,
                "total": 6
              }
            }
          },
          {
            "14.6": {
              "batsman": "OA Shah",
              "bowler": "A Symonds",
              "non_striker": "AD Mathews",
              "runs": {
                "batsman": 1,
                "extras": 0,
                "total": 1
              }
            }
          },
          {
            "15.1": {
              "batsman": "OA Shah",
              "bowler": "PP Ojha",
              "non_striker": "AD Mathews",
              "runs": {
                "batsman": 4,
                "extras": 0,
                "total": 4
              }
            }
          },
          {
            "15.2": {
              "batsman": "OA Shah",
              "bowler": "PP Ojha",
              "non_striker": "AD Mathews",
              "runs": {
                "batsman": 1,
                "extras": 0,
                "total": 1
              }
            }
          },
          {
            "15.3": {
              "batsman": "AD Mathews",
              "bowler": "PP Ojha",
              "non_striker": "OA Shah",
              "runs": {
                "batsman": 0,
                "extras": 0,
                "total": 0
              }
            }
          },
          {
            "15.4": {
              "batsman": "AD Mathews",
              "bowler": "PP Ojha",
              "non_striker": "OA Shah",
              "runs": {
                "batsman": 4,
                "extras": 0,
                "total": 4
              }
            }
          },
          {
            "15.5": {
              "batsman": "AD Mathews",
              "bowler": "PP Ojha",
              "non_striker": "OA Shah",
              "runs": {
                "batsman": 1,
                "extras": 0,
                "total": 1
              }
            }
          },
          {
            "15.6": {
              "batsman": "OA Shah",
              "bowler": "PP Ojha",
              "non_striker": "AD Mathews",
              "runs": {
                "batsman": 1,
                "extras": 0,
                "total": 1
              }
            }
          },
          {
            "16.1": {
              "batsman": "OA Shah",
              "bowler": "WPUJC Vaas",
              "non_striker": "AD Mathews",
              "runs": {
                "batsman": 0,
                "extras": 0,
                "total": 0
              }
            }
          },
          {
            "16.2": {
              "batsman": "OA Shah",
              "bowler": "WPUJC Vaas",
              "non_striker": "AD Mathews",
              "runs": {
                "batsman": 6,
                "extras": 0,
                "total": 6
              }
            }
          },
          {
            "16.3": {
              "batsman": "OA Shah",
              "bowler": "WPUJC Vaas",
              "non_striker": "AD Mathews",
              "runs": {
                "batsman": 4,
                "extras": 0,
                "total": 4
              }
            }
          },
          {
            "16.4": {
              "batsman": "OA Shah",
              "bowler": "WPUJC Vaas",
              "non_striker": "AD Mathews",
              "runs": {
                "batsman": 1,
                "extras": 0,
                "total": 1
              }
            }
          },
          {
            "16.5": {
              "batsman": "AD Mathews",
              "bowler": "WPUJC Vaas",
              "non_striker": "OA Shah",
              "runs": {
                "batsman": 6,
                "extras": 0,
                "total": 6
              }
            }
          },
          {
            "16.6": {
              "batsman": "AD Mathews",
              "bowler": "WPUJC Vaas",
              "non_striker": "OA Shah",
              "runs": {
                "batsman": 1,
                "extras": 0,
                "total": 1
              }
            }
          },
          {
            "17.1": {
              "batsman": "AD Mathews",
              "bowler": "TL Suman",
              "non_striker": "OA Shah",
              "runs": {
                "batsman": 6,
                "extras": 0,
                "total": 6
              }
            }
          },
          {
            "17.2": {
              "batsman": "AD Mathews",
              "bowler": "TL Suman",
              "extras": {
                "noballs": 1
              },
              "non_striker": "OA Shah",
              "runs": {
                "batsman": 1,
                "extras": 1,
                "total": 2
              }
            }
          },
          {
            "17.3": {
              "batsman": "OA Shah",
              "bowler": "TL Suman",
              "non_striker": "AD Mathews",
              "runs": {
                "batsman": 1,
                "extras": 0,
                "total": 1
              }
            }
          },
          {
            "17.4": {
              "batsman": "AD Mathews",
              "bowler": "TL Suman",
              "non_striker": "OA Shah",
              "runs": {
                "batsman": 1,
                "extras": 0,
                "total": 1
              }
            }
          },
          {
            "17.5": {
              "batsman": "OA Shah",
              "bowler": "TL Suman",
              "non_striker": "AD Mathews",
              "runs": {
                "batsman": 0,
                "extras": 0,
                "total": 0
              }
            }
          },
          {
            "17.6": {
              "batsman": "OA Shah",
              "bowler": "TL Suman",
              "non_striker": "AD Mathews",
              "runs": {
                "batsman": 2,
                "extras": 0,
                "total": 2
              }
            }
          },
          {
            "17.7": {
              "batsman": "OA Shah",
              "bowler": "TL Suman",
              "non_striker": "AD Mathews",
              "runs": {
                "batsman": 4,
                "extras": 0,
                "total": 4
              }
            }
          },
          {
            "18.1": {
              "batsman": "AD Mathews",
              "bowler": "RP Singh",
              "non_striker": "OA Shah",
              "runs": {
                "batsman": 4,
                "extras": 0,
                "total": 4
              }
            }
          },
          {
            "18.2": {
              "batsman": "AD Mathews",
              "bowler": "RP Singh",
              "non_striker": "OA Shah",
              "runs": {
                "batsman": 6,
                "extras": 0,
                "total": 6
              }
            }
          },
          {
            "18.3": {
              "batsman": "AD Mathews",
              "bowler": "RP Singh",
              "non_striker": "OA Shah",
              "runs": {
                "batsman": 0,
                "extras": 0,
                "total": 0
              }
            }
          },
          {
            "18.4": {
              "batsman": "AD Mathews",
              "bowler": "RP Singh",
              "non_striker": "OA Shah",
              "runs": {
                "batsman": 1,
                "extras": 0,
                "total": 1
              }
            }
          },
          {
            "18.5": {
              "batsman": "OA Shah",
              "bowler": "RP Singh",
              "non_striker": "AD Mathews",
              "runs": {
                "batsman": 1,
                "extras": 0,
                "total": 1
              }
            }
          },
          {
            "18.6": {
              "batsman": "AD Mathews",
              "bowler": "RP Singh",
              "extras": {
                "wides": 1
              },
              "non_striker": "OA Shah",
              "runs": {
                "batsman": 0,
                "extras": 1,
                "total": 1
              }
            }
          },
          {
            "18.7": {
              "batsman": "AD Mathews",
              "bowler": "RP Singh",
              "non_striker": "OA Shah",
              "runs": {
                "batsman": 0,
                "extras": 0,
                "total": 0
              }
            }
          },
          {
            "19.1": {
              "batsman": "OA Shah",
              "bowler": "Jaskaran Singh",
              "non_striker": "AD Mathews",
              "runs": {
                "batsman": 0,
                "extras": 0,
                "total": 0
              }
            }
          },
          {
            "19.2": {
              "batsman": "OA Shah",
              "bowler": "Jaskaran Singh",
              "non_striker": "AD Mathews",
              "runs": {
                "batsman": 1,
                "extras": 0,
                "total": 1
              }
            }
          },
          {
            "19.3": {
              "batsman": "AD Mathews",
              "bowler": "Jaskaran Singh",
              "non_striker": "OA Shah",
              "runs": {
                "batsman": 1,
                "extras": 0,
                "total": 1
              }
            }
          },
          {
            "19.4": {
              "batsman": "OA Shah",
              "bowler": "Jaskaran Singh",
              "non_striker": "AD Mathews",
              "runs": {
                "batsman": 6,
                "extras": 0,
                "total": 6
              }
            }
          },
          {
            "19.5": {
              "batsman": "OA Shah",
              "bowler": "Jaskaran Singh",
              "non_striker": "AD Mathews",
              "runs": {
                "batsman": 2,
                "extras": 0,
                "total": 2
              }
            }
          },
          {
            "19.6": {
              "batsman": "OA Shah",
              "bowler": "Jaskaran Singh",
              "extras": {
                "legbyes": 1
              },
              "non_striker": "AD Mathews",
              "runs": {
                "batsman": 0,
                "extras": 1,
                "total": 1
              }
            }
          }
        ]
      }
    },
    {
      "2nd innings": {
        "team": "Deccan Chargers",
        "deliveries": [
          {
            "0.1": {
              "batsman": "AC Gilchrist",
              "bowler": "CK Langeveldt",
              "non_striker": "VVS Laxman",
              "runs": {
                "batsman": 0,
                "extras": 0,
                "total": 0
              }
            }
          },
          {
            "0.2": {
              "batsman": "AC Gilchrist",
              "bowler": "CK Langeveldt",
              "extras": {
                "wides": 1
              },
              "non_striker": "VVS Laxman",
              "runs": {
                "batsman": 0,
                "extras": 1,
                "total": 1
              }
            }
          },
          {
            "0.3": {
              "batsman": "AC Gilchrist",
              "bowler": "CK Langeveldt",
              "extras": {
                "wides": 1
              },
              "non_striker": "VVS Laxman",
              "runs": {
                "batsman": 0,
                "extras": 1,
                "total": 1
              }
            }
          },
          {
            "0.4": {
              "batsman": "AC Gilchrist",
              "bowler": "CK Langeveldt",
              "non_striker": "VVS Laxman",
              "runs": {
                "batsman": 1,
                "extras": 0,
                "total": 1
              }
            }
          },
          {
            "0.5": {
              "batsman": "VVS Laxman",
              "bowler": "CK Langeveldt",
              "non_striker": "AC Gilchrist",
              "runs": {
                "batsman": 0,
                "extras": 0,
                "total": 0
              }
            }
          },
          {
            "0.6": {
              "batsman": "VVS Laxman",
              "bowler": "CK Langeveldt",
              "non_striker": "AC Gilchrist",
              "runs": {
                "batsman": 1,
                "extras": 0,
                "total": 1
              }
            }
          },
          {
            "0.7": {
              "batsman": "AC Gilchrist",
              "bowler": "CK Langeveldt",
              "non_striker": "VVS Laxman",
              "runs": {
                "batsman": 0,
                "extras": 0,
                "total": 0
              }
            }
          },
          {
            "0.8": {
              "batsman": "AC Gilchrist",
              "bowler": "CK Langeveldt",
              "non_striker": "VVS Laxman",
              "runs": {
                "batsman": 1,
                "extras": 0,
                "total": 1
              }
            }
          },
          {
            "1.1": {
              "batsman": "AC Gilchrist",
              "bowler": "I Sharma",
              "non_striker": "VVS Laxman",
              "runs": {
                "batsman": 0,
                "extras": 0,
                "total": 0
              }
            }
          },
          {
            "1.2": {
              "batsman": "AC Gilchrist",
              "bowler": "I Sharma",
              "extras": {
                "wides": 1
              },
              "non_striker": "VVS Laxman",
              "runs": {
                "batsman": 0,
                "extras": 1,
                "total": 1
              }
            }
          },
          {
            "1.3": {
              "batsman": "AC Gilchrist",
              "bowler": "I Sharma",
              "non_striker": "VVS Laxman",
              "runs": {
                "batsman": 1,
                "extras": 0,
                "total": 1
              }
            }
          },
          {
            "1.4": {
              "batsman": "VVS Laxman",
              "bowler": "I Sharma",
              "non_striker": "AC Gilchrist",
              "runs": {
                "batsman": 0,
                "extras": 0,
                "total": 0
              }
            }
          },
          {
            "1.5": {
              "batsman": "VVS Laxman",
              "bowler": "I Sharma",
              "non_striker": "AC Gilchrist",
              "runs": {
                "batsman": 1,
                "extras": 0,
                "total": 1
              }
            }
          },
          {
            "1.6": {
              "batsman": "AC Gilchrist",
              "bowler": "I Sharma",
              "non_striker": "VVS Laxman",
              "runs": {
                "batsman": 4,
                "extras": 0,
                "total": 4
              }
            }
          },
          {
            "1.7": {
              "batsman": "AC Gilchrist",
              "bowler": "I Sharma",
              "non_striker": "VVS Laxman",
              "runs": {
                "batsman": 4,
                "extras": 0,
                "total": 4
              }
            }
          },
          {
            "2.1": {
              "batsman": "VVS Laxman",
              "bowler": "CK Langeveldt",
              "non_striker": "AC Gilchrist",
              "runs": {
                "batsman": 0,
                "extras": 0,
                "total": 0
              }
            }
          },
          {
            "2.2": {
              "batsman": "VVS Laxman",
              "bowler": "CK Langeveldt",
              "non_striker": "AC Gilchrist",
              "runs": {
                "batsman": 4,
                "extras": 0,
                "total": 4
              }
            }
          },
          {
            "2.3": {
              "batsman": "VVS Laxman",
              "bowler": "CK Langeveldt",
              "non_striker": "AC Gilchrist",
              "runs": {
                "batsman": 1,
                "extras": 0,
                "total": 1
              }
            }
          },
          {
            "2.4": {
              "batsman": "AC Gilchrist",
              "bowler": "CK Langeveldt",
              "non_striker": "VVS Laxman",
              "runs": {
                "batsman": 2,
                "extras": 0,
                "total": 2
              }
            }
          },
          {
            "2.5": {
              "batsman": "AC Gilchrist",
              "bowler": "CK Langeveldt",
              "non_striker": "VVS Laxman",
              "runs": {
                "batsman": 2,
                "extras": 0,
                "total": 2
              }
            }
          },
          {
            "2.6": {
              "batsman": "AC Gilchrist",
              "bowler": "CK Langeveldt",
              "non_striker": "VVS Laxman",
              "runs": {
                "batsman": 6,
                "extras": 0,
                "total": 6
              }
            }
          },
          {
            "3.1": {
              "batsman": "VVS Laxman",
              "bowler": "I Sharma",
              "non_striker": "AC Gilchrist",
              "runs": {
                "batsman": 4,
                "extras": 0,
                "total": 4
              }
            }
          },
          {
            "3.2": {
              "batsman": "VVS Laxman",
              "bowler": "I Sharma",
              "non_striker": "AC Gilchrist",
              "runs": {
                "batsman": 2,
                "extras": 0,
                "total": 2
              }
            }
          },
          {
            "3.3": {
              "batsman": "VVS Laxman",
              "bowler": "I Sharma",
              "non_striker": "AC Gilchrist",
              "runs": {
                "batsman": 1,
                "extras": 0,
                "total": 1
              }
            }
          },
          {
            "3.4": {
              "batsman": "AC Gilchrist",
              "bowler": "I Sharma",
              "non_striker": "VVS Laxman",
              "runs": {
                "batsman": 1,
                "extras": 0,
                "total": 1
              }
            }
          },
          {
            "3.5": {
              "batsman": "VVS Laxman",
              "bowler": "I Sharma",
              "non_striker": "AC Gilchrist",
              "runs": {
                "batsman": 1,
                "extras": 0,
                "total": 1
              }
            }
          },
          {
            "3.6": {
              "batsman": "AC Gilchrist",
              "bowler": "I Sharma",
              "non_striker": "VVS Laxman",
              "runs": {
                "batsman": 0,
                "extras": 0,
                "total": 0
              }
            }
          },
          {
            "4.1": {
              "batsman": "VVS Laxman",
              "bowler": "LR Shukla",
              "non_striker": "AC Gilchrist",
              "runs": {
                "batsman": 1,
                "extras": 0,
                "total": 1
              }
            }
          },
          {
            "4.2": {
              "batsman": "AC Gilchrist",
              "bowler": "LR Shukla",
              "non_striker": "VVS Laxman",
              "runs": {
                "batsman": 0,
                "extras": 0,
                "total": 0
              }
            }
          },
          {
            "4.3": {
              "batsman": "AC Gilchrist",
              "bowler": "LR Shukla",
              "non_striker": "VVS Laxman",
              "runs": {
                "batsman": 6,
                "extras": 0,
                "total": 6
              }
            }
          },
          {
            "4.4": {
              "batsman": "AC Gilchrist",
              "bowler": "LR Shukla",
              "non_striker": "VVS Laxman",
              "runs": {
                "batsman": 2,
                "extras": 0,
                "total": 2
              }
            }
          },
          {
            "4.5": {
              "batsman": "AC Gilchrist",
              "bowler": "LR Shukla",
              "non_striker": "VVS Laxman",
              "runs": {
                "batsman": 1,
                "extras": 0,
                "total": 1
              }
            }
          },
          {
            "4.6": {
              "batsman": "VVS Laxman",
              "bowler": "LR Shukla",
              "non_striker": "AC Gilchrist",
              "runs": {
                "batsman": 6,
                "extras": 0,
                "total": 6
              }
            }
          },
          {
            "5.1": {
              "batsman": "AC Gilchrist",
              "bowler": "M Kartik",
              "non_striker": "VVS Laxman",
              "runs": {
                "batsman": 0,
                "extras": 0,
                "total": 0
              }
            }
          },
          {
            "5.2": {
              "batsman": "AC Gilchrist",
              "bowler": "M Kartik",
              "non_striker": "VVS Laxman",
              "runs": {
                "batsman": 0,
                "extras": 0,
                "total": 0
              }
            }
          },
          {
            "5.3": {
              "batsman": "AC Gilchrist",
              "bowler": "M Kartik",
              "non_striker": "VVS Laxman",
              "runs": {
                "batsman": 4,
                "extras": 0,
                "total": 4
              }
            }
          },
          {
            "5.4": {
              "batsman": "AC Gilchrist",
              "bowler": "M Kartik",
              "non_striker": "VVS Laxman",
              "runs": {
                "batsman": 1,
                "extras": 0,
                "total": 1
              }
            }
          },
          {
            "5.5": {
              "batsman": "VVS Laxman",
              "bowler": "M Kartik",
              "non_striker": "AC Gilchrist",
              "runs": {
                "batsman": 0,
                "extras": 0,
                "total": 0
              },
              "wicket": {
                "kind": "caught and bowled",
                "player_out": "VVS Laxman"
              }
            }
          },
          {
            "5.6": {
              "batsman": "AC Gilchrist",
              "bowler": "M Kartik",
              "non_striker": "HH Gibbs",
              "runs": {
                "batsman": 1,
                "extras": 0,
                "total": 1
              }
            }
          },
          {
            "6.1": {
              "batsman": "AC Gilchrist",
              "bowler": "AD Mathews",
              "non_striker": "HH Gibbs",
              "runs": {
                "batsman": 1,
                "extras": 0,
                "total": 1
              }
            }
          },
          {
            "6.2": {
              "batsman": "HH Gibbs",
              "bowler": "AD Mathews",
              "extras": {
                "noballs": 1
              },
              "non_striker": "AC Gilchrist",
              "runs": {
                "batsman": 0,
                "extras": 1,
                "total": 1
              }
            }
          },
          {
            "6.3": {
              "batsman": "HH Gibbs",
              "bowler": "AD Mathews",
              "non_striker": "AC Gilchrist",
              "runs": {
                "batsman": 0,
                "extras": 0,
                "total": 0
              }
            }
          },
          {
            "6.4": {
              "batsman": "HH Gibbs",
              "bowler": "AD Mathews",
              "non_striker": "AC Gilchrist",
              "runs": {
                "batsman": 1,
                "extras": 0,
                "total": 1
              }
            }
          },
          {
            "6.5": {
              "batsman": "AC Gilchrist",
              "bowler": "AD Mathews",
              "non_striker": "HH Gibbs",
              "runs": {
                "batsman": 1,
                "extras": 0,
                "total": 1
              }
            }
          },
          {
            "6.6": {
              "batsman": "HH Gibbs",
              "bowler": "AD Mathews",
              "non_striker": "AC Gilchrist",
              "runs": {
                "batsman": 0,
                "extras": 0,
                "total": 0
              }
            }
          },
          {
            "6.7": {
              "batsman": "HH Gibbs",
              "bowler": "AD Mathews",
              "non_striker": "AC Gilchrist",
              "runs": {
                "batsman": 1,
                "extras": 0,
                "total": 1
              }
            }
          },
          {
            "7.1": {
              "batsman": "HH Gibbs",
              "bowler": "M Kartik",
              "non_striker": "AC Gilchrist",
              "runs": {
                "batsman": 2,
                "extras": 0,
                "total": 2
              }
            }
          },
          {
            "7.2": {
              "batsman": "HH Gibbs",
              "bowler": "M Kartik",
              "extras": {
                "legbyes": 1
              },
              "non_striker": "AC Gilchrist",
              "runs": {
                "batsman": 0,
                "extras": 1,
                "total": 1
              }
            }
          },
          {
            "7.3": {
              "batsman": "AC Gilchrist",
              "bowler": "M Kartik",
              "non_striker": "HH Gibbs",
              "runs": {
                "batsman": 1,
                "extras": 0,
                "total": 1
              }
            }
          },
          {
            "7.4": {
              "batsman": "HH Gibbs",
              "bowler": "M Kartik",
              "non_striker": "AC Gilchrist",
              "runs": {
                "batsman": 0,
                "extras": 0,
                "total": 0
              }
            }
          },
          {
            "7.5": {
              "batsman": "HH Gibbs",
              "bowler": "M Kartik",
              "non_striker": "AC Gilchrist",
              "runs": {
                "batsman": 0,
                "extras": 0,
                "total": 0
              }
            }
          },
          {
            "7.6": {
              "batsman": "HH Gibbs",
              "bowler": "M Kartik",
              "non_striker": "AC Gilchrist",
              "runs": {
                "batsman": 0,
                "extras": 0,
                "total": 0
              }
            }
          },
          {
            "8.1": {
              "batsman": "AC Gilchrist",
              "bowler": "AD Mathews",
              "extras": {
                "wides": 1
              },
              "non_striker": "HH Gibbs",
              "runs": {
                "batsman": 0,
                "extras": 1,
                "total": 1
              }
            }
          },
          {
            "8.2": {
              "batsman": "AC Gilchrist",
              "bowler": "AD Mathews",
              "non_striker": "HH Gibbs",
              "runs": {
                "batsman": 1,
                "extras": 0,
                "total": 1
              }
            }
          },
          {
            "8.3": {
              "batsman": "HH Gibbs",
              "bowler": "AD Mathews",
              "non_striker": "AC Gilchrist",
              "runs": {
                "batsman": 0,
                "extras": 0,
                "total": 0
              }
            }
          },
          {
            "8.4": {
              "batsman": "HH Gibbs",
              "bowler": "AD Mathews",
              "non_striker": "AC Gilchrist",
              "runs": {
                "batsman": 1,
                "extras": 0,
                "total": 1
              }
            }
          },
          {
            "8.5": {
              "batsman": "AC Gilchrist",
              "bowler": "AD Mathews",
              "non_striker": "HH Gibbs",
              "runs": {
                "batsman": 1,
                "extras": 0,
                "total": 1
              }
            }
          },
          {
            "8.6": {
              "batsman": "HH Gibbs",
              "bowler": "AD Mathews",
              "non_striker": "AC Gilchrist",
              "runs": {
                "batsman": 1,
                "extras": 0,
                "total": 1
              }
            }
          },
          {
            "8.7": {
              "batsman": "AC Gilchrist",
              "bowler": "AD Mathews",
              "non_striker": "HH Gibbs",
              "runs": {
                "batsman": 1,
                "extras": 0,
                "total": 1
              }
            }
          },
          {
            "9.1": {
              "batsman": "AC Gilchrist",
              "bowler": "BJ Hodge",
              "non_striker": "HH Gibbs",
              "runs": {
                "batsman": 1,
                "extras": 0,
                "total": 1
              }
            }
          },
          {
            "9.2": {
              "batsman": "HH Gibbs",
              "bowler": "BJ Hodge",
              "non_striker": "AC Gilchrist",
              "runs": {
                "batsman": 1,
                "extras": 0,
                "total": 1
              }
            }
          },
          {
            "9.3": {
              "batsman": "AC Gilchrist",
              "bowler": "BJ Hodge",
              "non_striker": "HH Gibbs",
              "runs": {
                "batsman": 6,
                "extras": 0,
                "total": 6
              }
            }
          },
          {
            "9.4": {
              "batsman": "AC Gilchrist",
              "bowler": "BJ Hodge",
              "non_striker": "HH Gibbs",
              "runs": {
                "batsman": 2,
                "extras": 0,
                "total": 2
              }
            }
          },
          {
            "9.5": {
              "batsman": "AC Gilchrist",
              "bowler": "BJ Hodge",
              "non_striker": "HH Gibbs",
              "runs": {
                "batsman": 1,
                "extras": 0,
                "total": 1
              }
            }
          },
          {
            "9.6": {
              "batsman": "HH Gibbs",
              "bowler": "BJ Hodge",
              "non_striker": "AC Gilchrist",
              "runs": {
                "batsman": 0,
                "extras": 0,
                "total": 0
              }
            }
          },
          {
            "10.1": {
              "batsman": "AC Gilchrist",
              "bowler": "AD Mathews",
              "non_striker": "HH Gibbs",
              "runs": {
                "batsman": 0,
                "extras": 0,
                "total": 0
              }
            }
          },
          {
            "10.2": {
              "batsman": "AC Gilchrist",
              "bowler": "AD Mathews",
              "non_striker": "HH Gibbs",
              "runs": {
                "batsman": 1,
                "extras": 0,
                "total": 1
              }
            }
          },
          {
            "10.3": {
              "batsman": "HH Gibbs",
              "bowler": "AD Mathews",
              "non_striker": "AC Gilchrist",
              "runs": {
                "batsman": 4,
                "extras": 0,
                "total": 4
              }
            }
          },
          {
            "10.4": {
              "batsman": "HH Gibbs",
              "bowler": "AD Mathews",
              "non_striker": "AC Gilchrist",
              "runs": {
                "batsman": 0,
                "extras": 0,
                "total": 0
              }
            }
          },
          {
            "10.5": {
              "batsman": "HH Gibbs",
              "bowler": "AD Mathews",
              "non_striker": "AC Gilchrist",
              "runs": {
                "batsman": 4,
                "extras": 0,
                "total": 4
              }
            }
          },
          {
            "10.6": {
              "batsman": "HH Gibbs",
              "bowler": "AD Mathews",
              "non_striker": "AC Gilchrist",
              "runs": {
                "batsman": 2,
                "extras": 0,
                "total": 2
              }
            }
          },
          {
            "11.1": {
              "batsman": "AC Gilchrist",
              "bowler": "BJ Hodge",
              "non_striker": "HH Gibbs",
              "runs": {
                "batsman": 0,
                "extras": 0,
                "total": 0
              },
              "wicket": {
                "fielders": [
                  "MK Tiwary"
                ],
                "kind": "caught",
                "player_out": "AC Gilchrist"
              }
            }
          },
          {
            "11.2": {
              "batsman": "HH Gibbs",
              "bowler": "BJ Hodge",
              "non_striker": "A Symonds",
              "runs": {
                "batsman": 1,
                "extras": 0,
                "total": 1
              }
            }
          },
          {
            "11.3": {
              "batsman": "A Symonds",
              "bowler": "BJ Hodge",
              "non_striker": "HH Gibbs",
              "runs": {
                "batsman": 0,
                "extras": 0,
                "total": 0
              }
            }
          },
          {
            "11.4": {
              "batsman": "A Symonds",
              "bowler": "BJ Hodge",
              "non_striker": "HH Gibbs",
              "runs": {
                "batsman": 1,
                "extras": 0,
                "total": 1
              }
            }
          },
          {
            "11.5": {
              "batsman": "HH Gibbs",
              "bowler": "BJ Hodge",
              "non_striker": "A Symonds",
              "runs": {
                "batsman": 0,
                "extras": 0,
                "total": 0
              }
            }
          },
          {
            "11.6": {
              "batsman": "HH Gibbs",
              "bowler": "BJ Hodge",
              "non_striker": "A Symonds",
              "runs": {
                "batsman": 1,
                "extras": 0,
                "total": 1
              }
            }
          },
          {
            "12.1": {
              "batsman": "HH Gibbs",
              "bowler": "CK Langeveldt",
              "non_striker": "A Symonds",
              "runs": {
                "batsman": 0,
                "extras": 0,
                "total": 0
              }
            }
          },
          {
            "12.2": {
              "batsman": "HH Gibbs",
              "bowler": "CK Langeveldt",
              "non_striker": "A Symonds",
              "runs": {
                "batsman": 0,
                "extras": 0,
                "total": 0
              },
              "wicket": {
                "fielders": [
                  "AD Mathews"
                ],
                "kind": "caught",
                "player_out": "HH Gibbs"
              }
            }
          },
          {
            "12.3": {
              "batsman": "A Symonds",
              "bowler": "CK Langeveldt",
              "extras": {
                "byes": 4
              },
              "non_striker": "RG Sharma",
              "runs": {
                "batsman": 0,
                "extras": 4,
                "total": 4
              }
            }
          },
          {
            "12.4": {
              "batsman": "A Symonds",
              "bowler": "CK Langeveldt",
              "non_striker": "RG Sharma",
              "runs": {
                "batsman": 1,
                "extras": 0,
                "total": 1
              }
            }
          },
          {
            "12.5": {
              "batsman": "RG Sharma",
              "bowler": "CK Langeveldt",
              "non_striker": "A Symonds",
              "runs": {
                "batsman": 1,
                "extras": 0,
                "total": 1
              }
            }
          },
          {
            "12.6": {
              "batsman": "A Symonds",
              "bowler": "CK Langeveldt",
              "non_striker": "RG Sharma",
              "runs": {
                "batsman": 0,
                "extras": 0,
                "total": 0
              }
            }
          },
          {
            "13.1": {
              "batsman": "RG Sharma",
              "bowler": "M Kartik",
              "non_striker": "A Symonds",
              "runs": {
                "batsman": 0,
                "extras": 0,
                "total": 0
              }
            }
          },
          {
            "13.2": {
              "batsman": "RG Sharma",
              "bowler": "M Kartik",
              "non_striker": "A Symonds",
              "runs": {
                "batsman": 1,
                "extras": 0,
                "total": 1
              }
            }
          },
          {
            "13.3": {
              "batsman": "A Symonds",
              "bowler": "M Kartik",
              "non_striker": "RG Sharma",
              "runs": {
                "batsman": 0,
                "extras": 0,
                "total": 0
              }
            }
          },
          {
            "13.4": {
              "batsman": "A Symonds",
              "bowler": "M Kartik",
              "non_striker": "RG Sharma",
              "runs": {
                "batsman": 2,
                "extras": 0,
                "total": 2
              }
            }
          },
          {
            "13.5": {
              "batsman": "A Symonds",
              "bowler": "M Kartik",
              "non_striker": "RG Sharma",
              "runs": {
                "batsman": 1,
                "extras": 0,
                "total": 1
              }
            }
          },
          {
            "13.6": {
              "batsman": "RG Sharma",
              "bowler": "M Kartik",
              "non_striker": "A Symonds",
              "runs": {
                "batsman": 4,
                "extras": 0,
                "total": 4
              }
            }
          },
          {
            "14.1": {
              "batsman": "A Symonds",
              "bowler": "I Sharma",
              "non_striker": "RG Sharma",
              "runs": {
                "batsman": 0,
                "extras": 0,
                "total": 0
              },
              "wicket": {
                "fielders": [
                  "SC Ganguly"
                ],
                "kind": "caught",
                "player_out": "A Symonds"
              }
            }
          },
          {
            "14.2": {
              "batsman": "RG Sharma",
              "bowler": "I Sharma",
              "non_striker": "Anirudh Singh",
              "runs": {
                "batsman": 0,
                "extras": 0,
                "total": 0
              }
            }
          },
          {
            "14.3": {
              "batsman": "RG Sharma",
              "bowler": "I Sharma",
              "non_striker": "Anirudh Singh",
              "runs": {
                "batsman": 1,
                "extras": 0,
                "total": 1
              }
            }
          },
          {
            "14.4": {
              "batsman": "Anirudh Singh",
              "bowler": "I Sharma",
              "non_striker": "RG Sharma",
              "runs": {
                "batsman": 1,
                "extras": 0,
                "total": 1
              }
            }
          },
          {
            "14.5": {
              "batsman": "RG Sharma",
              "bowler": "I Sharma",
              "non_striker": "Anirudh Singh",
              "runs": {
                "batsman": 0,
                "extras": 0,
                "total": 0
              }
            }
          },
          {
            "14.6": {
              "batsman": "RG Sharma",
              "bowler": "I Sharma",
              "non_striker": "Anirudh Singh",
              "runs": {
                "batsman": 4,
                "extras": 0,
                "total": 4
              }
            }
          },
          {
            "15.1": {
              "batsman": "Anirudh Singh",
              "bowler": "LR Shukla",
              "non_striker": "RG Sharma",
              "runs": {
                "batsman": 0,
                "extras": 0,
                "total": 0
              }
            }
          },
          {
            "15.2": {
              "batsman": "Anirudh Singh",
              "bowler": "LR Shukla",
              "non_striker": "RG Sharma",
              "runs": {
                "batsman": 1,
                "extras": 0,
                "total": 1
              }
            }
          },
          {
            "15.3": {
              "batsman": "RG Sharma",
              "bowler": "LR Shukla",
              "non_striker": "Anirudh Singh",
              "runs": {
                "batsman": 1,
                "extras": 0,
                "total": 1
              }
            }
          },
          {
            "15.4": {
              "batsman": "Anirudh Singh",
              "bowler": "LR Shukla",
              "non_striker": "RG Sharma",
              "runs": {
                "batsman": 2,
                "extras": 0,
                "total": 2
              }
            }
          },
          {
            "15.5": {
              "batsman": "Anirudh Singh",
              "bowler": "LR Shukla",
              "non_striker": "RG Sharma",
              "runs": {
                "batsman": 1,
                "extras": 0,
                "total": 1
              }
            }
          },
          {
            "15.6": {
              "batsman": "RG Sharma",
              "bowler": "LR Shukla",
              "non_striker": "Anirudh Singh",
              "runs": {
                "batsman": 1,
                "extras": 0,
                "total": 1
              }
            }
          },
          {
            "16.1": {
              "batsman": "RG Sharma",
              "bowler": "AD Mathews",
              "non_striker": "Anirudh Singh",
              "runs": {
                "batsman": 0,
                "extras": 0,
                "total": 0
              }
            }
          },
          {
            "16.2": {
              "batsman": "RG Sharma",
              "bowler": "AD Mathews",
              "non_striker": "Anirudh Singh",
              "runs": {
                "batsman": 0,
                "extras": 0,
                "total": 0
              },
              "wicket": {
                "fielders": [
                  "BJ Hodge"
                ],
                "kind": "caught",
                "player_out": "RG Sharma"
              }
            }
          },
          {
            "16.3": {
              "batsman": "Anirudh Singh",
              "bowler": "AD Mathews",
              "non_striker": "TL Suman",
              "runs": {
                "batsman": 0,
                "extras": 0,
                "total": 0
              }
            }
          },
          {
            "16.4": {
              "batsman": "Anirudh Singh",
              "bowler": "AD Mathews",
              "non_striker": "TL Suman",
              "runs": {
                "batsman": 0,
                "extras": 0,
                "total": 0
              }
            }
          },
          {
            "16.5": {
              "batsman": "Anirudh Singh",
              "bowler": "AD Mathews",
              "non_striker": "TL Suman",
              "runs": {
                "batsman": 1,
                "extras": 0,
                "total": 1
              }
            }
          },
          {
            "16.6": {
              "batsman": "TL Suman",
              "bowler": "AD Mathews",
              "non_striker": "Anirudh Singh",
              "runs": {
                "batsman": 4,
                "extras": 0,
                "total": 4
              }
            }
          },
          {
            "17.1": {
              "batsman": "Anirudh Singh",
              "bowler": "LR Shukla",
              "non_striker": "TL Suman",
              "runs": {
                "batsman": 0,
                "extras": 0,
                "total": 0
              }
            }
          },
          {
            "17.2": {
              "batsman": "Anirudh Singh",
              "bowler": "LR Shukla",
              "non_striker": "TL Suman",
              "runs": {
                "batsman": 2,
                "extras": 0,
                "total": 2
              }
            }
          },
          {
            "17.3": {
              "batsman": "Anirudh Singh",
              "bowler": "LR Shukla",
              "non_striker": "TL Suman",
              "runs": {
                "batsman": 2,
                "extras": 0,
                "total": 2
              }
            }
          },
          {
            "17.4": {
              "batsman": "Anirudh Singh",
              "bowler": "LR Shukla",
              "non_striker": "TL Suman",
              "runs": {
                "batsman": 0,
                "extras": 0,
                "total": 0
              }
            }
          },
          {
            "17.5": {
              "batsman": "Anirudh Singh",
              "bowler": "LR Shukla",
              "non_striker": "TL Suman",
              "runs": {
                "batsman": 4,
                "extras": 0,
                "total": 4
              }
            }
          },
          {
            "17.6": {
              "batsman": "Anirudh Singh",
              "bowler": "LR Shukla",
              "non_striker": "TL Suman",
              "runs": {
                "batsman": 0,
                "extras": 0,
                "total": 0
              },
              "wicket": {
                "kind": "caught and bowled",
                "player_out": "Anirudh Singh"
              }
            }
          },
          {
            "18.1": {
              "batsman": "TL Suman",
              "bowler": "CK Langeveldt",
              "non_striker": "WPUJC Vaas",
              "runs": {
                "batsman": 0,
                "extras": 0,
                "total": 0
              }
            }
          },
          {
            "18.2": {
              "batsman": "TL Suman",
              "bowler": "CK Langeveldt",
              "non_striker": "WPUJC Vaas",
              "runs": {
                "batsman": 1,
                "extras": 0,
                "total": 1
              }
            }
          },
          {
            "18.3": {
              "batsman": "WPUJC Vaas",
              "bowler": "CK Langeveldt",
              "non_striker": "TL Suman",
              "runs": {
                "batsman": 0,
                "extras": 0,
                "total": 0
              },
              "wicket": {
                "kind": "bowled",
                "player_out": "WPUJC Vaas"
              }
            }
          },
          {
            "18.4": {
              "batsman": "Jaskaran Singh",
              "bowler": "CK Langeveldt",
              "non_striker": "TL Suman",
              "runs": {
                "batsman": 0,
                "extras": 0,
                "total": 0
              }
            }
          },
          {
            "18.5": {
              "batsman": "Jaskaran Singh",
              "bowler": "CK Langeveldt",
              "non_striker": "TL Suman",
              "runs": {
                "batsman": 1,
                "extras": 0,
                "total": 1
              }
            }
          },
          {
            "18.6": {
              "batsman": "TL Suman",
              "bowler": "CK Langeveldt",
              "extras": {
                "wides": 1
              },
              "non_striker": "Jaskaran Singh",
              "runs": {
                "batsman": 0,
                "extras": 1,
                "total": 1
              }
            }
          },
          {
            "18.7": {
              "batsman": "TL Suman",
              "bowler": "CK Langeveldt",
              "non_striker": "Jaskaran Singh",
              "runs": {
                "batsman": 1,
                "extras": 0,
                "total": 1
              }
            }
          },
          {
            "19.1": {
              "batsman": "TL Suman",
              "bowler": "I Sharma",
              "extras": {
                "noballs": 1
              },
              "non_striker": "Jaskaran Singh",
              "runs": {
                "batsman": 0,
                "extras": 1,
                "total": 1
              }
            }
          },
          {
            "19.2": {
              "batsman": "TL Suman",
              "bowler": "I Sharma",
              "non_striker": "Jaskaran Singh",
              "runs": {
                "batsman": 0,
                "extras": 0,
                "total": 0
              }
            }
          },
          {
            "19.3": {
              "batsman": "TL Suman",
              "bowler": "I Sharma",
              "non_striker": "Jaskaran Singh",
              "runs": {
                "batsman": 0,
                "extras": 0,
                "total": 0
              }
            }
          },
          {
            "19.4": {
              "batsman": "TL Suman",
              "bowler": "I Sharma",
              "non_striker": "Jaskaran Singh",
              "runs": {
                "batsman": 1,
                "extras": 0,
                "total": 1
              }
            }
          },
          {
            "19.5": {
              "batsman": "Jaskaran Singh",
              "bowler": "I Sharma",
              "non_striker": "TL Suman",
              "runs": {
                "batsman": 2,
                "extras": 0,
                "total": 2
              }
            }
          },
          {
            "19.6": {
              "batsman": "Jaskaran Singh",
              "bowler": "I Sharma",
              "non_striker": "TL Suman",
              "runs": {
                "batsman": 1,
                "extras": 0,
                "total": 1
              }
            }
          },
          {
            "19.7": {
              "batsman": "TL Suman",
              "bowler": "I Sharma",
              "non_striker": "Jaskaran Singh",
              "runs": {
                "batsman": 0,
                "extras": 0,
                "total": 0
              }
            }
          }
        ]
      }
    }
  ]
}