{
  "meta": {
    "data_version": 0.9,
    "created": "2011-05-02T00:00:00.000Z",
    "revision": 2
  },
  "info": {
    "city": "Chennai",
    "competition": "IPL",
    "dates": [
      "2011-05-01T00:00:00.000Z"
    ],
    "gender": "male",
    "match_type": "T20",
    "outcome": {
      "by": {
        "runs": 19
      },
      "winner": "Chennai Super Kings"
    },
    "overs": 20,
    "player_of_match": [
      "JA Morkel"
    ],
    "teams": [
      "Chennai Super Kings",
      "Deccan Chargers"
    ],
    "toss": {
      "decision": "bat",
      "winner": "Chennai Super Kings"
    },
    "umpires": [
      "Aleem Dar",
      "RB Tiffin"
    ],
    "venue": "MA Chidambaram Stadium, Chepauk"
  },
  "innings": [
    {
      "1st innings": {
        "team": "Chennai Super Kings",
        "deliveries": [
          {
            "0.1": {
              "batsman": "M Vijay",
              "bowler": "JP Duminy",
              "extras": {
                "wides": 1
              },
              "non_striker": "MEK Hussey",
              "runs": {
                "batsman": 0,
                "extras": 1,
                "total": 1
              }
            }
          },
          {
            "0.2": {
              "batsman": "M Vijay",
              "bowler": "JP Duminy",
              "non_striker": "MEK Hussey",
              "runs": {
                "batsman": 1,
                "extras": 0,
                "total": 1
              }
            }
          },
          {
            "0.3": {
              "batsman": "MEK Hussey",
              "bowler": "JP Duminy",
              "non_striker": "M Vijay",
              "runs": {
                "batsman": 1,
                "extras": 0,
                "total": 1
              }
            }
          },
          {
            "0.4": {
              "batsman": "M Vijay",
              "bowler": "JP Duminy",
              "non_striker": "MEK Hussey",
              "runs": {
                "batsman": 0,
                "extras": 0,
                "total": 0
              }
            }
          },
          {
            "0.5": {
              "batsman": "M Vijay",
              "bowler": "JP Duminy",
              "non_striker": "MEK Hussey",
              "runs": {
                "batsman": 0,
                "extras": 0,
                "total": 0
              }
            }
          },
          {
            "0.6": {
              "batsman": "M Vijay",
              "bowler": "JP Duminy",
              "non_striker": "MEK Hussey",
              "runs": {
                "batsman": 0,
                "extras": 0,
                "total": 0
              }
            }
          },
          {
            "0.7": {
              "batsman": "M Vijay",
              "bowler": "JP Duminy",
              "non_striker": "MEK Hussey",
              "runs": {
                "batsman": 1,
                "extras": 0,
                "total": 1
              }
            }
          },
          {
            "1.1": {
              "batsman": "M Vijay",
              "bowler": "DT Christian",
              "non_striker": "MEK Hussey",
              "runs": {
                "batsman": 0,
                "extras": 0,
                "total": 0
              }
            }
          },
          {
            "1.2": {
              "batsman": "M Vijay",
              "bowler": "DT Christian",
              "non_striker": "MEK Hussey",
              "runs": {
                "batsman": 1,
                "extras": 0,
                "total": 1
              }
            }
          },
          {
            "1.3": {
              "batsman": "MEK Hussey",
              "bowler": "DT Christian",
              "non_striker": "M Vijay",
              "runs": {
                "batsman": 1,
                "extras": 0,
                "total": 1
              }
            }
          },
          {
            "1.4": {
              "batsman": "M Vijay",
              "bowler": "DT Christian",
              "non_striker": "MEK Hussey",
              "runs": {
                "batsman": 0,
                "extras": 0,
                "total": 0
              }
            }
          },
          {
            "1.5": {
              "batsman": "M Vijay",
              "bowler": "DT Christian",
              "non_striker": "MEK Hussey",
              "runs": {
                "batsman": 0,
                "extras": 0,
                "total": 0
              }
            }
          },
          {
            "1.6": {
              "batsman": "M Vijay",
              "bowler": "DT Christian",
              "non_striker": "MEK Hussey",
              "runs": {
                "batsman": 0,
                "extras": 0,
                "total": 0
              }
            }
          },
          {
            "2.1": {
              "batsman": "MEK Hussey",
              "bowler": "I Sharma",
              "non_striker": "M Vijay",
              "runs": {
                "batsman": 0,
                "extras": 0,
                "total": 0
              }
            }
          },
          {
            "2.2": {
              "batsman": "MEK Hussey",
              "bowler": "I Sharma",
              "non_striker": "M Vijay",
              "runs": {
                "batsman": 4,
                "extras": 0,
                "total": 4
              }
            }
          },
          {
            "2.3": {
              "batsman": "MEK Hussey",
              "bowler": "I Sharma",
              "non_striker": "M Vijay",
              "runs": {
                "batsman": 2,
                "extras": 0,
                "total": 2
              }
            }
          },
          {
            "2.4": {
              "batsman": "MEK Hussey",
              "bowler": "I Sharma",
              "non_striker": "M Vijay",
              "runs": {
                "batsman": 1,
                "extras": 0,
                "total": 1
              }
            }
          },
          {
            "2.5": {
              "batsman": "M Vijay",
              "bowler": "I Sharma",
              "non_striker": "MEK Hussey",
              "runs": {
                "batsman": 0,
                "extras": 0,
                "total": 0
              }
            }
          },
          {
            "2.6": {
              "batsman": "M Vijay",
              "bowler": "I Sharma",
              "non_striker": "MEK Hussey",
              "runs": {
                "batsman": 0,
                "extras": 0,
                "total": 0
              }
            }
          },
          {
            "3.1": {
              "batsman": "MEK Hussey",
              "bowler": "PP Ojha",
              "extras": {
                "byes": 4
              },
              "non_striker": "M Vijay",
              "runs": {
                "batsman": 0,
                "extras": 4,
                "total": 4
              }
            }
          },
          {
            "3.2": {
              "batsman": "MEK Hussey",
              "bowler": "PP Ojha",
              "non_striker": "M Vijay",
              "runs": {
                "batsman": 1,
                "extras": 0,
                "total": 1
              }
            }
          },
          {
            "3.3": {
              "batsman": "M Vijay",
              "bowler": "PP Ojha",
              "non_striker": "MEK Hussey",
              "runs": {
                "batsman": 0,
                "extras": 0,
                "total": 0
              }
            }
          },
          {
            "3.4": {
              "batsman": "M Vijay",
              "bowler": "PP Ojha",
              "non_striker": "MEK Hussey",
              "runs": {
                "batsman": 0,
                "extras": 0,
                "total": 0
              },
              "wicket": {
                "kind": "bowled",
                "player_out": "M Vijay"
              }
            }
          },
          {
            "3.5": {
              "batsman": "SK Raina",
              "bowler": "PP Ojha",
              "non_striker": "MEK Hussey",
              "runs": {
                "batsman": 1,
                "extras": 0,
                "total": 1
              }
            }
          },
          {
            "3.6": {
              "batsman": "MEK Hussey",
              "bowler": "PP Ojha",
              "non_striker": "SK Raina",
              "runs": {
                "batsman": 1,
                "extras": 0,
                "total": 1
              }
            }
          },
          {
            "4.1": {
              "batsman": "MEK Hussey",
              "bowler": "I Sharma",
              "non_striker": "SK Raina",
              "runs": {
                "batsman": 0,
                "extras": 0,
                "total": 0
              }
            }
          },
          {
            "4.2": {
              "batsman": "MEK Hussey",
              "bowler": "I Sharma",
              "non_striker": "SK Raina",
              "runs": {
                "batsman": 0,
                "extras": 0,
                "total": 0
              }
            }
          },
          {
            "4.3": {
              "batsman": "MEK Hussey",
              "bowler": "I Sharma",
              "non_striker": "SK Raina",
              "runs": {
                "batsman": 4,
                "extras": 0,
                "total": 4
              }
            }
          },
          {
            "4.4": {
              "batsman": "MEK Hussey",
              "bowler": "I Sharma",
              "non_striker": "SK Raina",
              "runs": {
                "batsman": 0,
                "extras": 0,
                "total": 0
              }
            }
          },
          {
            "4.5": {
              "batsman": "MEK Hussey",
              "bowler": "I Sharma",
              "non_striker": "SK Raina",
              "runs": {
                "batsman": 0,
                "extras": 0,
                "total": 0
              }
            }
          },
          {
            "4.6": {
              "batsman": "MEK Hussey",
              "bowler": "I Sharma",
              "non_striker": "SK Raina",
              "runs": {
                "batsman": 2,
                "extras": 0,
                "total": 2
              }
            }
          },
          {
            "5.1": {
              "batsman": "SK Raina",
              "bowler": "JP Duminy",
              "non_striker": "MEK Hussey",
              "runs": {
                "batsman": 1,
                "extras": 0,
                "total": 1
              }
            }
          },
          {
            "5.2": {
              "batsman": "MEK Hussey",
              "bowler": "JP Duminy",
              "non_striker": "SK Raina",
              "runs": {
                "batsman": 1,
                "extras": 0,
                "total": 1
              }
            }
          },
          {
            "5.3": {
              "batsman": "SK Raina",
              "bowler": "JP Duminy",
              "non_striker": "MEK Hussey",
              "runs": {
                "batsman": 4,
                "extras": 0,
                "total": 4
              }
            }
          },
          {
            "5.4": {
              "batsman": "SK Raina",
              "bowler": "JP Duminy",
              "non_striker": "MEK Hussey",
              "runs": {
                "batsman": 0,
                "extras": 0,
                "total": 0
              }
            }
          },
          {
            "5.5": {
              "batsman": "SK Raina",
              "bowler": "JP Duminy",
              "non_striker": "MEK Hussey",
              "runs": {
                "batsman": 1,
                "extras": 0,
                "total": 1
              }
            }
          },
          {
            "5.6": {
              "batsman": "MEK Hussey",
              "bowler": "JP Duminy",
              "non_striker": "SK Raina",
              "runs": {
                "batsman": 1,
                "extras": 0,
                "total": 1
              }
            }
          },
          {
            "6.1": {
              "batsman": "MEK Hussey",
              "bowler": "DT Christian",
              "non_striker": "SK Raina",
              "runs": {
                "batsman": 0,
                "extras": 0,
                "total": 0
              }
            }
          },
          {
            "6.2": {
              "batsman": "MEK Hussey",
              "bowler": "DT Christian",
              "non_striker": "SK Raina",
              "runs": {
                "batsman": 0,
                "extras": 0,
                "total": 0
              }
            }
          },
          {
            "6.3": {
              "batsman": "MEK Hussey",
              "bowler": "DT Christian",
              "non_striker": "SK Raina",
              "runs": {
                "batsman": 2,
                "extras": 0,
                "total": 2
              }
            }
          },
          {
            "6.4": {
              "batsman": "MEK Hussey",
              "bowler": "DT Christian",
              "non_striker": "SK Raina",
              "runs": {
                "batsman": 1,
                "extras": 0,
                "total": 1
              }
            }
          },
          {
            "6.5": {
              "batsman": "SK Raina",
              "bowler": "DT Christian",
              "non_striker": "MEK Hussey",
              "runs": {
                "batsman": 0,
                "extras": 0,
                "total": 0
              }
            }
          },
          {
            "6.6": {
              "batsman": "SK Raina",
              "bowler": "DT Christian",
              "non_striker": "MEK Hussey",
              "runs": {
                "batsman": 0,
                "extras": 0,
                "total": 0
              }
            }
          },
          {
            "7.1": {
              "batsman": "MEK Hussey",
              "bowler": "JP Duminy",
              "non_striker": "SK Raina",
              "runs": {
                "batsman": 4,
                "extras": 0,
                "total": 4
              }
            }
          },
          {
            "7.2": {
              "batsman": "MEK Hussey",
              "bowler": "JP Duminy",
              "non_striker": "SK Raina",
              "runs": {
                "batsman": 1,
                "extras": 0,
                "total": 1
              }
            }
          },
          {
            "7.3": {
              "batsman": "SK Raina",
              "bowler": "JP Duminy",
              "non_striker": "MEK Hussey",
              "runs": {
                "batsman": 2,
                "extras": 0,
                "total": 2
              }
            }
          },
          {
            "7.4": {
              "batsman": "SK Raina",
              "bowler": "JP Duminy",
              "non_striker": "MEK Hussey",
              "runs": {
                "batsman": 1,
                "extras": 0,
                "total": 1
              }
            }
          },
          {
            "7.5": {
              "batsman": "MEK Hussey",
              "bowler": "JP Duminy",
              "non_striker": "SK Raina",
              "runs": {
                "batsman": 0,
                "extras": 0,
                "total": 0
              }
            }
          },
          {
            "7.6": {
              "batsman": "MEK Hussey",
              "bowler": "JP Duminy",
              "non_striker": "SK Raina",
              "runs": {
                "batsman": 1,
                "extras": 0,
                "total": 1
              }
            }
          },
          {
            "8.1": {
              "batsman": "MEK Hussey",
              "bowler": "DT Christian",
              "non_striker": "SK Raina",
              "runs": {
                "batsman": 2,
                "extras": 0,
                "total": 2
              }
            }
          },
          {
            "8.2": {
              "batsman": "MEK Hussey",
              "bowler": "DT Christian",
              "non_striker": "SK Raina",
              "runs": {
                "batsman": 1,
                "extras": 0,
                "total": 1
              }
            }
          },
          {
            "8.3": {
              "batsman": "SK Raina",
              "bowler": "DT Christian",
              "non_striker": "MEK Hussey",
              "runs": {
                "batsman": 1,
                "extras": 0,
                "total": 1
              }
            }
          },
          {
            "8.4": {
              "batsman": "MEK Hussey",
              "bowler": "DT Christian",
              "non_striker": "SK Raina",
              "runs": {
                "batsman": 1,
                "extras": 0,
                "total": 1
              }
            }
          },
          {
            "8.5": {
              "batsman": "SK Raina",
              "bowler": "DT Christian",
              "non_striker": "MEK Hussey",
              "runs": {
                "batsman": 1,
                "extras": 0,
                "total": 1
              }
            }
          },
          {
            "8.6": {
              "batsman": "MEK Hussey",
              "bowler": "DT Christian",
              "non_striker": "SK Raina",
              "runs": {
                "batsman": 1,
                "extras": 0,
                "total": 1
              }
            }
          },
          {
            "9.1": {
              "batsman": "MEK Hussey",
              "bowler": "A Mishra",
              "non_striker": "SK Raina",
              "runs": {
                "batsman": 0,
                "extras": 0,
                "total": 0
              }
            }
          },
          {
            "9.2": {
              "batsman": "MEK Hussey",
              "bowler": "A Mishra",
              "non_striker": "SK Raina",
              "runs": {
                "batsman": 0,
                "extras": 0,
                "total": 0
              }
            }
          },
          {
            "9.3": {
              "batsman": "MEK Hussey",
              "bowler": "A Mishra",
              "non_striker": "SK Raina",
              "runs": {
                "batsman": 1,
                "extras": 0,
                "total": 1
              }
            }
          },
          {
            "9.4": {
              "batsman": "SK Raina",
              "bowler": "A Mishra",
              "non_striker": "MEK Hussey",
              "runs": {
                "batsman": 0,
                "extras": 0,
                "total": 0
              }
            }
          },
          {
            "9.5": {
              "batsman": "SK Raina",
              "bowler": "A Mishra",
              "non_striker": "MEK Hussey",
              "runs": {
                "batsman": 4,
                "extras": 0,
                "total": 4
              }
            }
          },
          {
            "9.6": {
              "batsman": "SK Raina",
              "bowler": "A Mishra",
              "non_striker": "MEK Hussey",
              "runs": {
                "batsman": 0,
                "extras": 0,
                "total": 0
              }
            }
          },
          {
            "10.1": {
              "batsman": "MEK Hussey",
              "bowler": "Harmeet Singh",
              "non_striker": "SK Raina",
              "runs": {
                "batsman": 1,
                "extras": 0,
                "total": 1
              }
            }
          },
          {
            "10.2": {
              "batsman": "SK Raina",
              "bowler": "Harmeet Singh",
              "non_striker": "MEK Hussey",
              "runs": {
                "batsman": 1,
                "extras": 0,
                "total": 1
              }
            }
          },
          {
            "10.3": {
              "batsman": "MEK Hussey",
              "bowler": "Harmeet Singh",
              "non_striker": "SK Raina",
              "runs": {
                "batsman": 0,
                "extras": 0,
                "total": 0
              }
            }
          },
          {
            "10.4": {
              "batsman": "MEK Hussey",
              "bowler": "Harmeet Singh",
              "non_striker": "SK Raina",
              "runs": {
                "batsman": 1,
                "extras": 0,
                "total": 1
              }
            }
          },
          {
            "10.5": {
              "batsman": "SK Raina",
              "bowler": "Harmeet Singh",
              "non_striker": "MEK Hussey",
              "runs": {
                "batsman": 1,
                "extras": 0,
                "total": 1
              }
            }
          },
          {
            "10.6": {
              "batsman": "MEK Hussey",
              "bowler": "Harmeet Singh",
              "non_striker": "SK Raina",
              "runs": {
                "batsman": 1,
                "extras": 0,
                "total": 1
              }
            }
          },
          {
            "11.1": {
              "batsman": "MEK Hussey",
              "bowler": "A Mishra",
              "non_striker": "SK Raina",
              "runs": {
                "batsman": 1,
                "extras": 0,
                "total": 1
              }
            }
          },
          {
            "11.2": {
              "batsman": "SK Raina",
              "bowler": "A Mishra",
              "non_striker": "MEK Hussey",
              "runs": {
                "batsman": 0,
                "extras": 0,
                "total": 0
              }
            }
          },
          {
            "11.3": {
              "batsman": "SK Raina",
              "bowler": "A Mishra",
              "non_striker": "MEK Hussey",
              "runs": {
                "batsman": 4,
                "extras": 0,
                "total": 4
              }
            }
          },
          {
            "11.4": {
              "batsman": "SK Raina",
              "bowler": "A Mishra",
              "non_striker": "MEK Hussey",
              "runs": {
                "batsman": 1,
                "extras": 0,
                "total": 1
              }
            }
          },
          {
            "11.5": {
              "batsman": "MEK Hussey",
              "bowler": "A Mishra",
              "non_striker": "SK Raina",
              "runs": {
                "batsman": 4,
                "extras": 0,
                "total": 4
              }
            }
          },
          {
            "11.6": {
              "batsman": "MEK Hussey",
              "bowler": "A Mishra",
              "non_striker": "SK Raina",
              "runs": {
                "batsman": 4,
                "extras": 0,
                "total": 4
              }
            }
          },
          {
            "12.1": {
              "batsman": "SK Raina",
              "bowler": "Harmeet Singh",
              "non_striker": "MEK Hussey",
              "runs": {
                "batsman": 1,
                "extras": 0,
                "total": 1
              }
            }
          },
          {
            "12.2": {
              "batsman": "MEK Hussey",
              "bowler": "Harmeet Singh",
              "non_striker": "SK Raina",
              "runs": {
                "batsman": 0,
                "extras": 0,
                "total": 0
              }
            }
          },
          {
            "12.3": {
              "batsman": "MEK Hussey",
              "bowler": "Harmeet Singh",
              "non_striker": "SK Raina",
              "runs": {
                "batsman": 0,
                "extras": 0,
                "total": 0
              },
              "wicket": {
                "fielders": [
                  "I Sharma"
                ],
                "kind": "caught",
                "player_out": "MEK Hussey"
              }
            }
          },
          {
            "12.4": {
              "batsman": "MS Dhoni",
              "bowler": "Harmeet Singh",
              "non_striker": "SK Raina",
              "runs": {
                "batsman": 4,
                "extras": 0,
                "total": 4
              }
            }
          },
          {
            "12.5": {
              "batsman": "MS Dhoni",
              "bowler": "Harmeet Singh",
              "non_striker": "SK Raina",
              "runs": {
                "batsman": 0,
                "extras": 0,
                "total": 0
              }
            }
          },
          {
            "12.6": {
              "batsman": "MS Dhoni",
              "bowler": "Harmeet Singh",
              "non_striker": "SK Raina",
              "runs": {
                "batsman": 1,
                "extras": 0,
                "total": 1
              }
            }
          },
          {
            "13.1": {
              "batsman": "MS Dhoni",
              "bowler": "PP Ojha",
              "non_striker": "SK Raina",
              "runs": {
                "batsman": 1,
                "extras": 0,
                "total": 1
              }
            }
          },
          {
            "13.2": {
              "batsman": "SK Raina",
              "bowler": "PP Ojha",
              "extras": {
                "wides": 1
              },
              "non_striker": "MS Dhoni",
              "runs": {
                "batsman": 0,
                "extras": 1,
                "total": 1
              }
            }
          },
          {
            "13.3": {
              "batsman": "SK Raina",
              "bowler": "PP Ojha",
              "non_striker": "MS Dhoni",
              "runs": {
                "batsman": 1,
                "extras": 0,
                "total": 1
              }
            }
          },
          {
            "13.4": {
              "batsman": "MS Dhoni",
              "bowler": "PP Ojha",
              "non_striker": "SK Raina",
              "runs": {
                "batsman": 1,
                "extras": 0,
                "total": 1
              }
            }
          },
          {
            "13.5": {
              "batsman": "SK Raina",
              "bowler": "PP Ojha",
              "non_striker": "MS Dhoni",
              "runs": {
                "batsman": 1,
                "extras": 0,
                "total": 1
              }
            }
          },
          {
            "13.6": {
              "batsman": "MS Dhoni",
              "bowler": "PP Ojha",
              "non_striker": "SK Raina",
              "runs": {
                "batsman": 0,
                "extras": 0,
                "total": 0
              }
            }
          },
          {
            "13.7": {
              "batsman": "MS Dhoni",
              "bowler": "PP Ojha",
              "non_striker": "SK Raina",
              "runs": {
                "batsman": 0,
                "extras": 0,
                "total": 0
              }
            }
          },
          {
            "14.1": {
              "batsman": "SK Raina",
              "bowler": "I Sharma",
              "non_striker": "MS Dhoni",
              "runs": {
                "batsman": 1,
                "extras": 0,
                "total": 1
              }
            }
          },
          {
            "14.2": {
              "batsman": "MS Dhoni",
              "bowler": "I Sharma",
              "non_striker": "SK Raina",
              "runs": {
                "batsman": 0,
                "extras": 0,
                "total": 0
              }
            }
          },
          {
            "14.3": {
              "batsman": "MS Dhoni",
              "bowler": "I Sharma",
              "extras": {
                "legbyes": 1
              },
              "non_striker": "SK Raina",
              "runs": {
                "batsman": 0,
                "extras": 1,
                "total": 1
              }
            }
          },
          {
            "14.4": {
              "batsman": "SK Raina",
              "bowler": "I Sharma",
              "non_striker": "MS Dhoni",
              "runs": {
                "batsman": 4,
                "extras": 0,
                "total": 4
              }
            }
          },
          {
            "14.5": {
              "batsman": "SK Raina",
              "bowler": "I Sharma",
              "non_striker": "MS Dhoni",
              "runs": {
                "batsman": 1,
                "extras": 0,
                "total": 1
              }
            }
          },
          {
            "14.6": {
              "batsman": "MS Dhoni",
              "bowler": "I Sharma",
              "non_striker": "SK Raina",
              "runs": {
                "batsman": 1,
                "extras": 0,
                "total": 1
              }
            }
          },
          {
            "15.1": {
              "batsman": "MS Dhoni",
              "bowler": "A Mishra",
              "non_striker": "SK Raina",
              "runs": {
                "batsman": 0,
                "extras": 0,
                "total": 0
              }
            }
          },
          {
            "15.2": {
              "batsman": "MS Dhoni",
              "bowler": "A Mishra",
              "non_striker": "SK Raina",
              "runs": {
                "batsman": 6,
                "extras": 0,
                "total": 6
              }
            }
          },
          {
            "15.3": {
              "batsman": "MS Dhoni",
              "bowler": "A Mishra",
              "non_striker": "SK Raina",
              "runs": {
                "batsman": 1,
                "extras": 0,
                "total": 1
              }
            }
          },
          {
            "15.4": {
              "batsman": "SK Raina",
              "bowler": "A Mishra",
              "non_striker": "MS Dhoni",
              "runs": {
                "batsman": 6,
                "extras": 0,
                "total": 6
              }
            }
          },
          {
            "15.5": {
              "batsman": "SK Raina",
              "bowler": "A Mishra",
              "non_striker": "MS Dhoni",
              "runs": {
                "batsman": 1,
                "extras": 0,
                "total": 1
              }
            }
          },
          {
            "15.6": {
              "batsman": "MS Dhoni",
              "bowler": "A Mishra",
              "non_striker": "SK Raina",
              "runs": {
                "batsman": 1,
                "extras": 0,
                "total": 1
              }
            }
          },
          {
            "16.1": {
              "batsman": "MS Dhoni",
              "bowler": "Harmeet Singh",
              "non_striker": "SK Raina",
              "runs": {
                "batsman": 2,
                "extras": 0,
                "total": 2
              }
            }
          },
          {
            "16.2": {
              "batsman": "MS Dhoni",
              "bowler": "Harmeet Singh",
              "extras": {
                "noballs": 1
              },
              "non_striker": "SK Raina",
              "runs": {
                "batsman": 0,
                "extras": 1,
                "total": 1
              }
            }
          },
          {
            "16.3": {
              "batsman": "MS Dhoni",
              "bowler": "Harmeet Singh",
              "non_striker": "SK Raina",
              "runs": {
                "batsman": 1,
                "extras": 0,
                "total": 1
              }
            }
          },
          {
            "16.4": {
              "batsman": "SK Raina",
              "bowler": "Harmeet Singh",
              "non_striker": "MS Dhoni",
              "runs": {
                "batsman": 4,
                "extras": 0,
                "total": 4
              }
            }
          },
          {
            "16.5": {
              "batsman": "SK Raina",
              "bowler": "Harmeet Singh",
              "non_striker": "MS Dhoni",
              "runs": {
                "batsman": 2,
                "extras": 0,
                "total": 2
              }
            }
          },
          {
            "16.6": {
              "batsman": "SK Raina",
              "bowler": "Harmeet Singh",
              "non_striker": "MS Dhoni",
              "runs": {
                "batsman": 4,
                "extras": 0,
                "total": 4
              }
            }
          },
          {
            "16.7": {
              "batsman": "SK Raina",
              "bowler": "Harmeet Singh",
              "non_striker": "MS Dhoni",
              "runs": {
                "batsman": 1,
                "extras": 0,
                "total": 1
              }
            }
          },
          {
            "17.1": {
              "batsman": "SK Raina",
              "bowler": "PP Ojha",
              "non_striker": "MS Dhoni",
              "runs": {
                "batsman": 6,
                "extras": 0,
                "total": 6
              }
            }
          },
          {
            "17.2": {
              "batsman": "SK Raina",
              "bowler": "PP Ojha",
              "non_striker": "MS Dhoni",
              "runs": {
                "batsman": 1,
                "extras": 0,
                "total": 1
              }
            }
          },
          {
            "17.3": {
              "batsman": "MS Dhoni",
              "bowler": "PP Ojha",
              "non_striker": "SK Raina",
              "runs": {
                "batsman": 1,
                "extras": 0,
                "total": 1
              }
            }
          },
          {
            "17.4": {
              "batsman": "SK Raina",
              "bowler": "PP Ojha",
              "non_striker": "MS Dhoni",
              "runs": {
                "batsman": 2,
                "extras": 0,
                "total": 2
              }
            }
          },
          {
            "17.5": {
              "batsman": "SK Raina",
              "bowler": "PP Ojha",
              "non_striker": "MS Dhoni",
              "runs": {
                "batsman": 0,
                "extras": 0,
                "total": 0
              },
              "wicket": {
                "fielders": [
                  "S Dhawan"
                ],
                "kind": "caught",
                "player_out": "SK Raina"
              }
            }
          },
          {
            "17.6": {
              "batsman": "MS Dhoni",
              "bowler": "PP Ojha",
              "non_striker": "JA Morkel",
              "runs": {
                "batsman": 0,
                "extras": 0,
                "total": 0
              }
            }
          },
          {
            "18.1": {
              "batsman": "JA Morkel",
              "bowler": "I Sharma",
              "non_striker": "MS Dhoni",
              "runs": {
                "batsman": 1,
                "extras": 0,
                "total": 1
              }
            }
          },
          {
            "18.2": {
              "batsman": "MS Dhoni",
              "bowler": "I Sharma",
              "non_striker": "JA Morkel",
              "runs": {
                "batsman": 1,
                "extras": 0,
                "total": 1
              }
            }
          },
          {
            "18.3": {
              "batsman": "JA Morkel",
              "bowler": "I Sharma",
              "non_striker": "MS Dhoni",
              "runs": {
                "batsman": 0,
                "extras": 0,
                "total": 0
              }
            }
          },
          {
            "18.4": {
              "batsman": "JA Morkel",
              "bowler": "I Sharma",
              "extras": {
                "noballs": 1
              },
              "non_striker": "MS Dhoni",
              "runs": {
                "batsman": 0,
                "extras": 1,
                "total": 1
              }
            }
          },
          {
            "18.5": {
              "batsman": "JA Morkel",
              "bowler": "I Sharma",
              "non_striker": "MS Dhoni",
              "runs": {
                "batsman": 6,
                "extras": 0,
                "total": 6
              }
            }
          },
          {
            "18.6": {
              "batsman": "JA Morkel",
              "bowler": "I Sharma",
              "non_striker": "MS Dhoni",
              "runs": {
                "batsman": 6,
                "extras": 0,
                "total": 6
              }
            }
          },
          {
            "18.7": {
              "batsman": "JA Morkel",
              "bowler": "I Sharma",
              "non_striker": "MS Dhoni",
              "runs": {
                "batsman": 6,
                "extras": 0,
                "total": 6
              }
            }
          },
          {
            "19.1": {
              "batsman": "MS Dhoni",
              "bowler": "PP Ojha",
              "non_striker": "JA Morkel",
              "runs": {
                "batsman": 0,
                "extras": 0,
                "total": 0
              },
              "wicket": {
                "fielders": [
                  "CL White",
                  "KC Sangakkara"
                ],
                "kind": "run out",
                "player_out": "JA Morkel"
              }
            }
          },
          {
            "19.2": {
              "batsman": "S Badrinath",
              "bowler": "PP Ojha",
              "non_striker": "MS Dhoni",
              "runs": {
                "batsman": 4,
                "extras": 0,
                "total": 4
              }
            }
          },
          {
            "19.3": {
              "batsman": "S Badrinath",
              "bowler": "PP Ojha",
              "non_striker": "MS Dhoni",
              "runs": {
                "batsman": 1,
                "extras": 0,
                "total": 1
              }
            }
          },
          {
            "19.4": {
              "batsman": "MS Dhoni",
              "bowler": "PP Ojha",
              "non_striker": "S Badrinath",
              "runs": {
                "batsman": 0,
                "extras": 0,
                "total": 0
              },
              "wicket": {
                "fielders": [
                  "KC Sangakkara"
                ],
                "kind": "stumped",
                "player_out": "MS Dhoni"
              }
            }
          },
          {
            "19.5": {
              "batsman": "S Anirudha",
              "bowler": "PP Ojha",
              "non_striker": "S Badrinath",
              "runs": {
                "batsman": 2,
                "extras": 0,
                "total": 2
              }
            }
          },
          {
            "19.6": {
              "batsman": "S Anirudha",
              "bowler": "PP Ojha",
              "non_striker": "S Badrinath",
              "runs": {
                "batsman": 1,
                "extras": 0,
                "total": 1
              }
            }
          }
        ]
      }
    },
    {
      "2nd innings": {
        "team": "Deccan Chargers",
        "deliveries": [
          {
            "0.1": {
              "batsman": "S Sohal",
              "bowler": "JA Morkel",
              "extras": {
                "legbyes": 1
              },
              "non_striker": "S Dhawan",
              "runs": {
                "batsman": 0,
                "extras": 1,
                "total": 1
              }
            }
          },
          {
            "0.2": {
              "batsman": "S Dhawan",
              "bowler": "JA Morkel",
              "non_striker": "S Sohal",
              "runs": {
                "batsman": 1,
                "extras": 0,
                "total": 1
              }
            }
          },
          {
            "0.3": {
              "batsman": "S Sohal",
              "bowler": "JA Morkel",
              "non_striker": "S Dhawan",
              "runs": {
                "batsman": 1,
                "extras": 0,
                "total": 1
              }
            }
          },
          {
            "0.4": {
              "batsman": "S Dhawan",
              "bowler": "JA Morkel",
              "non_striker": "S Sohal",
              "runs": {
                "batsman": 1,
                "extras": 0,
                "total": 1
              }
            }
          },
          {
            "0.5": {
              "batsman": "S Sohal",
              "bowler": "JA Morkel",
              "non_striker": "S Dhawan",
              "runs": {
                "batsman": 0,
                "extras": 0,
                "total": 0
              }
            }
          },
          {
            "0.6": {
              "batsman": "S Sohal",
              "bowler": "JA Morkel",
              "extras": {
                "wides": 1
              },
              "non_striker": "S Dhawan",
              "runs": {
                "batsman": 0,
                "extras": 1,
                "total": 1
              }
            }
          },
          {
            "0.7": {
              "batsman": "S Sohal",
              "bowler": "JA Morkel",
              "non_striker": "S Dhawan",
              "runs": {
                "batsman": 1,
                "extras": 0,
                "total": 1
              }
            }
          },
          {
            "1.1": {
              "batsman": "S Sohal",
              "bowler": "DE Bollinger",
              "non_striker": "S Dhawan",
              "runs": {
                "batsman": 6,
                "extras": 0,
                "total": 6
              }
            }
          },
          {
            "1.2": {
              "batsman": "S Sohal",
              "bowler": "DE Bollinger",
              "non_striker": "S Dhawan",
              "runs": {
                "batsman": 0,
                "extras": 0,
                "total": 0
              }
            }
          },
          {
            "1.3": {
              "batsman": "S Sohal",
              "bowler": "DE Bollinger",
              "non_striker": "S Dhawan",
              "runs": {
                "batsman": 4,
                "extras": 0,
                "total": 4
              }
            }
          },
          {
            "1.4": {
              "batsman": "S Sohal",
              "bowler": "DE Bollinger",
              "non_striker": "S Dhawan",
              "runs": {
                "batsman": 1,
                "extras": 0,
                "total": 1
              }
            }
          },
          {
            "1.5": {
              "batsman": "S Dhawan",
              "bowler": "DE Bollinger",
              "non_striker": "S Sohal",
              "runs": {
                "batsman": 0,
                "extras": 0,
                "total": 0
              }
            }
          },
          {
            "1.6": {
              "batsman": "S Dhawan",
              "bowler": "DE Bollinger",
              "non_striker": "S Sohal",
              "runs": {
                "batsman": 1,
                "extras": 0,
                "total": 1
              }
            }
          },
          {
            "2.1": {
              "batsman": "S Dhawan",
              "bowler": "JA Morkel",
              "non_striker": "S Sohal",
              "runs": {
                "batsman": 1,
                "extras": 0,
                "total": 1
              }
            }
          },
          {
            "2.2": {
              "batsman": "S Sohal",
              "bowler": "JA Morkel",
              "extras": {
                "wides": 1
              },
              "non_striker": "S Dhawan",
              "runs": {
                "batsman": 0,
                "extras": 1,
                "total": 1
              }
            }
          },
          {
            "2.3": {
              "batsman": "S Sohal",
              "bowler": "JA Morkel",
              "non_striker": "S Dhawan",
              "runs": {
                "batsman": 4,
                "extras": 0,
                "total": 4
              }
            }
          },
          {
            "2.4": {
              "batsman": "S Sohal",
              "bowler": "JA Morkel",
              "non_striker": "S Dhawan",
              "runs": {
                "batsman": 6,
                "extras": 0,
                "total": 6
              }
            }
          },
          {
            "2.5": {
              "batsman": "S Sohal",
              "bowler": "JA Morkel",
              "non_striker": "S Dhawan",
              "runs": {
                "batsman": 4,
                "extras": 0,
                "total": 4
              }
            }
          },
          {
            "2.6": {
              "batsman": "S Sohal",
              "bowler": "JA Morkel",
              "non_striker": "S Dhawan",
              "runs": {
                "batsman": 4,
                "extras": 0,
                "total": 4
              }
            }
          },
          {
            "2.7": {
              "batsman": "S Sohal",
              "bowler": "JA Morkel",
              "non_striker": "S Dhawan",
              "runs": {
                "batsman": 0,
                "extras": 0,
                "total": 0
              }
            }
          },
          {
            "3.1": {
              "batsman": "S Dhawan",
              "bowler": "R Ashwin",
              "non_striker": "S Sohal",
              "runs": {
                "batsman": 1,
                "extras": 0,
                "total": 1
              }
            }
          },
          {
            "3.2": {
              "batsman": "S Sohal",
              "bowler": "R Ashwin",
              "extras": {
                "byes": 1
              },
              "non_striker": "S Dhawan",
              "runs": {
                "batsman": 0,
                "extras": 1,
                "total": 1
              }
            }
          },
          {
            "3.3": {
              "batsman": "S Dhawan",
              "bowler": "R Ashwin",
              "non_striker": "S Sohal",
              "runs": {
                "batsman": 1,
                "extras": 0,
                "total": 1
              }
            }
          },
          {
            "3.4": {
              "batsman": "S Sohal",
              "bowler": "R Ashwin",
              "non_striker": "S Dhawan",
              "runs": {
                "batsman": 0,
                "extras": 0,
                "total": 0
              }
            }
          },
          {
            "3.5": {
              "batsman": "S Sohal",
              "bowler": "R Ashwin",
              "non_striker": "S Dhawan",
              "runs": {
                "batsman": 2,
                "extras": 0,
                "total": 2
              }
            }
          },
          {
            "3.6": {
              "batsman": "S Sohal",
              "bowler": "R Ashwin",
              "non_striker": "S Dhawan",
              "runs": {
                "batsman": 1,
                "extras": 0,
                "total": 1
              }
            }
          },
          {
            "4.1": {
              "batsman": "S Sohal",
              "bowler": "S Randiv",
              "extras": {
                "wides": 1
              },
              "non_striker": "S Dhawan",
              "runs": {
                "batsman": 0,
                "extras": 1,
                "total": 1
              }
            }
          },
          {
            "4.2": {
              "batsman": "S Sohal",
              "bowler": "S Randiv",
              "non_striker": "S Dhawan",
              "runs": {
                "batsman": 0,
                "extras": 0,
                "total": 0
              }
            }
          },
          {
            "4.3": {
              "batsman": "S Sohal",
              "bowler": "S Randiv",
              "non_striker": "S Dhawan",
              "runs": {
                "batsman": 6,
                "extras": 0,
                "total": 6
              }
            }
          },
          {
            "4.4": {
              "batsman": "S Sohal",
              "bowler": "S Randiv",
              "non_striker": "S Dhawan",
              "runs": {
                "batsman": 4,
                "extras": 0,
                "total": 4
              }
            }
          },
          {
            "4.5": {
              "batsman": "S Sohal",
              "bowler": "S Randiv",
              "non_striker": "S Dhawan",
              "runs": {
                "batsman": 1,
                "extras": 0,
                "total": 1
              }
            }
          },
          {
            "4.6": {
              "batsman": "S Dhawan",
              "bowler": "S Randiv",
              "non_striker": "S Sohal",
              "runs": {
                "batsman": 1,
                "extras": 0,
                "total": 1
              }
            }
          },
          {
            "4.7": {
              "batsman": "S Sohal",
              "bowler": "S Randiv",
              "non_striker": "S Dhawan",
              "runs": {
                "batsman": 0,
                "extras": 0,
                "total": 0
              }
            }
          },
          {
            "5.1": {
              "batsman": "S Dhawan",
              "bowler": "R Ashwin",
              "non_striker": "S Sohal",
              "runs": {
                "batsman": 1,
                "extras": 0,
                "total": 1
              }
            }
          },
          {
            "5.2": {
              "batsman": "S Sohal",
              "bowler": "R Ashwin",
              "non_striker": "S Dhawan",
              "runs": {
                "batsman": 0,
                "extras": 0,
                "total": 0
              }
            }
          },
          {
            "5.3": {
              "batsman": "S Sohal",
              "bowler": "R Ashwin",
              "non_striker": "S Dhawan",
              "runs": {
                "batsman": 6,
                "extras": 0,
                "total": 6
              }
            }
          },
          {
            "5.4": {
              "batsman": "S Sohal",
              "bowler": "R Ashwin",
              "non_striker": "S Dhawan",
              "runs": {
                "batsman": 0,
                "extras": 0,
                "total": 0
              }
            }
          },
          {
            "5.5": {
              "batsman": "S Sohal",
              "bowler": "R Ashwin",
              "non_striker": "S Dhawan",
              "runs": {
                "batsman": 0,
                "extras": 0,
                "total": 0
              }
            }
          },
          {
            "5.6": {
              "batsman": "S Sohal",
              "bowler": "R Ashwin",
              "non_striker": "S Dhawan",
              "runs": {
                "batsman": 0,
                "extras": 0,
                "total": 0
              }
            }
          },
          {
            "6.1": {
              "batsman": "S Dhawan",
              "bowler": "SB Jakati",
              "non_striker": "S Sohal",
              "runs": {
                "batsman": 1,
                "extras": 0,
                "total": 1
              }
            }
          },
          {
            "6.2": {
              "batsman": "S Sohal",
              "bowler": "SB Jakati",
              "non_striker": "S Dhawan",
              "runs": {
                "batsman": 4,
                "extras": 0,
                "total": 4
              }
            }
          },
          {
            "6.3": {
              "batsman": "S Sohal",
              "bowler": "SB Jakati",
              "non_striker": "S Dhawan",
              "runs": {
                "batsman": 1,
                "extras": 0,
                "total": 1
              }
            }
          },
          {
            "6.4": {
              "batsman": "S Dhawan",
              "bowler": "SB Jakati",
              "non_striker": "S Sohal",
              "runs": {
                "batsman": 1,
                "extras": 0,
                "total": 1
              }
            }
          },
          {
            "6.5": {
              "batsman": "S Sohal",
              "bowler": "SB Jakati",
              "non_striker": "S Dhawan",
              "runs": {
                "batsman": 0,
                "extras": 0,
                "total": 0
              },
              "wicket": {
                "kind": "bowled",
                "player_out": "S Sohal"
              }
            }
          },
          {
            "6.6": {
              "batsman": "B Chipli",
              "bowler": "SB Jakati",
              "non_striker": "S Dhawan",
              "runs": {
                "batsman": 1,
                "extras": 0,
                "total": 1
              }
            }
          },
          {
            "7.1": {
              "batsman": "B Chipli",
              "bowler": "S Randiv",
              "non_striker": "S Dhawan",
              "runs": {
                "batsman": 0,
                "extras": 0,
                "total": 0
              }
            }
          },
          {
            "7.2": {
              "batsman": "B Chipli",
              "bowler": "S Randiv",
              "non_striker": "S Dhawan",
              "runs": {
                "batsman": 3,
                "extras": 0,
                "total": 3
              }
            }
          },
          {
            "7.3": {
              "batsman": "S Dhawan",
              "bowler": "S Randiv",
              "non_striker": "B Chipli",
              "runs": {
                "batsman": 0,
                "extras": 0,
                "total": 0
              }
            }
          },
          {
            "7.4": {
              "batsman": "S Dhawan",
              "bowler": "S Randiv",
              "non_striker": "B Chipli",
              "runs": {
                "batsman": 0,
                "extras": 0,
                "total": 0
              }
            }
          },
          {
            "7.5": {
              "batsman": "S Dhawan",
              "bowler": "S Randiv",
              "non_striker": "B Chipli",
              "runs": {
                "batsman": 0,
                "extras": 0,
                "total": 0
              }
            }
          },
          {
            "7.6": {
              "batsman": "S Dhawan",
              "bowler": "S Randiv",
              "non_striker": "B Chipli",
              "runs": {
                "batsman": 0,
                "extras": 0,
                "total": 0
              }
            }
          },
          {
            "8.1": {
              "batsman": "B Chipli",
              "bowler": "SB Jakati",
              "non_striker": "S Dhawan",
              "runs": {
                "batsman": 1,
                "extras": 0,
                "total": 1
              }
            }
          },
          {
            "8.2": {
              "batsman": "S Dhawan",
              "bowler": "SB Jakati",
              "non_striker": "B Chipli",
              "runs": {
                "batsman": 2,
                "extras": 0,
                "total": 2
              }
            }
          },
          {
            "8.3": {
              "batsman": "S Dhawan",
              "bowler": "SB Jakati",
              "non_striker": "B Chipli",
              "runs": {
                "batsman": 1,
                "extras": 0,
                "total": 1
              }
            }
          },
          {
            "8.4": {
              "batsman": "B Chipli",
              "bowler": "SB Jakati",
              "non_striker": "S Dhawan",
              "runs": {
                "batsman": 1,
                "extras": 0,
                "total": 1
              }
            }
          },
          {
            "8.5": {
              "batsman": "S Dhawan",
              "bowler": "SB Jakati",
              "non_striker": "B Chipli",
              "runs": {
                "batsman": 1,
                "extras": 0,
                "total": 1
              }
            }
          },
          {
            "8.6": {
              "batsman": "B Chipli",
              "bowler": "SB Jakati",
              "non_striker": "S Dhawan",
              "runs": {
                "batsman": 0,
                "extras": 0,
                "total": 0
              }
            }
          },
          {
            "9.1": {
              "batsman": "S Dhawan",
              "bowler": "S Randiv",
              "non_striker": "B Chipli",
              "runs": {
                "batsman": 2,
                "extras": 0,
                "total": 2
              }
            }
          },
          {
            "9.2": {
              "batsman": "S Dhawan",
              "bowler": "S Randiv",
              "non_striker": "B Chipli",
              "runs": {
                "batsman": 0,
                "extras": 0,
                "total": 0
              }
            }
          },
          {
            "9.3": {
              "batsman": "S Dhawan",
              "bowler": "S Randiv",
              "non_striker": "B Chipli",
              "runs": {
                "batsman": 1,
                "extras": 0,
                "total": 1
              }
            }
          },
          {
            "9.4": {
              "batsman": "B Chipli",
              "bowler": "S Randiv",
              "non_striker": "S Dhawan",
              "runs": {
                "batsman": 2,
                "extras": 0,
                "total": 2
              }
            }
          },
          {
            "9.5": {
              "batsman": "B Chipli",
              "bowler": "S Randiv",
              "non_striker": "S Dhawan",
              "runs": {
                "batsman": 1,
                "extras": 0,
                "total": 1
              }
            }
          },
          {
            "9.6": {
              "batsman": "S Dhawan",
              "bowler": "S Randiv",
              "non_striker": "B Chipli",
              "runs": {
                "batsman": 1,
                "extras": 0,
                "total": 1
              }
            }
          },
          {
            "10.1": {
              "batsman": "S Dhawan",
              "bowler": "SB Jakati",
              "non_striker": "B Chipli",
              "runs": {
                "batsman": 0,
                "extras": 0,
                "total": 0
              }
            }
          },
          {
            "10.2": {
              "batsman": "S Dhawan",
              "bowler": "SB Jakati",
              "non_striker": "B Chipli",
              "runs": {
                "batsman": 0,
                "extras": 0,
                "total": 0
              }
            }
          },
          {
            "10.3": {
              "batsman": "S Dhawan",
              "bowler": "SB Jakati",
              "non_striker": "B Chipli",
              "runs": {
                "batsman": 0,
                "extras": 0,
                "total": 0
              }
            }
          },
          {
            "10.4": {
              "batsman": "S Dhawan",
              "bowler": "SB Jakati",
              "non_striker": "B Chipli",
              "runs": {
                "batsman": 1,
                "extras": 0,
                "total": 1
              }
            }
          },
          {
            "10.5": {
              "batsman": "B Chipli",
              "bowler": "SB Jakati",
              "non_striker": "S Dhawan",
              "runs": {
                "batsman": 1,
                "extras": 0,
                "total": 1
              }
            }
          },
          {
            "10.6": {
              "batsman": "S Dhawan",
              "bowler": "SB Jakati",
              "non_striker": "B Chipli",
              "runs": {
                "batsman": 0,
                "extras": 0,
                "total": 0
              },
              "wicket": {
                "kind": "bowled",
                "player_out": "S Dhawan"
              }
            }
          },
          {
            "11.1": {
              "batsman": "B Chipli",
              "bowler": "S Randiv",
              "non_striker": "KC Sangakkara",
              "runs": {
                "batsman": 3,
                "extras": 0,
                "total": 3
              }
            }
          },
          {
            "11.2": {
              "batsman": "KC Sangakkara",
              "bowler": "S Randiv",
              "non_striker": "B Chipli",
              "runs": {
                "batsman": 1,
                "extras": 0,
                "total": 1
              }
            }
          },
          {
            "11.3": {
              "batsman": "B Chipli",
              "bowler": "S Randiv",
              "non_striker": "KC Sangakkara",
              "runs": {
                "batsman": 1,
                "extras": 0,
                "total": 1
              }
            }
          },
          {
            "11.4": {
              "batsman": "KC Sangakkara",
              "bowler": "S Randiv",
              "non_striker": "B Chipli",
              "runs": {
                "batsman": 2,
                "extras": 0,
                "total": 2
              }
            }
          },
          {
            "11.5": {
              "batsman": "KC Sangakkara",
              "bowler": "S Randiv",
              "non_striker": "B Chipli",
              "runs": {
                "batsman": 0,
                "extras": 0,
                "total": 0
              }
            }
          },
          {
            "11.6": {
              "batsman": "KC Sangakkara",
              "bowler": "S Randiv",
              "non_striker": "B Chipli",
              "runs": {
                "batsman": 4,
                "extras": 0,
                "total": 4
              }
            }
          },
          {
            "12.1": {
              "batsman": "B Chipli",
              "bowler": "SB Jakati",
              "non_striker": "KC Sangakkara",
              "runs": {
                "batsman": 0,
                "extras": 0,
                "total": 0
              }
            }
          },
          {
            "12.2": {
              "batsman": "B Chipli",
              "bowler": "SB Jakati",
              "non_striker": "KC Sangakkara",
              "runs": {
                "batsman": 1,
                "extras": 0,
                "total": 1
              }
            }
          },
          {
            "12.3": {
              "batsman": "KC Sangakkara",
              "bowler": "SB Jakati",
              "non_striker": "B Chipli",
              "runs": {
                "batsman": 0,
                "extras": 0,
                "total": 0
              }
            }
          },
          {
            "12.4": {
              "batsman": "KC Sangakkara",
              "bowler": "SB Jakati",
              "non_striker": "B Chipli",
              "runs": {
                "batsman": 0,
                "extras": 0,
                "total": 0
              }
            }
          },
          {
            "12.5": {
              "batsman": "KC Sangakkara",
              "bowler": "SB Jakati",
              "non_striker": "B Chipli",
              "runs": {
                "batsman": 6,
                "extras": 0,
                "total": 6
              }
            }
          },
          {
            "12.6": {
              "batsman": "KC Sangakkara",
              "bowler": "SB Jakati",
              "non_striker": "B Chipli",
              "runs": {
                "batsman": 0,
                "extras": 0,
                "total": 0
              }
            }
          },
          {
            "13.1": {
              "batsman": "B Chipli",
              "bowler": "JA Morkel",
              "non_striker": "KC Sangakkara",
              "runs": {
                "batsman": 2,
                "extras": 0,
                "total": 2
              }
            }
          },
          {
            "13.2": {
              "batsman": "B Chipli",
              "bowler": "JA Morkel",
              "non_striker": "KC Sangakkara",
              "runs": {
                "batsman": 0,
                "extras": 0,
                "total": 0
              },
              "wicket": {
                "fielders": [
                  "SB Jakati"
                ],
                "kind": "caught",
                "player_out": "B Chipli"
              }
            }
          },
          {
            "13.3": {
              "batsman": "CL White",
              "bowler": "JA Morkel",
              "non_striker": "KC Sangakkara",
              "runs": {
                "batsman": 0,
                "extras": 0,
                "total": 0
              }
            }
          },
          {
            "13.4": {
              "batsman": "CL White",
              "bowler": "JA Morkel",
              "non_striker": "KC Sangakkara",
              "runs": {
                "batsman": 4,
                "extras": 0,
                "total": 4
              }
            }
          },
          {
            "13.5": {
              "batsman": "CL White",
              "bowler": "JA Morkel",
              "non_striker": "KC Sangakkara",
              "runs": {
                "batsman": 0,
                "extras": 0,
                "total": 0
              }
            }
          },
          {
            "13.6": {
              "batsman": "CL White",
              "bowler": "JA Morkel",
              "non_striker": "KC Sangakkara",
              "runs": {
                "batsman": 1,
                "extras": 0,
                "total": 1
              }
            }
          },
          {
            "14.1": {
              "batsman": "CL White",
              "bowler": "R Ashwin",
              "non_striker": "KC Sangakkara",
              "runs": {
                "batsman": 0,
                "extras": 0,
                "total": 0
              }
            }
          },
          {
            "14.2": {
              "batsman": "CL White",
              "bowler": "R Ashwin",
              "non_striker": "KC Sangakkara",
              "runs": {
                "batsman": 0,
                "extras": 0,
                "total": 0
              }
            }
          },
          {
            "14.3": {
              "batsman": "CL White",
              "bowler": "R Ashwin",
              "non_striker": "KC Sangakkara",
              "runs": {
                "batsman": 0,
                "extras": 0,
                "total": 0
              }
            }
          },
          {
            "14.4": {
              "batsman": "CL White",
              "bowler": "R Ashwin",
              "non_striker": "KC Sangakkara",
              "runs": {
                "batsman": 1,
                "extras": 0,
                "total": 1
              }
            }
          },
          {
            "14.5": {
              "batsman": "KC Sangakkara",
              "bowler": "R Ashwin",
              "non_striker": "CL White",
              "runs": {
                "batsman": 1,
                "extras": 0,
                "total": 1
              }
            }
          },
          {
            "14.6": {
              "batsman": "CL White",
              "bowler": "R Ashwin",
              "non_striker": "KC Sangakkara",
              "runs": {
                "batsman": 1,
                "extras": 0,
                "total": 1
              }
            }
          },
          {
            "15.1": {
              "batsman": "CL White",
              "bowler": "DE Bollinger",
              "non_striker": "KC Sangakkara",
              "runs": {
                "batsman": 1,
                "extras": 0,
                "total": 1
              }
            }
          },
          {
            "15.2": {
              "batsman": "KC Sangakkara",
              "bowler": "DE Bollinger",
              "non_striker": "CL White",
              "runs": {
                "batsman": 0,
                "extras": 0,
                "total": 0
              }
            }
          },
          {
            "15.3": {
              "batsman": "KC Sangakkara",
              "bowler": "DE Bollinger",
              "non_striker": "CL White",
              "runs": {
                "batsman": 1,
                "extras": 0,
                "total": 1
              }
            }
          },
          {
            "15.4": {
              "batsman": "CL White",
              "bowler": "DE Bollinger",
              "non_striker": "KC Sangakkara",
              "runs": {
                "batsman": 1,
                "extras": 0,
                "total": 1
              }
            }
          },
          {
            "15.5": {
              "batsman": "KC Sangakkara",
              "bowler": "DE Bollinger",
              "non_striker": "CL White",
              "runs": {
                "batsman": 0,
                "extras": 0,
                "total": 0
              },
              "wicket": {
                "kind": "bowled",
                "player_out": "KC Sangakkara"
              }
            }
          },
          {
            "15.6": {
              "batsman": "JP Duminy",
              "bowler": "DE Bollinger",
              "non_striker": "CL White",
              "runs": {
                "batsman": 1,
                "extras": 0,
                "total": 1
              }
            }
          },
          {
            "16.1": {
              "batsman": "JP Duminy",
              "bowler": "R Ashwin",
              "non_striker": "CL White",
              "runs": {
                "batsman": 1,
                "extras": 0,
                "total": 1
              }
            }
          },
          {
            "16.2": {
              "batsman": "CL White",
              "bowler": "R Ashwin",
              "non_striker": "JP Duminy",
              "runs": {
                "batsman": 1,
                "extras": 0,
                "total": 1
              }
            }
          },
          {
            "16.3": {
              "batsman": "JP Duminy",
              "bowler": "R Ashwin",
              "non_striker": "CL White",
              "runs": {
                "batsman": 2,
                "extras": 0,
                "total": 2
              }
            }
          },
          {
            "16.4": {
              "batsman": "JP Duminy",
              "bowler": "R Ashwin",
              "non_striker": "CL White",
              "runs": {
                "batsman": 1,
                "extras": 0,
                "total": 1
              }
            }
          },
          {
            "16.5": {
              "batsman": "CL White",
              "bowler": "R Ashwin",
              "non_striker": "JP Duminy",
              "runs": {
                "batsman": 1,
                "extras": 0,
                "total": 1
              }
            }
          },
          {
            "16.6": {
              "batsman": "JP Duminy",
              "bowler": "R Ashwin",
              "non_striker": "CL White",
              "runs": {
                "batsman": 2,
                "extras": 0,
                "total": 2
              }
            }
          },
          {
            "17.1": {
              "batsman": "CL White",
              "bowler": "DE Bollinger",
              "non_striker": "JP Duminy",
              "runs": {
                "batsman": 1,
                "extras": 0,
                "total": 1
              }
            }
          },
          {
            "17.2": {
              "batsman": "JP Duminy",
              "bowler": "DE Bollinger",
              "non_striker": "CL White",
              "runs": {
                "batsman": 1,
                "extras": 0,
                "total": 1
              }
            }
          },
          {
            "17.3": {
              "batsman": "CL White",
              "bowler": "DE Bollinger",
              "non_striker": "JP Duminy",
              "runs": {
                "batsman": 0,
                "extras": 0,
                "total": 0
              }
            }
          },
          {
            "17.4": {
              "batsman": "CL White",
              "bowler": "DE Bollinger",
              "non_striker": "JP Duminy",
              "runs": {
                "batsman": 0,
                "extras": 0,
                "total": 0
              }
            }
          },
          {
            "17.5": {
              "batsman": "CL White",
              "bowler": "DE Bollinger",
              "non_striker": "JP Duminy",
              "runs": {
                "batsman": 1,
                "extras": 0,
                "total": 1
              }
            }
          },
          {
            "17.6": {
              "batsman": "JP Duminy",
              "bowler": "DE Bollinger",
              "non_striker": "CL White",
              "runs": {
                "batsman": 4,
                "extras": 0,
                "total": 4
              }
            }
          },
          {
            "18.1": {
              "batsman": "CL White",
              "bowler": "JA Morkel",
              "non_striker": "JP Duminy",
              "runs": {
                "batsman": 0,
                "extras": 0,
                "total": 0
              },
              "wicket": {
                "fielders": [
                  "F du Plessis (sub)"
                ],
                "kind": "caught",
                "player_out": "CL White"
              }
            }
          },
          {
            "18.2": {
              "batsman": "JP Duminy",
              "bowler": "JA Morkel",
              "non_striker": "DT Christian",
              "runs": {
                "batsman": 4,
                "extras": 0,
                "total": 4
              }
            }
          },
          {
            "18.3": {
              "batsman": "JP Duminy",
              "bowler": "JA Morkel",
              "non_striker": "DT Christian",
              "runs": {
                "batsman": 1,
                "extras": 0,
                "total": 1
              }
            }
          },
          {
            "18.4": {
              "batsman": "DT Christian",
              "bowler": "JA Morkel",
              "non_striker": "JP Duminy",
              "runs": {
                "batsman": 1,
                "extras": 0,
                "total": 1
              }
            }
          },
          {
            "18.5": {
              "batsman": "JP Duminy",
              "bowler": "JA Morkel",
              "non_striker": "DT Christian",
              "runs": {
                "batsman": 0,
                "extras": 0,
                "total": 0
              }
            }
          },
          {
            "18.6": {
              "batsman": "JP Duminy",
              "bowler": "JA Morkel",
              "non_striker": "DT Christian",
              "runs": {
                "batsman": 0,
                "extras": 0,
                "total": 0
              },
              "wicket": {
                "fielders": [
                  "MEK Hussey"
                ],
                "kind": "caught",
                "player_out": "JP Duminy"
              }
            }
          },
          {
            "19.1": {
              "batsman": "A Mishra",
              "bowler": "DE Bollinger",
              "non_striker": "DT Christian",
              "runs": {
                "batsman": 0,
                "extras": 0,
                "total": 0
              }
            }
          },
          {
            "19.2": {
              "batsman": "A Mishra",
              "bowler": "DE Bollinger",
              "non_striker": "DT Christian",
              "runs": {
                "batsman": 0,
                "extras": 0,
                "total": 0
              },
              "wicket": {
                "fielders": [
                  "MS Dhoni"
                ],
                "kind": "run out",
                "player_out": "DT Christian"
              }
            }
          },
          {
            "19.3": {
              "batsman": "I Sharma",
              "bowler": "DE Bollinger",
              "non_striker": "A Mishra",
              "runs": {
                "batsman": 1,
                "extras": 0,
                "total": 1
              }
            }
          },
          {
            "19.4": {
              "batsman": "A Mishra",
              "bowler": "DE Bollinger",
              "non_striker": "I Sharma",
              "runs": {
                "batsman": 0,
                "extras": 0,
                "total": 0
              }
            }
          },
          {
            "19.5": {
              "batsman": "A Mishra",
              "bowler": "DE Bollinger",
              "non_striker": "I Sharma",
              "runs": {
                "batsman": 2,
                "extras": 0,
                "total": 2
              }
            }
          },
          {
            "19.6": {
              "batsman": "A Mishra",
              "bowler": "DE Bollinger",
              "non_striker": "I Sharma",
              "runs": {
                "batsman": 0,
                "extras": 0,
                "total": 0
              },
              "wicket": {
                "kind": "caught and bowled",
                "player_out": "A Mishra"
              }
            }
          }
        ]
      }
    }
  ]
}